Scenario,Setpoint_g,TrialNo,Column,RegeneratedValue,CanonicalValue,AbsoluteDifference,Tolerance,Status,Notes
Fixed PID,15.0,1,Scenario,Fixed PID,Fixed PID,,EXACT,MATCH,Exact match
Fixed PID,15.0,1,Controller,Fixed PID,Fixed PID,,EXACT,MATCH,Exact match
Fixed PID,15.0,1,Setpoint_g,15.0,15.0,,EXACT,MATCH,Exact match
Fixed PID,15.0,1,TrialNo,1,1,,EXACT,MATCH,Exact match
Fixed PID,15.0,1,FileName,Fixed PID_SP15_trial01.txt,Fixed PID_SP15_trial01.txt,,EXACT,MATCH,Exact match
Fixed PID,15.0,1,FinalMass_g,14.89,14.89,0.0,0.005,MATCH,Within tolerance
Fixed PID,15.0,1,FinalError_g,-0.11,-0.11,0.0,0.005,MATCH,Within tolerance
Fixed PID,15.0,1,FinalError_pct,-0.73,-0.73,0.0,0.005,MATCH,Within tolerance
Fixed PID,15.0,1,AbsError_g,0.11,0.11,0.0,0.005,MATCH,Within tolerance
Fixed PID,15.0,1,AbsError_pct,0.73,0.73,0.0,0.005,MATCH,Within tolerance
Fixed PID,15.0,1,MaxOvershoot_g,0.0,0.0,0.0,0.005,MATCH,Within tolerance
Fixed PID,15.0,1,MaxOvershoot_pct,0.0,0.0,0.0,0.005,MATCH,Within tolerance
Fixed PID,15.0,1,Duration_s,33.18,33.18,0.0,0.001,MATCH,Within tolerance
Fixed PID,15.0,1,TimeTo90_s,23.713,23.713,0.0,0.001,MATCH,Within tolerance
Fixed PID,15.0,1,RiseTime_10_90_s,21.172,21.172,0.0,0.001,MATCH,Within tolerance
Fixed PID,15.0,1,SettlingTime_s,31.718,31.718,0.0,0.005,MATCH,Within tolerance
Fixed PID,15.0,1,BridgingCount,1,1,,EXACT,MATCH,Exact match
Fixed PID,15.0,1,Status,AKURAT,AKURAT,,EXACT,MATCH,Exact match
Fixed PID,15.0,1,Valid,True,True,,EXACT,MATCH,Exact match
Fixed PID,15.0,1,StopReason,TARGET,TARGET,,EXACT,MATCH,Exact match
Fixed PID,15.0,1,EarlyStop_g,0.4,0.4,0.0,0.001,MATCH,Within tolerance
Fixed PID,15.0,1,WithinTolerance,1,1,,EXACT,MATCH,Exact match
Fixed PID,15.0,2,Scenario,Fixed PID,Fixed PID,,EXACT,MATCH,Exact match
Fixed PID,15.0,2,Controller,Fixed PID,Fixed PID,,EXACT,MATCH,Exact match
Fixed PID,15.0,2,Setpoint_g,15.0,15.0,,EXACT,MATCH,Exact match
Fixed PID,15.0,2,TrialNo,2,2,,EXACT,MATCH,Exact match
Fixed PID,15.0,2,FileName,Fixed PID_SP15_trial02.txt,Fixed PID_SP15_trial02.txt,,EXACT,MATCH,Exact match
Fixed PID,15.0,2,FinalMass_g,14.54,14.54,0.0,0.005,MATCH,Within tolerance
Fixed PID,15.0,2,FinalError_g,-0.46,-0.46,0.0,0.005,MATCH,Within tolerance
Fixed PID,15.0,2,FinalError_pct,-3.07,-3.07,0.0,0.005,MATCH,Within tolerance
Fixed PID,15.0,2,AbsError_g,0.46,0.46,0.0,0.005,MATCH,Within tolerance
Fixed PID,15.0,2,AbsError_pct,3.07,3.07,0.0,0.005,MATCH,Within tolerance
Fixed PID,15.0,2,MaxOvershoot_g,0.0,0.0,0.0,0.005,MATCH,Within tolerance
Fixed PID,15.0,2,MaxOvershoot_pct,0.0,0.0,0.0,0.005,MATCH,Within tolerance
Fixed PID,15.0,2,Duration_s,15.88,15.88,0.0,0.001,MATCH,Within tolerance
Fixed PID,15.0,2,TimeTo90_s,13.902,13.902,0.0,0.001,MATCH,Within tolerance
Fixed PID,15.0,2,RiseTime_10_90_s,11.102,11.102,0.0,0.001,MATCH,Within tolerance
Fixed PID,15.0,2,SettlingTime_s,13.902,13.902,0.0,0.005,MATCH,Within tolerance
Fixed PID,15.0,2,BridgingCount,1,1,,EXACT,MATCH,Exact match
Fixed PID,15.0,2,Status,AKURAT,AKURAT,,EXACT,MATCH,Exact match
Fixed PID,15.0,2,Valid,True,True,,EXACT,MATCH,Exact match
Fixed PID,15.0,2,StopReason,TARGET,TARGET,,EXACT,MATCH,Exact match
Fixed PID,15.0,2,EarlyStop_g,0.4,0.4,0.0,0.001,MATCH,Within tolerance
Fixed PID,15.0,2,WithinTolerance,1,1,,EXACT,MATCH,Exact match
Fixed PID,15.0,3,Scenario,Fixed PID,Fixed PID,,EXACT,MATCH,Exact match
Fixed PID,15.0,3,Controller,Fixed PID,Fixed PID,,EXACT,MATCH,Exact match
Fixed PID,15.0,3,Setpoint_g,15.0,15.0,,EXACT,MATCH,Exact match
Fixed PID,15.0,3,TrialNo,3,3,,EXACT,MATCH,Exact match
Fixed PID,15.0,3,FileName,Fixed PID_SP15_trial03.txt,Fixed PID_SP15_trial03.txt,,EXACT,MATCH,Exact match
Fixed PID,15.0,3,FinalMass_g,14.75,14.75,0.0,0.005,MATCH,Within tolerance
Fixed PID,15.0,3,FinalError_g,-0.25,-0.25,0.0,0.005,MATCH,Within tolerance
Fixed PID,15.0,3,FinalError_pct,-1.7,-1.7,0.0,0.005,MATCH,Within tolerance
Fixed PID,15.0,3,AbsError_g,0.25,0.25,0.0,0.005,MATCH,Within tolerance
Fixed PID,15.0,3,AbsError_pct,1.7,1.7,0.0,0.005,MATCH,Within tolerance
Fixed PID,15.0,3,MaxOvershoot_g,0.0,0.0,0.0,0.005,MATCH,Within tolerance
Fixed PID,15.0,3,MaxOvershoot_pct,0.0,0.0,0.0,0.005,MATCH,Within tolerance
Fixed PID,15.0,3,Duration_s,26.98,26.98,0.0,0.001,MATCH,Within tolerance
Fixed PID,15.0,3,TimeTo90_s,25.261,25.261,0.0,0.001,MATCH,Within tolerance
Fixed PID,15.0,3,RiseTime_10_90_s,20.654,20.654,0.0,0.001,MATCH,Within tolerance
Fixed PID,15.0,3,SettlingTime_s,25.261,25.261,0.0,0.005,MATCH,Within tolerance
Fixed PID,15.0,3,BridgingCount,3,3,,EXACT,MATCH,Exact match
Fixed PID,15.0,3,Status,AKURAT,AKURAT,,EXACT,MATCH,Exact match
Fixed PID,15.0,3,Valid,True,True,,EXACT,MATCH,Exact match
Fixed PID,15.0,3,StopReason,TARGET,TARGET,,EXACT,MATCH,Exact match
Fixed PID,15.0,3,EarlyStop_g,0.4,0.4,0.0,0.001,MATCH,Within tolerance
Fixed PID,15.0,3,WithinTolerance,1,1,,EXACT,MATCH,Exact match
Fixed PID,15.0,4,Scenario,Fixed PID,Fixed PID,,EXACT,MATCH,Exact match
Fixed PID,15.0,4,Controller,Fixed PID,Fixed PID,,EXACT,MATCH,Exact match
Fixed PID,15.0,4,Setpoint_g,15.0,15.0,,EXACT,MATCH,Exact match
Fixed PID,15.0,4,TrialNo,4,4,,EXACT,MATCH,Exact match
Fixed PID,15.0,4,FileName,Fixed PID_SP15_trial04.txt,Fixed PID_SP15_trial04.txt,,EXACT,MATCH,Exact match
Fixed PID,15.0,4,FinalMass_g,14.84,14.84,0.0,0.005,MATCH,Within tolerance
Fixed PID,15.0,4,FinalError_g,-0.16,-0.16,0.0,0.005,MATCH,Within tolerance
Fixed PID,15.0,4,FinalError_pct,-1.06,-1.06,0.0,0.005,MATCH,Within tolerance
Fixed PID,15.0,4,AbsError_g,0.16,0.16,0.0,0.005,MATCH,Within tolerance
Fixed PID,15.0,4,AbsError_pct,1.06,1.06,0.0,0.005,MATCH,Within tolerance
Fixed PID,15.0,4,MaxOvershoot_g,0.0,0.0,0.0,0.005,MATCH,Within tolerance
Fixed PID,15.0,4,MaxOvershoot_pct,0.0,0.0,0.0,0.005,MATCH,Within tolerance
Fixed PID,15.0,4,Duration_s,18.72,18.72,0.0,0.001,MATCH,Within tolerance
Fixed PID,15.0,4,TimeTo90_s,14.933,14.933,0.0,0.001,MATCH,Within tolerance
Fixed PID,15.0,4,RiseTime_10_90_s,12.392,12.392,0.0,0.001,MATCH,Within tolerance
Fixed PID,15.0,4,SettlingTime_s,16.999,16.999,0.0,0.005,MATCH,Within tolerance
Fixed PID,15.0,4,BridgingCount,2,2,,EXACT,MATCH,Exact match
Fixed PID,15.0,4,Status,AKURAT,AKURAT,,EXACT,MATCH,Exact match
Fixed PID,15.0,4,Valid,True,True,,EXACT,MATCH,Exact match
Fixed PID,15.0,4,StopReason,TARGET,TARGET,,EXACT,MATCH,Exact match
Fixed PID,15.0,4,EarlyStop_g,0.4,0.4,0.0,0.001,MATCH,Within tolerance
Fixed PID,15.0,4,WithinTolerance,1,1,,EXACT,MATCH,Exact match
Fixed PID,15.0,5,Scenario,Fixed PID,Fixed PID,,EXACT,MATCH,Exact match
Fixed PID,15.0,5,Controller,Fixed PID,Fixed PID,,EXACT,MATCH,Exact match
Fixed PID,15.0,5,Setpoint_g,15.0,15.0,,EXACT,MATCH,Exact match
Fixed PID,15.0,5,TrialNo,5,5,,EXACT,MATCH,Exact match
Fixed PID,15.0,5,FileName,Fixed PID_SP15_trial05.txt,Fixed PID_SP15_trial05.txt,,EXACT,MATCH,Exact match
Fixed PID,15.0,5,FinalMass_g,14.44,14.44,0.0,0.005,MATCH,Within tolerance
Fixed PID,15.0,5,FinalError_g,-0.56,-0.56,0.0,0.005,MATCH,Within tolerance
Fixed PID,15.0,5,FinalError_pct,-3.73,-3.73,0.0,0.005,MATCH,Within tolerance
Fixed PID,15.0,5,AbsError_g,0.56,0.56,0.0,0.005,MATCH,Within tolerance
Fixed PID,15.0,5,AbsError_pct,3.73,3.73,0.0,0.005,MATCH,Within tolerance
Fixed PID,15.0,5,MaxOvershoot_g,0.0,0.0,0.0,0.005,MATCH,Within tolerance
Fixed PID,15.0,5,MaxOvershoot_pct,0.0,0.0,0.0,0.005,MATCH,Within tolerance
Fixed PID,15.0,5,Duration_s,15.11,15.11,0.0,0.001,MATCH,Within tolerance
Fixed PID,15.0,5,TimeTo90_s,12.869,12.869,0.0,0.001,MATCH,Within tolerance
Fixed PID,15.0,5,RiseTime_10_90_s,10.328,10.328,0.0,0.001,MATCH,Within tolerance
Fixed PID,15.0,5,SettlingTime_s,13.127,13.127,0.0,0.005,MATCH,Within tolerance
Fixed PID,15.0,5,BridgingCount,0,0,,EXACT,MATCH,Exact match
Fixed PID,15.0,5,Status,AKURAT,AKURAT,,EXACT,MATCH,Exact match
Fixed PID,15.0,5,Valid,True,True,,EXACT,MATCH,Exact match
Fixed PID,15.0,5,StopReason,TARGET,TARGET,,EXACT,MATCH,Exact match
Fixed PID,15.0,5,EarlyStop_g,0.4,0.4,0.0,0.001,MATCH,Within tolerance
Fixed PID,15.0,5,WithinTolerance,1,1,,EXACT,MATCH,Exact match
Fixed PID,15.0,6,Scenario,Fixed PID,Fixed PID,,EXACT,MATCH,Exact match
Fixed PID,15.0,6,Controller,Fixed PID,Fixed PID,,EXACT,MATCH,Exact match
Fixed PID,15.0,6,Setpoint_g,15.0,15.0,,EXACT,MATCH,Exact match
Fixed PID,15.0,6,TrialNo,6,6,,EXACT,MATCH,Exact match
Fixed PID,15.0,6,FileName,Fixed PID_SP15_trial06.txt,Fixed PID_SP15_trial06.txt,,EXACT,MATCH,Exact match
Fixed PID,15.0,6,FinalMass_g,16.82,16.82,0.0,0.005,MATCH,Within tolerance
Fixed PID,15.0,6,FinalError_g,1.82,1.82,0.0,0.005,MATCH,Within tolerance
Fixed PID,15.0,6,FinalError_pct,12.1,12.1,0.0,0.005,MATCH,Within tolerance
Fixed PID,15.0,6,AbsError_g,1.82,1.82,0.0,0.005,MATCH,Within tolerance
Fixed PID,15.0,6,AbsError_pct,12.1,12.1,0.0,0.005,MATCH,Within tolerance
Fixed PID,15.0,6,MaxOvershoot_g,1.93,1.93,0.0,0.005,MATCH,Within tolerance
Fixed PID,15.0,6,MaxOvershoot_pct,12.88,12.88,0.0,0.005,MATCH,Within tolerance
Fixed PID,15.0,6,Duration_s,15.88,15.88,0.0,0.001,MATCH,Within tolerance
Fixed PID,15.0,6,TimeTo90_s,14.159,14.159,0.0,0.001,MATCH,Within tolerance
Fixed PID,15.0,6,RiseTime_10_90_s,11.617,11.617,0.0,0.001,MATCH,Within tolerance
Fixed PID,15.0,6,SettlingTime_s,,,0.0,0.005,MATCH,Both NaN
Fixed PID,15.0,6,BridgingCount,1,1,,EXACT,MATCH,Exact match
Fixed PID,15.0,6,Status,OVERSHOOT,OVERSHOOT,,EXACT,MATCH,Exact match
Fixed PID,15.0,6,Valid,True,True,,EXACT,MATCH,Exact match
Fixed PID,15.0,6,StopReason,TARGET,TARGET,,EXACT,MATCH,Exact match
Fixed PID,15.0,6,EarlyStop_g,0.4,0.4,0.0,0.001,MATCH,Within tolerance
Fixed PID,15.0,6,WithinTolerance,0,0,,EXACT,MATCH,Exact match
Fixed PID,15.0,7,Scenario,Fixed PID,Fixed PID,,EXACT,MATCH,Exact match
Fixed PID,15.0,7,Controller,Fixed PID,Fixed PID,,EXACT,MATCH,Exact match
Fixed PID,15.0,7,Setpoint_g,15.0,15.0,,EXACT,MATCH,Exact match
Fixed PID,15.0,7,TrialNo,7,7,,EXACT,MATCH,Exact match
Fixed PID,15.0,7,FileName,Fixed PID_SP15_trial07.txt,Fixed PID_SP15_trial07.txt,,EXACT,MATCH,Exact match
Fixed PID,15.0,7,FinalMass_g,15.34,15.34,0.0,0.005,MATCH,Within tolerance
Fixed PID,15.0,7,FinalError_g,0.34,0.34,0.0,0.005,MATCH,Within tolerance
Fixed PID,15.0,7,FinalError_pct,2.27,2.27,0.0,0.005,MATCH,Within tolerance
Fixed PID,15.0,7,AbsError_g,0.34,0.34,0.0,0.005,MATCH,Within tolerance
Fixed PID,15.0,7,AbsError_pct,2.27,2.27,0.0,0.005,MATCH,Within tolerance
Fixed PID,15.0,7,MaxOvershoot_g,0.45,0.45,0.0,0.005,MATCH,Within tolerance
Fixed PID,15.0,7,MaxOvershoot_pct,3.03,3.03,0.0,0.005,MATCH,Within tolerance
Fixed PID,15.0,7,Duration_s,27.24,27.24,0.0,0.001,MATCH,Within tolerance
Fixed PID,15.0,7,TimeTo90_s,23.456,23.456,0.0,0.001,MATCH,Within tolerance
Fixed PID,15.0,7,RiseTime_10_90_s,20.914,20.914,0.0,0.001,MATCH,Within tolerance
Fixed PID,15.0,7,SettlingTime_s,25.522,25.522,0.0,0.005,MATCH,Within tolerance
Fixed PID,15.0,7,BridgingCount,0,0,,EXACT,MATCH,Exact match
Fixed PID,15.0,7,Status,AKURAT,AKURAT,,EXACT,MATCH,Exact match
Fixed PID,15.0,7,Valid,True,True,,EXACT,MATCH,Exact match
Fixed PID,15.0,7,StopReason,TARGET,TARGET,,EXACT,MATCH,Exact match
Fixed PID,15.0,7,EarlyStop_g,0.4,0.4,0.0,0.001,MATCH,Within tolerance
Fixed PID,15.0,7,WithinTolerance,1,1,,EXACT,MATCH,Exact match
Fixed PID,15.0,8,Scenario,Fixed PID,Fixed PID,,EXACT,MATCH,Exact match
Fixed PID,15.0,8,Controller,Fixed PID,Fixed PID,,EXACT,MATCH,Exact match
Fixed PID,15.0,8,Setpoint_g,15.0,15.0,,EXACT,MATCH,Exact match
Fixed PID,15.0,8,TrialNo,8,8,,EXACT,MATCH,Exact match
Fixed PID,15.0,8,FileName,Fixed PID_SP15_trial08.txt,Fixed PID_SP15_trial08.txt,,EXACT,MATCH,Exact match
Fixed PID,15.0,8,FinalMass_g,14.95,14.95,0.0,0.005,MATCH,Within tolerance
Fixed PID,15.0,8,FinalError_g,-0.05,-0.05,0.0,0.005,MATCH,Within tolerance
Fixed PID,15.0,8,FinalError_pct,-0.36,-0.36,0.0,0.005,MATCH,Within tolerance
Fixed PID,15.0,8,AbsError_g,0.05,0.05,0.0,0.005,MATCH,Within tolerance
Fixed PID,15.0,8,AbsError_pct,0.36,0.36,0.0,0.005,MATCH,Within tolerance
Fixed PID,15.0,8,MaxOvershoot_g,0.0,0.0,0.0,0.005,MATCH,Within tolerance
Fixed PID,15.0,8,MaxOvershoot_pct,0.0,0.0,0.0,0.005,MATCH,Within tolerance
Fixed PID,15.0,8,Duration_s,24.66,24.66,0.0,0.001,MATCH,Within tolerance
Fixed PID,15.0,8,TimeTo90_s,13.644,13.644,0.0,0.001,MATCH,Within tolerance
Fixed PID,15.0,8,RiseTime_10_90_s,11.102,11.102,0.0,0.001,MATCH,Within tolerance
Fixed PID,15.0,8,SettlingTime_s,23.198,23.198,0.0,0.005,MATCH,Within tolerance
Fixed PID,15.0,8,BridgingCount,1,1,,EXACT,MATCH,Exact match
Fixed PID,15.0,8,Status,AKURAT,AKURAT,,EXACT,MATCH,Exact match
Fixed PID,15.0,8,Valid,True,True,,EXACT,MATCH,Exact match
Fixed PID,15.0,8,StopReason,TARGET,TARGET,,EXACT,MATCH,Exact match
Fixed PID,15.0,8,EarlyStop_g,0.4,0.4,0.0,0.001,MATCH,Within tolerance
Fixed PID,15.0,8,WithinTolerance,1,1,,EXACT,MATCH,Exact match
Fixed PID,15.0,9,Scenario,Fixed PID,Fixed PID,,EXACT,MATCH,Exact match
Fixed PID,15.0,9,Controller,Fixed PID,Fixed PID,,EXACT,MATCH,Exact match
Fixed PID,15.0,9,Setpoint_g,15.0,15.0,,EXACT,MATCH,Exact match
Fixed PID,15.0,9,TrialNo,9,9,,EXACT,MATCH,Exact match
Fixed PID,15.0,9,FileName,Fixed PID_SP15_trial09.txt,Fixed PID_SP15_trial09.txt,,EXACT,MATCH,Exact match
Fixed PID,15.0,9,FinalMass_g,16.04,16.04,0.0,0.005,MATCH,Within tolerance
Fixed PID,15.0,9,FinalError_g,1.04,1.04,0.0,0.005,MATCH,Within tolerance
Fixed PID,15.0,9,FinalError_pct,6.96,6.96,0.0,0.005,MATCH,Within tolerance
Fixed PID,15.0,9,AbsError_g,1.04,1.04,0.0,0.005,MATCH,Within tolerance
Fixed PID,15.0,9,AbsError_pct,6.96,6.96,0.0,0.005,MATCH,Within tolerance
Fixed PID,15.0,9,MaxOvershoot_g,1.04,1.04,0.0,0.005,MATCH,Within tolerance
Fixed PID,15.0,9,MaxOvershoot_pct,6.96,6.96,0.0,0.005,MATCH,Within tolerance
Fixed PID,15.0,9,Duration_s,16.66,16.66,0.0,0.001,MATCH,Within tolerance
Fixed PID,15.0,9,TimeTo90_s,11.062,11.062,0.0,0.001,MATCH,Within tolerance
Fixed PID,15.0,9,RiseTime_10_90_s,8.52,8.52,0.0,0.001,MATCH,Within tolerance
Fixed PID,15.0,9,SettlingTime_s,,,0.0,0.005,MATCH,Both NaN
Fixed PID,15.0,9,BridgingCount,0,0,,EXACT,MATCH,Exact match
Fixed PID,15.0,9,Status,OVERSHOOT,OVERSHOOT,,EXACT,MATCH,Exact match
Fixed PID,15.0,9,Valid,True,True,,EXACT,MATCH,Exact match
Fixed PID,15.0,9,StopReason,TARGET,TARGET,,EXACT,MATCH,Exact match
Fixed PID,15.0,9,EarlyStop_g,0.4,0.4,0.0,0.001,MATCH,Within tolerance
Fixed PID,15.0,9,WithinTolerance,0,0,,EXACT,MATCH,Exact match
Fixed PID,15.0,10,Scenario,Fixed PID,Fixed PID,,EXACT,MATCH,Exact match
Fixed PID,15.0,10,Controller,Fixed PID,Fixed PID,,EXACT,MATCH,Exact match
Fixed PID,15.0,10,Setpoint_g,15.0,15.0,,EXACT,MATCH,Exact match
Fixed PID,15.0,10,TrialNo,10,10,,EXACT,MATCH,Exact match
Fixed PID,15.0,10,FileName,Fixed PID_SP15_trial10.txt,Fixed PID_SP15_trial10.txt,,EXACT,MATCH,Exact match
Fixed PID,15.0,10,FinalMass_g,19.28,19.28,0.0,0.005,MATCH,Within tolerance
Fixed PID,15.0,10,FinalError_g,4.28,4.28,0.0,0.005,MATCH,Within tolerance
Fixed PID,15.0,10,FinalError_pct,28.51,28.51,0.0,0.005,MATCH,Within tolerance
Fixed PID,15.0,10,AbsError_g,4.28,4.28,0.0,0.005,MATCH,Within tolerance
Fixed PID,15.0,10,AbsError_pct,28.51,28.51,0.0,0.005,MATCH,Within tolerance
Fixed PID,15.0,10,MaxOvershoot_g,4.28,4.28,0.0,0.005,MATCH,Within tolerance
Fixed PID,15.0,10,MaxOvershoot_pct,28.51,28.51,0.0,0.005,MATCH,Within tolerance
Fixed PID,15.0,10,Duration_s,15.11,15.11,0.0,0.001,MATCH,Within tolerance
Fixed PID,15.0,10,TimeTo90_s,13.644,13.644,0.0,0.001,MATCH,Within tolerance
Fixed PID,15.0,10,RiseTime_10_90_s,11.102,11.102,0.0,0.001,MATCH,Within tolerance
Fixed PID,15.0,10,SettlingTime_s,,,0.0,0.005,MATCH,Both NaN
Fixed PID,15.0,10,BridgingCount,1,1,,EXACT,MATCH,Exact match
Fixed PID,15.0,10,Status,OVERSHOOT,OVERSHOOT,,EXACT,MATCH,Exact match
Fixed PID,15.0,10,Valid,True,True,,EXACT,MATCH,Exact match
Fixed PID,15.0,10,StopReason,TARGET,TARGET,,EXACT,MATCH,Exact match
Fixed PID,15.0,10,EarlyStop_g,0.4,0.4,0.0,0.001,MATCH,Within tolerance
Fixed PID,15.0,10,WithinTolerance,0,0,,EXACT,MATCH,Exact match
Fixed PID,20.0,1,Scenario,Fixed PID,Fixed PID,,EXACT,MATCH,Exact match
Fixed PID,20.0,1,Controller,Fixed PID,Fixed PID,,EXACT,MATCH,Exact match
Fixed PID,20.0,1,Setpoint_g,20.0,20.0,,EXACT,MATCH,Exact match
Fixed PID,20.0,1,TrialNo,1,1,,EXACT,MATCH,Exact match
Fixed PID,20.0,1,FileName,Fixed PID_SP20_trial01.txt,Fixed PID_SP20_trial01.txt,,EXACT,MATCH,Exact match
Fixed PID,20.0,1,FinalMass_g,20.72,20.72,0.0,0.005,MATCH,Within tolerance
Fixed PID,20.0,1,FinalError_g,0.72,0.72,0.0,0.005,MATCH,Within tolerance
Fixed PID,20.0,1,FinalError_pct,3.58,3.58,0.0,0.005,MATCH,Within tolerance
Fixed PID,20.0,1,AbsError_g,0.72,0.72,0.0,0.005,MATCH,Within tolerance
Fixed PID,20.0,1,AbsError_pct,3.58,3.58,0.0,0.005,MATCH,Within tolerance
Fixed PID,20.0,1,MaxOvershoot_g,0.72,0.72,0.0,0.005,MATCH,Within tolerance
Fixed PID,20.0,1,MaxOvershoot_pct,3.58,3.58,0.0,0.005,MATCH,Within tolerance
Fixed PID,20.0,1,Duration_s,24.66,24.66,0.0,0.001,MATCH,Within tolerance
Fixed PID,20.0,1,TimeTo90_s,19.068,19.068,0.0,0.001,MATCH,Within tolerance
Fixed PID,20.0,1,RiseTime_10_90_s,16.526,16.526,0.0,0.001,MATCH,Within tolerance
Fixed PID,20.0,1,SettlingTime_s,21.65,21.65,0.0,0.005,MATCH,Within tolerance
Fixed PID,20.0,1,BridgingCount,0,0,,EXACT,MATCH,Exact match
Fixed PID,20.0,1,Status,AKURAT,AKURAT,,EXACT,MATCH,Exact match
Fixed PID,20.0,1,Valid,True,True,,EXACT,MATCH,Exact match
Fixed PID,20.0,1,StopReason,TARGET,TARGET,,EXACT,MATCH,Exact match
Fixed PID,20.0,1,EarlyStop_g,0.4,0.4,0.0,0.001,MATCH,Within tolerance
Fixed PID,20.0,1,WithinTolerance,1,1,,EXACT,MATCH,Exact match
Fixed PID,20.0,2,Scenario,Fixed PID,Fixed PID,,EXACT,MATCH,Exact match
Fixed PID,20.0,2,Controller,Fixed PID,Fixed PID,,EXACT,MATCH,Exact match
Fixed PID,20.0,2,Setpoint_g,20.0,20.0,,EXACT,MATCH,Exact match
Fixed PID,20.0,2,TrialNo,2,2,,EXACT,MATCH,Exact match
Fixed PID,20.0,2,FileName,Fixed PID_SP20_trial02.txt,Fixed PID_SP20_trial02.txt,,EXACT,MATCH,Exact match
Fixed PID,20.0,2,FinalMass_g,19.82,19.82,0.0,0.005,MATCH,Within tolerance
Fixed PID,20.0,2,FinalError_g,-0.18,-0.18,0.0,0.005,MATCH,Within tolerance
Fixed PID,20.0,2,FinalError_pct,-0.89,-0.89,0.0,0.005,MATCH,Within tolerance
Fixed PID,20.0,2,AbsError_g,0.18,0.18,0.0,0.005,MATCH,Within tolerance
Fixed PID,20.0,2,AbsError_pct,0.89,0.89,0.0,0.005,MATCH,Within tolerance
Fixed PID,20.0,2,MaxOvershoot_g,0.0,0.0,0.0,0.005,MATCH,Within tolerance
Fixed PID,20.0,2,MaxOvershoot_pct,0.0,0.0,0.0,0.005,MATCH,Within tolerance
Fixed PID,20.0,2,Duration_s,56.15,56.15,0.0,0.001,MATCH,Within tolerance
Fixed PID,20.0,2,TimeTo90_s,52.367,52.367,0.0,0.001,MATCH,Within tolerance
Fixed PID,20.0,2,RiseTime_10_90_s,49.826,49.826,0.0,0.001,MATCH,Within tolerance
Fixed PID,20.0,2,SettlingTime_s,54.433,54.433,0.0,0.005,MATCH,Within tolerance
Fixed PID,20.0,2,BridgingCount,5,5,,EXACT,MATCH,Exact match
Fixed PID,20.0,2,Status,AKURAT,AKURAT,,EXACT,MATCH,Exact match
Fixed PID,20.0,2,Valid,True,True,,EXACT,MATCH,Exact match
Fixed PID,20.0,2,StopReason,TARGET,TARGET,,EXACT,MATCH,Exact match
Fixed PID,20.0,2,EarlyStop_g,0.4,0.4,0.0,0.001,MATCH,Within tolerance
Fixed PID,20.0,2,WithinTolerance,1,1,,EXACT,MATCH,Exact match
Fixed PID,20.0,3,Scenario,Fixed PID,Fixed PID,,EXACT,MATCH,Exact match
Fixed PID,20.0,3,Controller,Fixed PID,Fixed PID,,EXACT,MATCH,Exact match
Fixed PID,20.0,3,Setpoint_g,20.0,20.0,,EXACT,MATCH,Exact match
Fixed PID,20.0,3,TrialNo,3,3,,EXACT,MATCH,Exact match
Fixed PID,20.0,3,FileName,Fixed PID_SP20_trial03.txt,Fixed PID_SP20_trial03.txt,,EXACT,MATCH,Exact match
Fixed PID,20.0,3,FinalMass_g,21.87,21.87,0.0,0.005,MATCH,Within tolerance
Fixed PID,20.0,3,FinalError_g,1.87,1.87,0.0,0.005,MATCH,Within tolerance
Fixed PID,20.0,3,FinalError_pct,9.37,9.37,0.0,0.005,MATCH,Within tolerance
Fixed PID,20.0,3,AbsError_g,1.87,1.87,0.0,0.005,MATCH,Within tolerance
Fixed PID,20.0,3,AbsError_pct,9.37,9.37,0.0,0.005,MATCH,Within tolerance
Fixed PID,20.0,3,MaxOvershoot_g,1.87,1.87,0.0,0.005,MATCH,Within tolerance
Fixed PID,20.0,3,MaxOvershoot_pct,9.37,9.37,0.0,0.005,MATCH,Within tolerance
Fixed PID,20.0,3,Duration_s,20.53,20.53,0.0,0.001,MATCH,Within tolerance
Fixed PID,20.0,3,TimeTo90_s,16.999,16.999,0.0,0.001,MATCH,Within tolerance
Fixed PID,20.0,3,RiseTime_10_90_s,14.457,14.457,0.0,0.001,MATCH,Within tolerance
Fixed PID,20.0,3,SettlingTime_s,,,0.0,0.005,MATCH,Both NaN
Fixed PID,20.0,3,BridgingCount,0,0,,EXACT,MATCH,Exact match
Fixed PID,20.0,3,Status,OVERSHOOT,OVERSHOOT,,EXACT,MATCH,Exact match
Fixed PID,20.0,3,Valid,True,True,,EXACT,MATCH,Exact match
Fixed PID,20.0,3,StopReason,TARGET,TARGET,,EXACT,MATCH,Exact match
Fixed PID,20.0,3,EarlyStop_g,0.4,0.4,0.0,0.001,MATCH,Within tolerance
Fixed PID,20.0,3,WithinTolerance,0,0,,EXACT,MATCH,Exact match
Fixed PID,20.0,4,Scenario,Fixed PID,Fixed PID,,EXACT,MATCH,Exact match
Fixed PID,20.0,4,Controller,Fixed PID,Fixed PID,,EXACT,MATCH,Exact match
Fixed PID,20.0,4,Setpoint_g,20.0,20.0,,EXACT,MATCH,Exact match
Fixed PID,20.0,4,TrialNo,4,4,,EXACT,MATCH,Exact match
Fixed PID,20.0,4,FileName,Fixed PID_SP20_trial04.txt,Fixed PID_SP20_trial04.txt,,EXACT,MATCH,Exact match
Fixed PID,20.0,4,FinalMass_g,20.23,20.23,0.0,0.005,MATCH,Within tolerance
Fixed PID,20.0,4,FinalError_g,0.23,0.23,0.0,0.005,MATCH,Within tolerance
Fixed PID,20.0,4,FinalError_pct,1.14,1.14,0.0,0.005,MATCH,Within tolerance
Fixed PID,20.0,4,AbsError_g,0.23,0.23,0.0,0.005,MATCH,Within tolerance
Fixed PID,20.0,4,AbsError_pct,1.14,1.14,0.0,0.005,MATCH,Within tolerance
Fixed PID,20.0,4,MaxOvershoot_g,0.23,0.23,0.0,0.005,MATCH,Within tolerance
Fixed PID,20.0,4,MaxOvershoot_pct,1.14,1.14,0.0,0.005,MATCH,Within tolerance
Fixed PID,20.0,4,Duration_s,31.12,31.12,0.0,0.001,MATCH,Within tolerance
Fixed PID,20.0,4,TimeTo90_s,26.04,26.04,0.0,0.001,MATCH,Within tolerance
Fixed PID,20.0,4,RiseTime_10_90_s,23.24,23.24,0.0,0.001,MATCH,Within tolerance
Fixed PID,20.0,4,SettlingTime_s,29.655,29.655,0.0,0.005,MATCH,Within tolerance
Fixed PID,20.0,4,BridgingCount,1,1,,EXACT,MATCH,Exact match
Fixed PID,20.0,4,Status,AKURAT,AKURAT,,EXACT,MATCH,Exact match
Fixed PID,20.0,4,Valid,True,True,,EXACT,MATCH,Exact match
Fixed PID,20.0,4,StopReason,TARGET,TARGET,,EXACT,MATCH,Exact match
Fixed PID,20.0,4,EarlyStop_g,0.4,0.4,0.0,0.001,MATCH,Within tolerance
Fixed PID,20.0,4,WithinTolerance,1,1,,EXACT,MATCH,Exact match
Fixed PID,20.0,5,Scenario,Fixed PID,Fixed PID,,EXACT,MATCH,Exact match
Fixed PID,20.0,5,Controller,Fixed PID,Fixed PID,,EXACT,MATCH,Exact match
Fixed PID,20.0,5,Setpoint_g,20.0,20.0,,EXACT,MATCH,Exact match
Fixed PID,20.0,5,TrialNo,5,5,,EXACT,MATCH,Exact match
Fixed PID,20.0,5,FileName,Fixed PID_SP20_trial05.txt,Fixed PID_SP20_trial05.txt,,EXACT,MATCH,Exact match
Fixed PID,20.0,5,FinalMass_g,29.05,29.05,0.0,0.005,MATCH,Within tolerance
Fixed PID,20.0,5,FinalError_g,9.05,9.05,0.0,0.005,MATCH,Within tolerance
Fixed PID,20.0,5,FinalError_pct,45.26,45.26,0.0,0.005,MATCH,Within tolerance
Fixed PID,20.0,5,AbsError_g,9.05,9.05,0.0,0.005,MATCH,Within tolerance
Fixed PID,20.0,5,AbsError_pct,45.26,45.26,0.0,0.005,MATCH,Within tolerance
Fixed PID,20.0,5,MaxOvershoot_g,9.05,9.05,0.0,0.005,MATCH,Within tolerance
Fixed PID,20.0,5,MaxOvershoot_pct,45.26,45.26,0.0,0.005,MATCH,Within tolerance
Fixed PID,20.0,5,Duration_s,27.5,27.5,0.0,0.001,MATCH,Within tolerance
Fixed PID,20.0,5,TimeTo90_s,26.039,26.039,0.0,0.001,MATCH,Within tolerance
Fixed PID,20.0,5,RiseTime_10_90_s,23.239,23.239,0.0,0.001,MATCH,Within tolerance
Fixed PID,20.0,5,SettlingTime_s,,,0.0,0.005,MATCH,Both NaN
Fixed PID,20.0,5,BridgingCount,2,2,,EXACT,MATCH,Exact match
Fixed PID,20.0,5,Status,OVERSHOOT,OVERSHOOT,,EXACT,MATCH,Exact match
Fixed PID,20.0,5,Valid,True,True,,EXACT,MATCH,Exact match
Fixed PID,20.0,5,StopReason,TARGET,TARGET,,EXACT,MATCH,Exact match
Fixed PID,20.0,5,EarlyStop_g,0.4,0.4,0.0,0.001,MATCH,Within tolerance
Fixed PID,20.0,5,WithinTolerance,0,0,,EXACT,MATCH,Exact match
Fixed PID,20.0,6,Scenario,Fixed PID,Fixed PID,,EXACT,MATCH,Exact match
Fixed PID,20.0,6,Controller,Fixed PID,Fixed PID,,EXACT,MATCH,Exact match
Fixed PID,20.0,6,Setpoint_g,20.0,20.0,,EXACT,MATCH,Exact match
Fixed PID,20.0,6,TrialNo,6,6,,EXACT,MATCH,Exact match
Fixed PID,20.0,6,FileName,Fixed PID_SP20_trial06.txt,Fixed PID_SP20_trial06.txt,,EXACT,MATCH,Exact match
Fixed PID,20.0,6,FinalMass_g,19.47,19.47,0.0,0.005,MATCH,Within tolerance
Fixed PID,20.0,6,FinalError_g,-0.53,-0.53,0.0,0.005,MATCH,Within tolerance
Fixed PID,20.0,6,FinalError_pct,-2.67,-2.67,0.0,0.005,MATCH,Within tolerance
Fixed PID,20.0,6,AbsError_g,0.53,0.53,0.0,0.005,MATCH,Within tolerance
Fixed PID,20.0,6,AbsError_pct,2.67,2.67,0.0,0.005,MATCH,Within tolerance
Fixed PID,20.0,6,MaxOvershoot_g,0.0,0.0,0.0,0.005,MATCH,Within tolerance
Fixed PID,20.0,6,MaxOvershoot_pct,0.0,0.0,0.0,0.005,MATCH,Within tolerance
Fixed PID,20.0,6,Duration_s,33.7,33.7,0.0,0.001,MATCH,Within tolerance
Fixed PID,20.0,6,TimeTo90_s,25.265,25.265,0.0,0.001,MATCH,Within tolerance
Fixed PID,20.0,6,RiseTime_10_90_s,24.53,24.53,0.0,0.001,MATCH,Within tolerance
Fixed PID,20.0,6,SettlingTime_s,27.331,27.331,0.0,0.005,MATCH,Within tolerance
Fixed PID,20.0,6,BridgingCount,1,1,,EXACT,MATCH,Exact match
Fixed PID,20.0,6,Status,AKURAT,AKURAT,,EXACT,MATCH,Exact match
Fixed PID,20.0,6,Valid,True,True,,EXACT,MATCH,Exact match
Fixed PID,20.0,6,StopReason,TARGET,TARGET,,EXACT,MATCH,Exact match
Fixed PID,20.0,6,EarlyStop_g,0.4,0.4,0.0,0.001,MATCH,Within tolerance
Fixed PID,20.0,6,WithinTolerance,1,1,,EXACT,MATCH,Exact match
Fixed PID,20.0,7,Scenario,Fixed PID,Fixed PID,,EXACT,MATCH,Exact match
Fixed PID,20.0,7,Controller,Fixed PID,Fixed PID,,EXACT,MATCH,Exact match
Fixed PID,20.0,7,Setpoint_g,20.0,20.0,,EXACT,MATCH,Exact match
Fixed PID,20.0,7,TrialNo,7,7,,EXACT,MATCH,Exact match
Fixed PID,20.0,7,FileName,Fixed PID_SP20_trial07.txt,Fixed PID_SP20_trial07.txt,,EXACT,MATCH,Exact match
Fixed PID,20.0,7,FinalMass_g,20.85,20.85,0.0,0.005,MATCH,Within tolerance
Fixed PID,20.0,7,FinalError_g,0.85,0.85,0.0,0.005,MATCH,Within tolerance
Fixed PID,20.0,7,FinalError_pct,4.25,4.25,0.0,0.005,MATCH,Within tolerance
Fixed PID,20.0,7,AbsError_g,0.85,0.85,0.0,0.005,MATCH,Within tolerance
Fixed PID,20.0,7,AbsError_pct,4.25,4.25,0.0,0.005,MATCH,Within tolerance
Fixed PID,20.0,7,MaxOvershoot_g,0.85,0.85,0.0,0.005,MATCH,Within tolerance
Fixed PID,20.0,7,MaxOvershoot_pct,4.25,4.25,0.0,0.005,MATCH,Within tolerance
Fixed PID,20.0,7,Duration_s,16.4,16.4,0.0,0.001,MATCH,Within tolerance
Fixed PID,20.0,7,TimeTo90_s,13.129,13.129,0.0,0.001,MATCH,Within tolerance
Fixed PID,20.0,7,RiseTime_10_90_s,10.587,10.587,0.0,0.001,MATCH,Within tolerance
Fixed PID,20.0,7,SettlingTime_s,14.936,14.936,0.0,0.005,MATCH,Within tolerance
Fixed PID,20.0,7,BridgingCount,0,0,,EXACT,MATCH,Exact match
Fixed PID,20.0,7,Status,AKURAT,AKURAT,,EXACT,MATCH,Exact match
Fixed PID,20.0,7,Valid,True,True,,EXACT,MATCH,Exact match
Fixed PID,20.0,7,StopReason,TARGET,TARGET,,EXACT,MATCH,Exact match
Fixed PID,20.0,7,EarlyStop_g,0.4,0.4,0.0,0.001,MATCH,Within tolerance
Fixed PID,20.0,7,WithinTolerance,1,1,,EXACT,MATCH,Exact match
Fixed PID,20.0,8,Scenario,Fixed PID,Fixed PID,,EXACT,MATCH,Exact match
Fixed PID,20.0,8,Controller,Fixed PID,Fixed PID,,EXACT,MATCH,Exact match
Fixed PID,20.0,8,Setpoint_g,20.0,20.0,,EXACT,MATCH,Exact match
Fixed PID,20.0,8,TrialNo,8,8,,EXACT,MATCH,Exact match
Fixed PID,20.0,8,FileName,Fixed PID_SP20_trial08.txt,Fixed PID_SP20_trial08.txt,,EXACT,MATCH,Exact match
Fixed PID,20.0,8,FinalMass_g,19.58,19.58,0.0,0.005,MATCH,Within tolerance
Fixed PID,20.0,8,FinalError_g,-0.42,-0.42,0.0,0.005,MATCH,Within tolerance
Fixed PID,20.0,8,FinalError_pct,-2.08,-2.08,0.0,0.005,MATCH,Within tolerance
Fixed PID,20.0,8,AbsError_g,0.42,0.42,0.0,0.005,MATCH,Within tolerance
Fixed PID,20.0,8,AbsError_pct,2.08,2.08,0.0,0.005,MATCH,Within tolerance
Fixed PID,20.0,8,MaxOvershoot_g,0.0,0.0,0.0,0.005,MATCH,Within tolerance
Fixed PID,20.0,8,MaxOvershoot_pct,0.0,0.0,0.0,0.005,MATCH,Within tolerance
Fixed PID,20.0,8,Duration_s,33.96,33.96,0.0,0.001,MATCH,Within tolerance
Fixed PID,20.0,8,TimeTo90_s,32.494,32.494,0.0,0.001,MATCH,Within tolerance
Fixed PID,20.0,8,RiseTime_10_90_s,31.76,31.76,0.0,0.001,MATCH,Within tolerance
Fixed PID,20.0,8,SettlingTime_s,32.494,32.494,0.0,0.005,MATCH,Within tolerance
Fixed PID,20.0,8,BridgingCount,4,4,,EXACT,MATCH,Exact match
Fixed PID,20.0,8,Status,AKURAT,AKURAT,,EXACT,MATCH,Exact match
Fixed PID,20.0,8,Valid,True,True,,EXACT,MATCH,Exact match
Fixed PID,20.0,8,StopReason,TARGET,TARGET,,EXACT,MATCH,Exact match
Fixed PID,20.0,8,EarlyStop_g,0.4,0.4,0.0,0.001,MATCH,Within tolerance
Fixed PID,20.0,8,WithinTolerance,1,1,,EXACT,MATCH,Exact match
Fixed PID,20.0,9,Scenario,Fixed PID,Fixed PID,,EXACT,MATCH,Exact match
Fixed PID,20.0,9,Controller,Fixed PID,Fixed PID,,EXACT,MATCH,Exact match
Fixed PID,20.0,9,Setpoint_g,20.0,20.0,,EXACT,MATCH,Exact match
Fixed PID,20.0,9,TrialNo,9,9,,EXACT,MATCH,Exact match
Fixed PID,20.0,9,FileName,Fixed PID_SP20_trial09.txt,Fixed PID_SP20_trial09.txt,,EXACT,MATCH,Exact match
Fixed PID,20.0,9,FinalMass_g,20.14,20.14,0.0,0.005,MATCH,Within tolerance
Fixed PID,20.0,9,FinalError_g,0.14,0.14,0.0,0.005,MATCH,Within tolerance
Fixed PID,20.0,9,FinalError_pct,0.68,0.68,0.0,0.005,MATCH,Within tolerance
Fixed PID,20.0,9,AbsError_g,0.14,0.14,0.0,0.005,MATCH,Within tolerance
Fixed PID,20.0,9,AbsError_pct,0.68,0.68,0.0,0.005,MATCH,Within tolerance
Fixed PID,20.0,9,MaxOvershoot_g,0.14,0.14,0.0,0.005,MATCH,Within tolerance
Fixed PID,20.0,9,MaxOvershoot_pct,0.68,0.68,0.0,0.005,MATCH,Within tolerance
Fixed PID,20.0,9,Duration_s,22.85,22.85,0.0,0.001,MATCH,Within tolerance
Fixed PID,20.0,9,TimeTo90_s,17.259,17.259,0.0,0.001,MATCH,Within tolerance
Fixed PID,20.0,9,RiseTime_10_90_s,16.525,16.525,0.0,0.001,MATCH,Within tolerance
Fixed PID,20.0,9,SettlingTime_s,21.132,21.132,0.0,0.005,MATCH,Within tolerance
Fixed PID,20.0,9,BridgingCount,0,0,,EXACT,MATCH,Exact match
Fixed PID,20.0,9,Status,AKURAT,AKURAT,,EXACT,MATCH,Exact match
Fixed PID,20.0,9,Valid,True,True,,EXACT,MATCH,Exact match
Fixed PID,20.0,9,StopReason,TARGET,TARGET,,EXACT,MATCH,Exact match
Fixed PID,20.0,9,EarlyStop_g,0.4,0.4,0.0,0.001,MATCH,Within tolerance
Fixed PID,20.0,9,WithinTolerance,1,1,,EXACT,MATCH,Exact match
Fixed PID,20.0,10,Scenario,Fixed PID,Fixed PID,,EXACT,MATCH,Exact match
Fixed PID,20.0,10,Controller,Fixed PID,Fixed PID,,EXACT,MATCH,Exact match
Fixed PID,20.0,10,Setpoint_g,20.0,20.0,,EXACT,MATCH,Exact match
Fixed PID,20.0,10,TrialNo,10,10,,EXACT,MATCH,Exact match
Fixed PID,20.0,10,FileName,Fixed PID_SP20_trial10.txt,Fixed PID_SP20_trial10.txt,,EXACT,MATCH,Exact match
Fixed PID,20.0,10,FinalMass_g,20.92,20.92,0.0,0.005,MATCH,Within tolerance
Fixed PID,20.0,10,FinalError_g,0.92,0.92,0.0,0.005,MATCH,Within tolerance
Fixed PID,20.0,10,FinalError_pct,4.58,4.58,0.0,0.005,MATCH,Within tolerance
Fixed PID,20.0,10,AbsError_g,0.92,0.92,0.0,0.005,MATCH,Within tolerance
Fixed PID,20.0,10,AbsError_pct,4.58,4.58,0.0,0.005,MATCH,Within tolerance
Fixed PID,20.0,10,MaxOvershoot_g,0.92,0.92,0.0,0.005,MATCH,Within tolerance
Fixed PID,20.0,10,MaxOvershoot_pct,4.58,4.58,0.0,0.005,MATCH,Within tolerance
Fixed PID,20.0,10,Duration_s,21.3,21.3,0.0,0.001,MATCH,Within tolerance
Fixed PID,20.0,10,TimeTo90_s,19.841,19.841,0.0,0.001,MATCH,Within tolerance
Fixed PID,20.0,10,RiseTime_10_90_s,19.107,19.107,0.0,0.001,MATCH,Within tolerance
Fixed PID,20.0,10,SettlingTime_s,19.841,19.841,0.0,0.005,MATCH,Within tolerance
Fixed PID,20.0,10,BridgingCount,2,2,,EXACT,MATCH,Exact match
Fixed PID,20.0,10,Status,AKURAT,AKURAT,,EXACT,MATCH,Exact match
Fixed PID,20.0,10,Valid,True,True,,EXACT,MATCH,Exact match
Fixed PID,20.0,10,StopReason,TARGET,TARGET,,EXACT,MATCH,Exact match
Fixed PID,20.0,10,EarlyStop_g,0.4,0.4,0.0,0.001,MATCH,Within tolerance
Fixed PID,20.0,10,WithinTolerance,1,1,,EXACT,MATCH,Exact match
Fixed PID,25.0,1,Scenario,Fixed PID,Fixed PID,,EXACT,MATCH,Exact match
Fixed PID,25.0,1,Controller,Fixed PID,Fixed PID,,EXACT,MATCH,Exact match
Fixed PID,25.0,1,Setpoint_g,25.0,25.0,,EXACT,MATCH,Exact match
Fixed PID,25.0,1,TrialNo,1,1,,EXACT,MATCH,Exact match
Fixed PID,25.0,1,FileName,Fixed PID_SP25_trial01.txt,Fixed PID_SP25_trial01.txt,,EXACT,MATCH,Exact match
Fixed PID,25.0,1,FinalMass_g,24.86,24.86,0.0,0.005,MATCH,Within tolerance
Fixed PID,25.0,1,FinalError_g,-0.14,-0.14,0.0,0.005,MATCH,Within tolerance
Fixed PID,25.0,1,FinalError_pct,-0.56,-0.56,0.0,0.005,MATCH,Within tolerance
Fixed PID,25.0,1,AbsError_g,0.14,0.14,0.0,0.005,MATCH,Within tolerance
Fixed PID,25.0,1,AbsError_pct,0.56,0.56,0.0,0.005,MATCH,Within tolerance
Fixed PID,25.0,1,MaxOvershoot_g,0.0,0.0,0.0,0.005,MATCH,Within tolerance
Fixed PID,25.0,1,MaxOvershoot_pct,0.0,0.0,0.0,0.005,MATCH,Within tolerance
Fixed PID,25.0,1,Duration_s,41.45,41.45,0.0,0.001,MATCH,Within tolerance
Fixed PID,25.0,1,TimeTo90_s,37.661,37.661,0.0,0.001,MATCH,Within tolerance
Fixed PID,25.0,1,RiseTime_10_90_s,35.119,35.119,0.0,0.001,MATCH,Within tolerance
Fixed PID,25.0,1,SettlingTime_s,37.661,37.661,0.0,0.005,MATCH,Within tolerance
Fixed PID,25.0,1,BridgingCount,4,4,,EXACT,MATCH,Exact match
Fixed PID,25.0,1,Status,AKURAT,AKURAT,,EXACT,MATCH,Exact match
Fixed PID,25.0,1,Valid,True,True,,EXACT,MATCH,Exact match
Fixed PID,25.0,1,StopReason,TARGET,TARGET,,EXACT,MATCH,Exact match
Fixed PID,25.0,1,EarlyStop_g,0.4,0.4,0.0,0.001,MATCH,Within tolerance
Fixed PID,25.0,1,WithinTolerance,1,1,,EXACT,MATCH,Exact match
Fixed PID,25.0,2,Scenario,Fixed PID,Fixed PID,,EXACT,MATCH,Exact match
Fixed PID,25.0,2,Controller,Fixed PID,Fixed PID,,EXACT,MATCH,Exact match
Fixed PID,25.0,2,Setpoint_g,25.0,25.0,,EXACT,MATCH,Exact match
Fixed PID,25.0,2,TrialNo,2,2,,EXACT,MATCH,Exact match
Fixed PID,25.0,2,FileName,Fixed PID_SP25_trial02.txt,Fixed PID_SP25_trial02.txt,,EXACT,MATCH,Exact match
Fixed PID,25.0,2,FinalMass_g,24.75,24.75,0.0,0.005,MATCH,Within tolerance
Fixed PID,25.0,2,FinalError_g,-0.25,-0.25,0.0,0.005,MATCH,Within tolerance
Fixed PID,25.0,2,FinalError_pct,-1.01,-1.01,0.0,0.005,MATCH,Within tolerance
Fixed PID,25.0,2,AbsError_g,0.25,0.25,0.0,0.005,MATCH,Within tolerance
Fixed PID,25.0,2,AbsError_pct,1.01,1.01,0.0,0.005,MATCH,Within tolerance
Fixed PID,25.0,2,MaxOvershoot_g,0.0,0.0,0.0,0.005,MATCH,Within tolerance
Fixed PID,25.0,2,MaxOvershoot_pct,0.0,0.0,0.0,0.005,MATCH,Within tolerance
Fixed PID,25.0,2,Duration_s,24.92,24.92,0.0,0.001,MATCH,Within tolerance
Fixed PID,25.0,2,TimeTo90_s,21.135,21.135,0.0,0.001,MATCH,Within tolerance
Fixed PID,25.0,2,RiseTime_10_90_s,18.593,18.593,0.0,0.001,MATCH,Within tolerance
Fixed PID,25.0,2,SettlingTime_s,23.201,23.201,0.0,0.005,MATCH,Within tolerance
Fixed PID,25.0,2,BridgingCount,1,1,,EXACT,MATCH,Exact match
Fixed PID,25.0,2,Status,AKURAT,AKURAT,,EXACT,MATCH,Exact match
Fixed PID,25.0,2,Valid,True,True,,EXACT,MATCH,Exact match
Fixed PID,25.0,2,StopReason,TARGET,TARGET,,EXACT,MATCH,Exact match
Fixed PID,25.0,2,EarlyStop_g,0.4,0.4,0.0,0.001,MATCH,Within tolerance
Fixed PID,25.0,2,WithinTolerance,1,1,,EXACT,MATCH,Exact match
Fixed PID,25.0,3,Scenario,Fixed PID,Fixed PID,,EXACT,MATCH,Exact match
Fixed PID,25.0,3,Controller,Fixed PID,Fixed PID,,EXACT,MATCH,Exact match
Fixed PID,25.0,3,Setpoint_g,25.0,25.0,,EXACT,MATCH,Exact match
Fixed PID,25.0,3,TrialNo,3,3,,EXACT,MATCH,Exact match
Fixed PID,25.0,3,FileName,Fixed PID_SP25_trial03.txt,Fixed PID_SP25_trial03.txt,,EXACT,MATCH,Exact match
Fixed PID,25.0,3,FinalMass_g,24.77,24.77,0.0,0.005,MATCH,Within tolerance
Fixed PID,25.0,3,FinalError_g,-0.23,-0.23,0.0,0.005,MATCH,Within tolerance
Fixed PID,25.0,3,FinalError_pct,-0.93,-0.93,0.0,0.005,MATCH,Within tolerance
Fixed PID,25.0,3,AbsError_g,0.23,0.23,0.0,0.005,MATCH,Within tolerance
Fixed PID,25.0,3,AbsError_pct,0.93,0.93,0.0,0.005,MATCH,Within tolerance
Fixed PID,25.0,3,MaxOvershoot_g,0.0,0.0,0.0,0.005,MATCH,Within tolerance
Fixed PID,25.0,3,MaxOvershoot_pct,0.0,0.0,0.0,0.005,MATCH,Within tolerance
Fixed PID,25.0,3,Duration_s,64.17,64.17,0.0,0.001,MATCH,Within tolerance
Fixed PID,25.0,3,TimeTo90_s,50.831,50.831,0.0,0.001,MATCH,Within tolerance
Fixed PID,25.0,3,RiseTime_10_90_s,48.289,48.289,0.0,0.001,MATCH,Within tolerance
Fixed PID,25.0,3,SettlingTime_s,57.803,57.803,0.0,0.005,MATCH,Within tolerance
Fixed PID,25.0,3,BridgingCount,7,7,,EXACT,MATCH,Exact match
Fixed PID,25.0,3,Status,AKURAT,AKURAT,,EXACT,MATCH,Exact match
Fixed PID,25.0,3,Valid,True,True,,EXACT,MATCH,Exact match
Fixed PID,25.0,3,StopReason,TARGET,TARGET,,EXACT,MATCH,Exact match
Fixed PID,25.0,3,EarlyStop_g,0.4,0.4,0.0,0.001,MATCH,Within tolerance
Fixed PID,25.0,3,WithinTolerance,1,1,,EXACT,MATCH,Exact match
Fixed PID,25.0,4,Scenario,Fixed PID,Fixed PID,,EXACT,MATCH,Exact match
Fixed PID,25.0,4,Controller,Fixed PID,Fixed PID,,EXACT,MATCH,Exact match
Fixed PID,25.0,4,Setpoint_g,25.0,25.0,,EXACT,MATCH,Exact match
Fixed PID,25.0,4,TrialNo,4,4,,EXACT,MATCH,Exact match
Fixed PID,25.0,4,FileName,Fixed PID_SP25_trial04.txt,Fixed PID_SP25_trial04.txt,,EXACT,MATCH,Exact match
Fixed PID,25.0,4,FinalMass_g,24.38,24.38,0.0,0.005,MATCH,Within tolerance
Fixed PID,25.0,4,FinalError_g,-0.62,-0.62,0.0,0.005,MATCH,Within tolerance
Fixed PID,25.0,4,FinalError_pct,-2.47,-2.47,0.0,0.005,MATCH,Within tolerance
Fixed PID,25.0,4,AbsError_g,0.62,0.62,0.0,0.005,MATCH,Within tolerance
Fixed PID,25.0,4,AbsError_pct,2.47,2.47,0.0,0.005,MATCH,Within tolerance
Fixed PID,25.0,4,MaxOvershoot_g,0.0,0.0,0.0,0.005,MATCH,Within tolerance
Fixed PID,25.0,4,MaxOvershoot_pct,0.0,0.0,0.0,0.005,MATCH,Within tolerance
Fixed PID,25.0,4,Duration_s,52.04,52.04,0.0,0.001,MATCH,Within tolerance
Fixed PID,25.0,4,TimeTo90_s,21.137,21.137,0.0,0.001,MATCH,Within tolerance
Fixed PID,25.0,4,RiseTime_10_90_s,18.595,18.595,0.0,0.001,MATCH,Within tolerance
Fixed PID,25.0,4,SettlingTime_s,45.93,45.93,0.0,0.005,MATCH,Within tolerance
Fixed PID,25.0,4,BridgingCount,0,0,,EXACT,MATCH,Exact match
Fixed PID,25.0,4,Status,AKURAT,AKURAT,,EXACT,MATCH,Exact match
Fixed PID,25.0,4,Valid,True,True,,EXACT,MATCH,Exact match
Fixed PID,25.0,4,StopReason,TARGET,TARGET,,EXACT,MATCH,Exact match
Fixed PID,25.0,4,EarlyStop_g,0.4,0.4,0.0,0.001,MATCH,Within tolerance
Fixed PID,25.0,4,WithinTolerance,1,1,,EXACT,MATCH,Exact match
Fixed PID,25.0,5,Scenario,Fixed PID,Fixed PID,,EXACT,MATCH,Exact match
Fixed PID,25.0,5,Controller,Fixed PID,Fixed PID,,EXACT,MATCH,Exact match
Fixed PID,25.0,5,Setpoint_g,25.0,25.0,,EXACT,MATCH,Exact match
Fixed PID,25.0,5,TrialNo,5,5,,EXACT,MATCH,Exact match
Fixed PID,25.0,5,FileName,Fixed PID_SP25_trial05.txt,Fixed PID_SP25_trial05.txt,,EXACT,MATCH,Exact match
Fixed PID,25.0,5,FinalMass_g,26.19,26.19,0.0,0.005,MATCH,Within tolerance
Fixed PID,25.0,5,FinalError_g,1.19,1.19,0.0,0.005,MATCH,Within tolerance
Fixed PID,25.0,5,FinalError_pct,4.78,4.78,0.0,0.005,MATCH,Within tolerance
Fixed PID,25.0,5,AbsError_g,1.19,1.19,0.0,0.005,MATCH,Within tolerance
Fixed PID,25.0,5,AbsError_pct,4.78,4.78,0.0,0.005,MATCH,Within tolerance
Fixed PID,25.0,5,MaxOvershoot_g,1.19,1.19,0.0,0.005,MATCH,Within tolerance
Fixed PID,25.0,5,MaxOvershoot_pct,4.78,4.78,0.0,0.005,MATCH,Within tolerance
Fixed PID,25.0,5,Duration_s,31.12,31.12,0.0,0.001,MATCH,Within tolerance
Fixed PID,25.0,5,TimeTo90_s,29.657,29.657,0.0,0.001,MATCH,Within tolerance
Fixed PID,25.0,5,RiseTime_10_90_s,27.115,27.115,0.0,0.001,MATCH,Within tolerance
Fixed PID,25.0,5,SettlingTime_s,29.657,29.657,0.0,0.005,MATCH,Within tolerance
Fixed PID,25.0,5,BridgingCount,4,4,,EXACT,MATCH,Exact match
Fixed PID,25.0,5,Status,AKURAT,AKURAT,,EXACT,MATCH,Exact match
Fixed PID,25.0,5,Valid,True,True,,EXACT,MATCH,Exact match
Fixed PID,25.0,5,StopReason,TARGET,TARGET,,EXACT,MATCH,Exact match
Fixed PID,25.0,5,EarlyStop_g,0.4,0.4,0.0,0.001,MATCH,Within tolerance
Fixed PID,25.0,5,WithinTolerance,1,1,,EXACT,MATCH,Exact match
Fixed PID,25.0,6,Scenario,Fixed PID,Fixed PID,,EXACT,MATCH,Exact match
Fixed PID,25.0,6,Controller,Fixed PID,Fixed PID,,EXACT,MATCH,Exact match
Fixed PID,25.0,6,Setpoint_g,25.0,25.0,,EXACT,MATCH,Exact match
Fixed PID,25.0,6,TrialNo,6,6,,EXACT,MATCH,Exact match
Fixed PID,25.0,6,FileName,Fixed PID_SP25_trial06.txt,Fixed PID_SP25_trial06.txt,,EXACT,MATCH,Exact match
Fixed PID,25.0,6,FinalMass_g,25.6,25.6,0.0,0.005,MATCH,Within tolerance
Fixed PID,25.0,6,FinalError_g,0.6,0.6,0.0,0.005,MATCH,Within tolerance
Fixed PID,25.0,6,FinalError_pct,2.4,2.4,0.0,0.005,MATCH,Within tolerance
Fixed PID,25.0,6,AbsError_g,0.6,0.6,0.0,0.005,MATCH,Within tolerance
Fixed PID,25.0,6,AbsError_pct,2.4,2.4,0.0,0.005,MATCH,Within tolerance
Fixed PID,25.0,6,MaxOvershoot_g,0.6,0.6,0.0,0.005,MATCH,Within tolerance
Fixed PID,25.0,6,MaxOvershoot_pct,2.4,2.4,0.0,0.005,MATCH,Within tolerance
Fixed PID,25.0,6,Duration_s,30.86,30.86,0.0,0.001,MATCH,Within tolerance
Fixed PID,25.0,6,TimeTo90_s,23.461,23.461,0.0,0.001,MATCH,Within tolerance
Fixed PID,25.0,6,RiseTime_10_90_s,20.919,20.919,0.0,0.001,MATCH,Within tolerance
Fixed PID,25.0,6,SettlingTime_s,28.368,28.368,0.0,0.005,MATCH,Within tolerance
Fixed PID,25.0,6,BridgingCount,0,0,,EXACT,MATCH,Exact match
Fixed PID,25.0,6,Status,AKURAT,AKURAT,,EXACT,MATCH,Exact match
Fixed PID,25.0,6,Valid,True,True,,EXACT,MATCH,Exact match
Fixed PID,25.0,6,StopReason,TARGET,TARGET,,EXACT,MATCH,Exact match
Fixed PID,25.0,6,EarlyStop_g,0.4,0.4,0.0,0.001,MATCH,Within tolerance
Fixed PID,25.0,6,WithinTolerance,1,1,,EXACT,MATCH,Exact match
Fixed PID,25.0,7,Scenario,Fixed PID,Fixed PID,,EXACT,MATCH,Exact match
Fixed PID,25.0,7,Controller,Fixed PID,Fixed PID,,EXACT,MATCH,Exact match
Fixed PID,25.0,7,Setpoint_g,25.0,25.0,,EXACT,MATCH,Exact match
Fixed PID,25.0,7,TrialNo,7,7,,EXACT,MATCH,Exact match
Fixed PID,25.0,7,FileName,Fixed PID_SP25_trial07.txt,Fixed PID_SP25_trial07.txt,,EXACT,MATCH,Exact match
Fixed PID,25.0,7,FinalMass_g,31.19,31.19,0.0,0.005,MATCH,Within tolerance
Fixed PID,25.0,7,FinalError_g,6.19,6.19,0.0,0.005,MATCH,Within tolerance
Fixed PID,25.0,7,FinalError_pct,24.78,24.78,0.0,0.005,MATCH,Within tolerance
Fixed PID,25.0,7,AbsError_g,6.19,6.19,0.0,0.005,MATCH,Within tolerance
Fixed PID,25.0,7,AbsError_pct,24.78,24.78,0.0,0.005,MATCH,Within tolerance
Fixed PID,25.0,7,MaxOvershoot_g,6.19,6.19,0.0,0.005,MATCH,Within tolerance
Fixed PID,25.0,7,MaxOvershoot_pct,24.78,24.78,0.0,0.005,MATCH,Within tolerance
Fixed PID,25.0,7,Duration_s,58.49,58.49,0.0,0.001,MATCH,Within tolerance
Fixed PID,25.0,7,TimeTo90_s,56.771,56.771,0.0,0.001,MATCH,Within tolerance
Fixed PID,25.0,7,RiseTime_10_90_s,52.163,52.163,0.0,0.001,MATCH,Within tolerance
Fixed PID,25.0,7,SettlingTime_s,,,0.0,0.005,MATCH,Both NaN
Fixed PID,25.0,7,BridgingCount,10,10,,EXACT,MATCH,Exact match
Fixed PID,25.0,7,Status,OVERSHOOT,OVERSHOOT,,EXACT,MATCH,Exact match
Fixed PID,25.0,7,Valid,True,True,,EXACT,MATCH,Exact match
Fixed PID,25.0,7,StopReason,TARGET,TARGET,,EXACT,MATCH,Exact match
Fixed PID,25.0,7,EarlyStop_g,0.4,0.4,0.0,0.001,MATCH,Within tolerance
Fixed PID,25.0,7,WithinTolerance,0,0,,EXACT,MATCH,Exact match
Fixed PID,25.0,8,Scenario,Fixed PID,Fixed PID,,EXACT,MATCH,Exact match
Fixed PID,25.0,8,Controller,Fixed PID,Fixed PID,,EXACT,MATCH,Exact match
Fixed PID,25.0,8,Setpoint_g,25.0,25.0,,EXACT,MATCH,Exact match
Fixed PID,25.0,8,TrialNo,8,8,,EXACT,MATCH,Exact match
Fixed PID,25.0,8,FileName,Fixed PID_SP25_trial08.txt,Fixed PID_SP25_trial08.txt,,EXACT,MATCH,Exact match
Fixed PID,25.0,8,FinalMass_g,25.59,25.59,0.0,0.005,MATCH,Within tolerance
Fixed PID,25.0,8,FinalError_g,0.59,0.59,0.0,0.005,MATCH,Within tolerance
Fixed PID,25.0,8,FinalError_pct,2.38,2.38,0.0,0.005,MATCH,Within tolerance
Fixed PID,25.0,8,AbsError_g,0.59,0.59,0.0,0.005,MATCH,Within tolerance
Fixed PID,25.0,8,AbsError_pct,2.38,2.38,0.0,0.005,MATCH,Within tolerance
Fixed PID,25.0,8,MaxOvershoot_g,0.59,0.59,0.0,0.005,MATCH,Within tolerance
Fixed PID,25.0,8,MaxOvershoot_pct,2.38,2.38,0.0,0.005,MATCH,Within tolerance
Fixed PID,25.0,8,Duration_s,70.11,70.11,0.0,0.001,MATCH,Within tolerance
Fixed PID,25.0,8,TimeTo90_s,50.572,50.572,0.0,0.001,MATCH,Within tolerance
Fixed PID,25.0,8,RiseTime_10_90_s,45.706,45.706,0.0,0.001,MATCH,Within tolerance
Fixed PID,25.0,8,SettlingTime_s,66.583,66.583,0.0,0.005,MATCH,Within tolerance
Fixed PID,25.0,8,BridgingCount,6,6,,EXACT,MATCH,Exact match
Fixed PID,25.0,8,Status,AKURAT,AKURAT,,EXACT,MATCH,Exact match
Fixed PID,25.0,8,Valid,True,True,,EXACT,MATCH,Exact match
Fixed PID,25.0,8,StopReason,TARGET,TARGET,,EXACT,MATCH,Exact match
Fixed PID,25.0,8,EarlyStop_g,0.4,0.4,0.0,0.001,MATCH,Within tolerance
Fixed PID,25.0,8,WithinTolerance,1,1,,EXACT,MATCH,Exact match
Fixed PID,25.0,9,Scenario,Fixed PID,Fixed PID,,EXACT,MATCH,Exact match
Fixed PID,25.0,9,Controller,Fixed PID,Fixed PID,,EXACT,MATCH,Exact match
Fixed PID,25.0,9,Setpoint_g,25.0,25.0,,EXACT,MATCH,Exact match
Fixed PID,25.0,9,TrialNo,9,9,,EXACT,MATCH,Exact match
Fixed PID,25.0,9,FileName,Fixed PID_SP25_trial09.txt,Fixed PID_SP25_trial09.txt,,EXACT,MATCH,Exact match
Fixed PID,25.0,9,FinalMass_g,25.37,25.37,0.0,0.005,MATCH,Within tolerance
Fixed PID,25.0,9,FinalError_g,0.37,0.37,0.0,0.005,MATCH,Within tolerance
Fixed PID,25.0,9,FinalError_pct,1.48,1.48,0.0,0.005,MATCH,Within tolerance
Fixed PID,25.0,9,AbsError_g,0.37,0.37,0.0,0.005,MATCH,Within tolerance
Fixed PID,25.0,9,AbsError_pct,1.48,1.48,0.0,0.005,MATCH,Within tolerance
Fixed PID,25.0,9,MaxOvershoot_g,0.37,0.37,0.0,0.005,MATCH,Within tolerance
Fixed PID,25.0,9,MaxOvershoot_pct,1.48,1.48,0.0,0.005,MATCH,Within tolerance
Fixed PID,25.0,9,Duration_s,49.46,49.46,0.0,0.001,MATCH,Within tolerance
Fixed PID,25.0,9,TimeTo90_s,47.992,47.992,0.0,0.001,MATCH,Within tolerance
Fixed PID,25.0,9,RiseTime_10_90_s,45.45,45.45,0.0,0.001,MATCH,Within tolerance
Fixed PID,25.0,9,SettlingTime_s,47.992,47.992,0.0,0.005,MATCH,Within tolerance
Fixed PID,25.0,9,BridgingCount,8,8,,EXACT,MATCH,Exact match
Fixed PID,25.0,9,Status,AKURAT,AKURAT,,EXACT,MATCH,Exact match
Fixed PID,25.0,9,Valid,True,True,,EXACT,MATCH,Exact match
Fixed PID,25.0,9,StopReason,TARGET,TARGET,,EXACT,MATCH,Exact match
Fixed PID,25.0,9,EarlyStop_g,0.4,0.4,0.0,0.001,MATCH,Within tolerance
Fixed PID,25.0,9,WithinTolerance,1,1,,EXACT,MATCH,Exact match
Fixed PID,25.0,10,Scenario,Fixed PID,Fixed PID,,EXACT,MATCH,Exact match
Fixed PID,25.0,10,Controller,Fixed PID,Fixed PID,,EXACT,MATCH,Exact match
Fixed PID,25.0,10,Setpoint_g,25.0,25.0,,EXACT,MATCH,Exact match
Fixed PID,25.0,10,TrialNo,10,10,,EXACT,MATCH,Exact match
Fixed PID,25.0,10,FileName,Fixed PID_SP25_trial10.txt,Fixed PID_SP25_trial10.txt,,EXACT,MATCH,Exact match
Fixed PID,25.0,10,FinalMass_g,25.03,25.03,0.0,0.005,MATCH,Within tolerance
Fixed PID,25.0,10,FinalError_g,0.03,0.03,0.0,0.005,MATCH,Within tolerance
Fixed PID,25.0,10,FinalError_pct,0.11,0.11,0.0,0.005,MATCH,Within tolerance
Fixed PID,25.0,10,AbsError_g,0.03,0.03,0.0,0.005,MATCH,Within tolerance
Fixed PID,25.0,10,AbsError_pct,0.11,0.11,0.0,0.005,MATCH,Within tolerance
Fixed PID,25.0,10,MaxOvershoot_g,0.03,0.03,0.0,0.005,MATCH,Within tolerance
Fixed PID,25.0,10,MaxOvershoot_pct,0.11,0.11,0.0,0.005,MATCH,Within tolerance
Fixed PID,25.0,10,Duration_s,45.33,45.33,0.0,0.001,MATCH,Within tolerance
Fixed PID,25.0,10,TimeTo90_s,35.599,35.599,0.0,0.001,MATCH,Within tolerance
Fixed PID,25.0,10,RiseTime_10_90_s,33.057,33.057,0.0,0.001,MATCH,Within tolerance
Fixed PID,25.0,10,SettlingTime_s,41.797,41.797,0.0,0.005,MATCH,Within tolerance
Fixed PID,25.0,10,BridgingCount,4,4,,EXACT,MATCH,Exact match
Fixed PID,25.0,10,Status,AKURAT,AKURAT,,EXACT,MATCH,Exact match
Fixed PID,25.0,10,Valid,True,True,,EXACT,MATCH,Exact match
Fixed PID,25.0,10,StopReason,TARGET,TARGET,,EXACT,MATCH,Exact match
Fixed PID,25.0,10,EarlyStop_g,0.4,0.4,0.0,0.001,MATCH,Within tolerance
Fixed PID,25.0,10,WithinTolerance,1,1,,EXACT,MATCH,Exact match
Fixed PID,30.0,1,Scenario,Fixed PID,Fixed PID,,EXACT,MATCH,Exact match
Fixed PID,30.0,1,Controller,Fixed PID,Fixed PID,,EXACT,MATCH,Exact match
Fixed PID,30.0,1,Setpoint_g,30.0,30.0,,EXACT,MATCH,Exact match
Fixed PID,30.0,1,TrialNo,1,1,,EXACT,MATCH,Exact match
Fixed PID,30.0,1,FileName,Fixed_PID_SP30_trial01.txt,Fixed_PID_SP30_trial01.txt,,EXACT,MATCH,Exact match
Fixed PID,30.0,1,FinalMass_g,29.78,29.78,0.0,0.005,MATCH,Within tolerance
Fixed PID,30.0,1,FinalError_g,-0.22,-0.22,0.0,0.005,MATCH,Within tolerance
Fixed PID,30.0,1,FinalError_pct,-0.72,-0.72,0.0,0.005,MATCH,Within tolerance
Fixed PID,30.0,1,AbsError_g,0.22,0.22,0.0,0.005,MATCH,Within tolerance
Fixed PID,30.0,1,AbsError_pct,0.72,0.72,0.0,0.005,MATCH,Within tolerance
Fixed PID,30.0,1,MaxOvershoot_g,0.0,0.0,0.0,0.005,MATCH,Within tolerance
Fixed PID,30.0,1,MaxOvershoot_pct,0.0,0.0,0.0,0.005,MATCH,Within tolerance
Fixed PID,30.0,1,Duration_s,80.69,80.69,0.0,0.001,MATCH,Within tolerance
Fixed PID,30.0,1,TimeTo90_s,14.419,14.419,0.0,0.001,MATCH,Within tolerance
Fixed PID,30.0,1,RiseTime_10_90_s,13.685,13.685,0.0,0.001,MATCH,Within tolerance
Fixed PID,30.0,1,SettlingTime_s,76.649,76.649,0.0,0.005,MATCH,Within tolerance
Fixed PID,30.0,1,BridgingCount,1,1,,EXACT,MATCH,Exact match
Fixed PID,30.0,1,Status,AKURAT,AKURAT,,EXACT,MATCH,Exact match
Fixed PID,30.0,1,Valid,True,True,,EXACT,MATCH,Exact match
Fixed PID,30.0,1,StopReason,TARGET,TARGET,,EXACT,MATCH,Exact match
Fixed PID,30.0,1,EarlyStop_g,0.4,0.4,0.0,0.001,MATCH,Within tolerance
Fixed PID,30.0,1,WithinTolerance,1,1,,EXACT,MATCH,Exact match
Fixed PID,30.0,2,Scenario,Fixed PID,Fixed PID,,EXACT,MATCH,Exact match
Fixed PID,30.0,2,Controller,Fixed PID,Fixed PID,,EXACT,MATCH,Exact match
Fixed PID,30.0,2,Setpoint_g,30.0,30.0,,EXACT,MATCH,Exact match
Fixed PID,30.0,2,TrialNo,2,2,,EXACT,MATCH,Exact match
Fixed PID,30.0,2,FileName,Fixed_PID_SP30_trial02.txt,Fixed_PID_SP30_trial02.txt,,EXACT,MATCH,Exact match
Fixed PID,30.0,2,FinalMass_g,29.96,29.96,0.0,0.005,MATCH,Within tolerance
Fixed PID,30.0,2,FinalError_g,-0.04,-0.04,0.0,0.005,MATCH,Within tolerance
Fixed PID,30.0,2,FinalError_pct,-0.12,-0.12,0.0,0.005,MATCH,Within tolerance
Fixed PID,30.0,2,AbsError_g,0.04,0.04,0.0,0.005,MATCH,Within tolerance
Fixed PID,30.0,2,AbsError_pct,0.12,0.12,0.0,0.005,MATCH,Within tolerance
Fixed PID,30.0,2,MaxOvershoot_g,0.0,0.0,0.0,0.005,MATCH,Within tolerance
Fixed PID,30.0,2,MaxOvershoot_pct,0.0,0.0,0.0,0.005,MATCH,Within tolerance
Fixed PID,30.0,2,Duration_s,39.11,39.11,0.0,0.001,MATCH,Within tolerance
Fixed PID,30.0,2,TimeTo90_s,31.455,31.455,0.0,0.001,MATCH,Within tolerance
Fixed PID,30.0,2,RiseTime_10_90_s,30.721,30.721,0.0,0.001,MATCH,Within tolerance
Fixed PID,30.0,2,SettlingTime_s,35.844,35.844,0.0,0.005,MATCH,Within tolerance
Fixed PID,30.0,2,BridgingCount,4,4,,EXACT,MATCH,Exact match
Fixed PID,30.0,2,Status,AKURAT,AKURAT,,EXACT,MATCH,Exact match
Fixed PID,30.0,2,Valid,True,True,,EXACT,MATCH,Exact match
Fixed PID,30.0,2,StopReason,TARGET,TARGET,,EXACT,MATCH,Exact match
Fixed PID,30.0,2,EarlyStop_g,0.4,0.4,0.0,0.001,MATCH,Within tolerance
Fixed PID,30.0,2,WithinTolerance,1,1,,EXACT,MATCH,Exact match
Fixed PID,30.0,3,Scenario,Fixed PID,Fixed PID,,EXACT,MATCH,Exact match
Fixed PID,30.0,3,Controller,Fixed PID,Fixed PID,,EXACT,MATCH,Exact match
Fixed PID,30.0,3,Setpoint_g,30.0,30.0,,EXACT,MATCH,Exact match
Fixed PID,30.0,3,TrialNo,3,3,,EXACT,MATCH,Exact match
Fixed PID,30.0,3,FileName,Fixed_PID_SP30_trial03.txt,Fixed_PID_SP30_trial03.txt,,EXACT,MATCH,Exact match
Fixed PID,30.0,3,FinalMass_g,29.63,29.63,0.0,0.005,MATCH,Within tolerance
Fixed PID,30.0,3,FinalError_g,-0.37,-0.37,0.0,0.005,MATCH,Within tolerance
Fixed PID,30.0,3,FinalError_pct,-1.23,-1.23,0.0,0.005,MATCH,Within tolerance
Fixed PID,30.0,3,AbsError_g,0.37,0.37,0.0,0.005,MATCH,Within tolerance
Fixed PID,30.0,3,AbsError_pct,1.23,1.23,0.0,0.005,MATCH,Within tolerance
Fixed PID,30.0,3,MaxOvershoot_g,0.0,0.0,0.0,0.005,MATCH,Within tolerance
Fixed PID,30.0,3,MaxOvershoot_pct,0.0,0.0,0.0,0.005,MATCH,Within tolerance
Fixed PID,30.0,3,Duration_s,24.92,24.92,0.0,0.001,MATCH,Within tolerance
Fixed PID,30.0,3,TimeTo90_s,22.941,22.941,0.0,0.001,MATCH,Within tolerance
Fixed PID,30.0,3,RiseTime_10_90_s,22.206,22.206,0.0,0.001,MATCH,Within tolerance
Fixed PID,30.0,3,SettlingTime_s,23.199,23.199,0.0,0.005,MATCH,Within tolerance
Fixed PID,30.0,3,BridgingCount,2,2,,EXACT,MATCH,Exact match
Fixed PID,30.0,3,Status,AKURAT,AKURAT,,EXACT,MATCH,Exact match
Fixed PID,30.0,3,Valid,True,True,,EXACT,MATCH,Exact match
Fixed PID,30.0,3,StopReason,TARGET,TARGET,,EXACT,MATCH,Exact match
Fixed PID,30.0,3,EarlyStop_g,0.4,0.4,0.0,0.001,MATCH,Within tolerance
Fixed PID,30.0,3,WithinTolerance,1,1,,EXACT,MATCH,Exact match
Fixed PID,30.0,4,Scenario,Fixed PID,Fixed PID,,EXACT,MATCH,Exact match
Fixed PID,30.0,4,Controller,Fixed PID,Fixed PID,,EXACT,MATCH,Exact match
Fixed PID,30.0,4,Setpoint_g,30.0,30.0,,EXACT,MATCH,Exact match
Fixed PID,30.0,4,TrialNo,4,4,,EXACT,MATCH,Exact match
Fixed PID,30.0,4,FileName,Fixed_PID_SP30_trial04.txt,Fixed_PID_SP30_trial04.txt,,EXACT,MATCH,Exact match
Fixed PID,30.0,4,FinalMass_g,30.14,30.14,0.0,0.005,MATCH,Within tolerance
Fixed PID,30.0,4,FinalError_g,0.14,0.14,0.0,0.005,MATCH,Within tolerance
Fixed PID,30.0,4,FinalError_pct,0.46,0.46,0.0,0.005,MATCH,Within tolerance
Fixed PID,30.0,4,AbsError_g,0.14,0.14,0.0,0.005,MATCH,Within tolerance
Fixed PID,30.0,4,AbsError_pct,0.46,0.46,0.0,0.005,MATCH,Within tolerance
Fixed PID,30.0,4,MaxOvershoot_g,0.14,0.14,0.0,0.005,MATCH,Within tolerance
Fixed PID,30.0,4,MaxOvershoot_pct,0.46,0.46,0.0,0.005,MATCH,Within tolerance
Fixed PID,30.0,4,Duration_s,33.18,33.18,0.0,0.001,MATCH,Within tolerance
Fixed PID,30.0,4,TimeTo90_s,21.133,21.133,0.0,0.001,MATCH,Within tolerance
Fixed PID,30.0,4,RiseTime_10_90_s,18.591,18.591,0.0,0.001,MATCH,Within tolerance
Fixed PID,30.0,4,SettlingTime_s,29.655,29.655,0.0,0.005,MATCH,Within tolerance
Fixed PID,30.0,4,BridgingCount,1,1,,EXACT,MATCH,Exact match
Fixed PID,30.0,4,Status,AKURAT,AKURAT,,EXACT,MATCH,Exact match
Fixed PID,30.0,4,Valid,True,True,,EXACT,MATCH,Exact match
Fixed PID,30.0,4,StopReason,TARGET,TARGET,,EXACT,MATCH,Exact match
Fixed PID,30.0,4,EarlyStop_g,0.4,0.4,0.0,0.001,MATCH,Within tolerance
Fixed PID,30.0,4,WithinTolerance,1,1,,EXACT,MATCH,Exact match
Fixed PID,30.0,5,Scenario,Fixed PID,Fixed PID,,EXACT,MATCH,Exact match
Fixed PID,30.0,5,Controller,Fixed PID,Fixed PID,,EXACT,MATCH,Exact match
Fixed PID,30.0,5,Setpoint_g,30.0,30.0,,EXACT,MATCH,Exact match
Fixed PID,30.0,5,TrialNo,5,5,,EXACT,MATCH,Exact match
Fixed PID,30.0,5,FileName,Fixed_PID_SP30_trial05.txt,Fixed_PID_SP30_trial05.txt,,EXACT,MATCH,Exact match
Fixed PID,30.0,5,FinalMass_g,30.06,30.06,0.0,0.005,MATCH,Within tolerance
Fixed PID,30.0,5,FinalError_g,0.06,0.06,0.0,0.005,MATCH,Within tolerance
Fixed PID,30.0,5,FinalError_pct,0.21,0.21,0.0,0.005,MATCH,Within tolerance
Fixed PID,30.0,5,AbsError_g,0.06,0.06,0.0,0.005,MATCH,Within tolerance
Fixed PID,30.0,5,AbsError_pct,0.21,0.21,0.0,0.005,MATCH,Within tolerance
Fixed PID,30.0,5,MaxOvershoot_g,0.06,0.06,0.0,0.005,MATCH,Within tolerance
Fixed PID,30.0,5,MaxOvershoot_pct,0.21,0.21,0.0,0.005,MATCH,Within tolerance
Fixed PID,30.0,5,Duration_s,20.53,20.53,0.0,0.001,MATCH,Within tolerance
Fixed PID,30.0,5,TimeTo90_s,17.002,17.002,0.0,0.001,MATCH,Within tolerance
Fixed PID,30.0,5,RiseTime_10_90_s,16.268,16.268,0.0,0.001,MATCH,Within tolerance
Fixed PID,30.0,5,SettlingTime_s,17.26,17.26,0.0,0.005,MATCH,Within tolerance
Fixed PID,30.0,5,BridgingCount,1,1,,EXACT,MATCH,Exact match
Fixed PID,30.0,5,Status,AKURAT,AKURAT,,EXACT,MATCH,Exact match
Fixed PID,30.0,5,Valid,True,True,,EXACT,MATCH,Exact match
Fixed PID,30.0,5,StopReason,TARGET,TARGET,,EXACT,MATCH,Exact match
Fixed PID,30.0,5,EarlyStop_g,0.4,0.4,0.0,0.001,MATCH,Within tolerance
Fixed PID,30.0,5,WithinTolerance,1,1,,EXACT,MATCH,Exact match
Fixed PID,30.0,6,Scenario,Fixed PID,Fixed PID,,EXACT,MATCH,Exact match
Fixed PID,30.0,6,Controller,Fixed PID,Fixed PID,,EXACT,MATCH,Exact match
Fixed PID,30.0,6,Setpoint_g,30.0,30.0,,EXACT,MATCH,Exact match
Fixed PID,30.0,6,TrialNo,6,6,,EXACT,MATCH,Exact match
Fixed PID,30.0,6,FileName,Fixed_PID_SP30_trial06.txt,Fixed_PID_SP30_trial06.txt,,EXACT,MATCH,Exact match
Fixed PID,30.0,6,FinalMass_g,30.21,30.21,0.0,0.005,MATCH,Within tolerance
Fixed PID,30.0,6,FinalError_g,0.21,0.21,0.0,0.005,MATCH,Within tolerance
Fixed PID,30.0,6,FinalError_pct,0.7,0.7,0.0,0.005,MATCH,Within tolerance
Fixed PID,30.0,6,AbsError_g,0.21,0.21,0.0,0.005,MATCH,Within tolerance
Fixed PID,30.0,6,AbsError_pct,0.7,0.7,0.0,0.005,MATCH,Within tolerance
Fixed PID,30.0,6,MaxOvershoot_g,0.21,0.21,0.0,0.005,MATCH,Within tolerance
Fixed PID,30.0,6,MaxOvershoot_pct,0.7,0.7,0.0,0.005,MATCH,Within tolerance
Fixed PID,30.0,6,Duration_s,24.66,24.66,0.0,0.001,MATCH,Within tolerance
Fixed PID,30.0,6,TimeTo90_s,20.101,20.101,0.0,0.001,MATCH,Within tolerance
Fixed PID,30.0,6,RiseTime_10_90_s,17.559,17.559,0.0,0.001,MATCH,Within tolerance
Fixed PID,30.0,6,SettlingTime_s,20.359,20.359,0.0,0.005,MATCH,Within tolerance
Fixed PID,30.0,6,BridgingCount,1,1,,EXACT,MATCH,Exact match
Fixed PID,30.0,6,Status,AKURAT,AKURAT,,EXACT,MATCH,Exact match
Fixed PID,30.0,6,Valid,True,True,,EXACT,MATCH,Exact match
Fixed PID,30.0,6,StopReason,TARGET,TARGET,,EXACT,MATCH,Exact match
Fixed PID,30.0,6,EarlyStop_g,0.4,0.4,0.0,0.001,MATCH,Within tolerance
Fixed PID,30.0,6,WithinTolerance,1,1,,EXACT,MATCH,Exact match
Fixed PID,30.0,7,Scenario,Fixed PID,Fixed PID,,EXACT,MATCH,Exact match
Fixed PID,30.0,7,Controller,Fixed PID,Fixed PID,,EXACT,MATCH,Exact match
Fixed PID,30.0,7,Setpoint_g,30.0,30.0,,EXACT,MATCH,Exact match
Fixed PID,30.0,7,TrialNo,7,7,,EXACT,MATCH,Exact match
Fixed PID,30.0,7,FileName,Fixed_PID_SP30_trial07.txt,Fixed_PID_SP30_trial07.txt,,EXACT,MATCH,Exact match
Fixed PID,30.0,7,FinalMass_g,29.04,29.04,0.0,0.005,MATCH,Within tolerance
Fixed PID,30.0,7,FinalError_g,-0.96,-0.96,0.0,0.005,MATCH,Within tolerance
Fixed PID,30.0,7,FinalError_pct,-3.19,-3.19,0.0,0.005,MATCH,Within tolerance
Fixed PID,30.0,7,AbsError_g,0.96,0.96,0.0,0.005,MATCH,Within tolerance
Fixed PID,30.0,7,AbsError_pct,3.19,3.19,0.0,0.005,MATCH,Within tolerance
Fixed PID,30.0,7,MaxOvershoot_g,0.0,0.0,0.0,0.005,MATCH,Within tolerance
Fixed PID,30.0,7,MaxOvershoot_pct,0.0,0.0,0.0,0.005,MATCH,Within tolerance
Fixed PID,30.0,7,Duration_s,24.92,24.92,0.0,0.001,MATCH,Within tolerance
Fixed PID,30.0,7,TimeTo90_s,19.841,19.841,0.0,0.001,MATCH,Within tolerance
Fixed PID,30.0,7,RiseTime_10_90_s,19.107,19.107,0.0,0.001,MATCH,Within tolerance
Fixed PID,30.0,7,SettlingTime_s,19.841,19.841,0.0,0.005,MATCH,Within tolerance
Fixed PID,30.0,7,BridgingCount,1,1,,EXACT,MATCH,Exact match
Fixed PID,30.0,7,Status,AKURAT,AKURAT,,EXACT,MATCH,Exact match
Fixed PID,30.0,7,Valid,True,True,,EXACT,MATCH,Exact match
Fixed PID,30.0,7,StopReason,TARGET,TARGET,,EXACT,MATCH,Exact match
Fixed PID,30.0,7,EarlyStop_g,0.4,0.4,0.0,0.001,MATCH,Within tolerance
Fixed PID,30.0,7,WithinTolerance,1,1,,EXACT,MATCH,Exact match
Fixed PID,30.0,8,Scenario,Fixed PID,Fixed PID,,EXACT,MATCH,Exact match
Fixed PID,30.0,8,Controller,Fixed PID,Fixed PID,,EXACT,MATCH,Exact match
Fixed PID,30.0,8,Setpoint_g,30.0,30.0,,EXACT,MATCH,Exact match
Fixed PID,30.0,8,TrialNo,8,8,,EXACT,MATCH,Exact match
Fixed PID,30.0,8,FileName,Fixed_PID_SP30_trial08.txt,Fixed_PID_SP30_trial08.txt,,EXACT,MATCH,Exact match
Fixed PID,30.0,8,FinalMass_g,30.71,30.71,0.0,0.005,MATCH,Within tolerance
Fixed PID,30.0,8,FinalError_g,0.71,0.71,0.0,0.005,MATCH,Within tolerance
Fixed PID,30.0,8,FinalError_pct,2.35,2.35,0.0,0.005,MATCH,Within tolerance
Fixed PID,30.0,8,AbsError_g,0.71,0.71,0.0,0.005,MATCH,Within tolerance
Fixed PID,30.0,8,AbsError_pct,2.35,2.35,0.0,0.005,MATCH,Within tolerance
Fixed PID,30.0,8,MaxOvershoot_g,0.72,0.72,0.0,0.005,MATCH,Within tolerance
Fixed PID,30.0,8,MaxOvershoot_pct,2.4,2.4,0.0,0.005,MATCH,Within tolerance
Fixed PID,30.0,8,Duration_s,33.18,33.18,0.0,0.001,MATCH,Within tolerance
Fixed PID,30.0,8,TimeTo90_s,29.394,29.394,0.0,0.001,MATCH,Within tolerance
Fixed PID,30.0,8,RiseTime_10_90_s,26.852,26.852,0.0,0.001,MATCH,Within tolerance
Fixed PID,30.0,8,SettlingTime_s,31.46,31.46,0.0,0.005,MATCH,Within tolerance
Fixed PID,30.0,8,BridgingCount,1,1,,EXACT,MATCH,Exact match
Fixed PID,30.0,8,Status,AKURAT,AKURAT,,EXACT,MATCH,Exact match
Fixed PID,30.0,8,Valid,True,True,,EXACT,MATCH,Exact match
Fixed PID,30.0,8,StopReason,TARGET,TARGET,,EXACT,MATCH,Exact match
Fixed PID,30.0,8,EarlyStop_g,0.4,0.4,0.0,0.001,MATCH,Within tolerance
Fixed PID,30.0,8,WithinTolerance,1,1,,EXACT,MATCH,Exact match
Fixed PID,30.0,9,Scenario,Fixed PID,Fixed PID,,EXACT,MATCH,Exact match
Fixed PID,30.0,9,Controller,Fixed PID,Fixed PID,,EXACT,MATCH,Exact match
Fixed PID,30.0,9,Setpoint_g,30.0,30.0,,EXACT,MATCH,Exact match
Fixed PID,30.0,9,TrialNo,9,9,,EXACT,MATCH,Exact match
Fixed PID,30.0,9,FileName,Fixed_PID_SP30_trial09.txt,Fixed_PID_SP30_trial09.txt,,EXACT,MATCH,Exact match
Fixed PID,30.0,9,FinalMass_g,30.47,30.47,0.0,0.005,MATCH,Within tolerance
Fixed PID,30.0,9,FinalError_g,0.47,0.47,0.0,0.005,MATCH,Within tolerance
Fixed PID,30.0,9,FinalError_pct,1.56,1.56,0.0,0.005,MATCH,Within tolerance
Fixed PID,30.0,9,AbsError_g,0.47,0.47,0.0,0.005,MATCH,Within tolerance
Fixed PID,30.0,9,AbsError_pct,1.56,1.56,0.0,0.005,MATCH,Within tolerance
Fixed PID,30.0,9,MaxOvershoot_g,0.47,0.47,0.0,0.005,MATCH,Within tolerance
Fixed PID,30.0,9,MaxOvershoot_pct,1.56,1.56,0.0,0.005,MATCH,Within tolerance
Fixed PID,30.0,9,Duration_s,41.45,41.45,0.0,0.001,MATCH,Within tolerance
Fixed PID,30.0,9,TimeTo90_s,26.04,26.04,0.0,0.001,MATCH,Within tolerance
Fixed PID,30.0,9,RiseTime_10_90_s,25.306,25.306,0.0,0.001,MATCH,Within tolerance
Fixed PID,30.0,9,SettlingTime_s,26.298,26.298,0.0,0.005,MATCH,Within tolerance
Fixed PID,30.0,9,BridgingCount,1,1,,EXACT,MATCH,Exact match
Fixed PID,30.0,9,Status,AKURAT,AKURAT,,EXACT,MATCH,Exact match
Fixed PID,30.0,9,Valid,True,True,,EXACT,MATCH,Exact match
Fixed PID,30.0,9,StopReason,TARGET,TARGET,,EXACT,MATCH,Exact match
Fixed PID,30.0,9,EarlyStop_g,0.4,0.4,0.0,0.001,MATCH,Within tolerance
Fixed PID,30.0,9,WithinTolerance,1,1,,EXACT,MATCH,Exact match
Fixed PID,30.0,10,Scenario,Fixed PID,Fixed PID,,EXACT,MATCH,Exact match
Fixed PID,30.0,10,Controller,Fixed PID,Fixed PID,,EXACT,MATCH,Exact match
Fixed PID,30.0,10,Setpoint_g,30.0,30.0,,EXACT,MATCH,Exact match
Fixed PID,30.0,10,TrialNo,10,10,,EXACT,MATCH,Exact match
Fixed PID,30.0,10,FileName,Fixed_PID_SP30_trial10.txt,Fixed_PID_SP30_trial10.txt,,EXACT,MATCH,Exact match
Fixed PID,30.0,10,FinalMass_g,30.48,30.48,0.0,0.005,MATCH,Within tolerance
Fixed PID,30.0,10,FinalError_g,0.48,0.48,0.0,0.005,MATCH,Within tolerance
Fixed PID,30.0,10,FinalError_pct,1.59,1.59,0.0,0.005,MATCH,Within tolerance
Fixed PID,30.0,10,AbsError_g,0.48,0.48,0.0,0.005,MATCH,Within tolerance
Fixed PID,30.0,10,AbsError_pct,1.59,1.59,0.0,0.005,MATCH,Within tolerance
Fixed PID,30.0,10,MaxOvershoot_g,0.48,0.48,0.0,0.005,MATCH,Within tolerance
Fixed PID,30.0,10,MaxOvershoot_pct,1.59,1.59,0.0,0.005,MATCH,Within tolerance
Fixed PID,30.0,10,Duration_s,22.6,22.6,0.0,0.001,MATCH,Within tolerance
Fixed PID,30.0,10,TimeTo90_s,17.26,17.26,0.0,0.001,MATCH,Within tolerance
Fixed PID,30.0,10,RiseTime_10_90_s,14.718,14.718,0.0,0.001,MATCH,Within tolerance
Fixed PID,30.0,10,SettlingTime_s,19.068,19.068,0.0,0.005,MATCH,Within tolerance
Fixed PID,30.0,10,BridgingCount,0,0,,EXACT,MATCH,Exact match
Fixed PID,30.0,10,Status,AKURAT,AKURAT,,EXACT,MATCH,Exact match
Fixed PID,30.0,10,Valid,True,True,,EXACT,MATCH,Exact match
Fixed PID,30.0,10,StopReason,TARGET,TARGET,,EXACT,MATCH,Exact match
Fixed PID,30.0,10,EarlyStop_g,0.4,0.4,0.0,0.001,MATCH,Within tolerance
Fixed PID,30.0,10,WithinTolerance,1,1,,EXACT,MATCH,Exact match
GS PID,15.0,1,Scenario,GS PID,GS PID,,EXACT,MATCH,Exact match
GS PID,15.0,1,Controller,Gain Scheduling PID,Gain Scheduling PID,,EXACT,MATCH,Exact match
GS PID,15.0,1,Setpoint_g,15.0,15.0,,EXACT,MATCH,Exact match
GS PID,15.0,1,TrialNo,1,1,,EXACT,MATCH,Exact match
GS PID,15.0,1,FileName,GSPID_SSP15_trial01.txt,GSPID_SSP15_trial01.txt,,EXACT,MATCH,Exact match
GS PID,15.0,1,FinalMass_g,14.63,14.63,0.0,0.005,MATCH,Within tolerance
GS PID,15.0,1,FinalError_g,-0.37,-0.37,0.0,0.005,MATCH,Within tolerance
GS PID,15.0,1,FinalError_pct,-2.45,-2.45,0.0,0.005,MATCH,Within tolerance
GS PID,15.0,1,AbsError_g,0.37,0.37,0.0,0.005,MATCH,Within tolerance
GS PID,15.0,1,AbsError_pct,2.45,2.45,0.0,0.005,MATCH,Within tolerance
GS PID,15.0,1,MaxOvershoot_g,0.0,0.0,0.0,0.005,MATCH,Within tolerance
GS PID,15.0,1,MaxOvershoot_pct,0.0,0.0,0.0,0.005,MATCH,Within tolerance
GS PID,15.0,1,Duration_s,12.01,12.01,0.0,0.001,MATCH,Within tolerance
GS PID,15.0,1,TimeTo90_s,10.546,10.546,0.0,0.001,MATCH,Within tolerance
GS PID,15.0,1,RiseTime_10_90_s,9.812,9.812,0.0,0.001,MATCH,Within tolerance
GS PID,15.0,1,SettlingTime_s,10.546,10.546,0.0,0.005,MATCH,Within tolerance
GS PID,15.0,1,BridgingCount,1,1,,EXACT,MATCH,Exact match
GS PID,15.0,1,Status,AKURAT,AKURAT,,EXACT,MATCH,Exact match
GS PID,15.0,1,Valid,True,True,,EXACT,MATCH,Exact match
GS PID,15.0,1,StopReason,TARGET,TARGET,,EXACT,MATCH,Exact match
GS PID,15.0,1,EarlyStop_g,0.4,0.4,0.0,0.001,MATCH,Within tolerance
GS PID,15.0,1,WithinTolerance,1,1,,EXACT,MATCH,Exact match
GS PID,15.0,2,Scenario,GS PID,GS PID,,EXACT,MATCH,Exact match
GS PID,15.0,2,Controller,Gain Scheduling PID,Gain Scheduling PID,,EXACT,MATCH,Exact match
GS PID,15.0,2,Setpoint_g,15.0,15.0,,EXACT,MATCH,Exact match
GS PID,15.0,2,TrialNo,2,2,,EXACT,MATCH,Exact match
GS PID,15.0,2,FileName,GSPID_SSP15_trial02.txt,GSPID_SSP15_trial02.txt,,EXACT,MATCH,Exact match
GS PID,15.0,2,FinalMass_g,14.76,14.76,0.0,0.005,MATCH,Within tolerance
GS PID,15.0,2,FinalError_g,-0.24,-0.24,0.0,0.005,MATCH,Within tolerance
GS PID,15.0,2,FinalError_pct,-1.6,-1.6,0.0,0.005,MATCH,Within tolerance
GS PID,15.0,2,AbsError_g,0.24,0.24,0.0,0.005,MATCH,Within tolerance
GS PID,15.0,2,AbsError_pct,1.6,1.6,0.0,0.005,MATCH,Within tolerance
GS PID,15.0,2,MaxOvershoot_g,0.0,0.0,0.0,0.005,MATCH,Within tolerance
GS PID,15.0,2,MaxOvershoot_pct,0.0,0.0,0.0,0.005,MATCH,Within tolerance
GS PID,15.0,2,Duration_s,16.65,16.65,0.0,0.001,MATCH,Within tolerance
GS PID,15.0,2,TimeTo90_s,14.934,14.934,0.0,0.001,MATCH,Within tolerance
GS PID,15.0,2,RiseTime_10_90_s,14.2,14.2,0.0,0.001,MATCH,Within tolerance
GS PID,15.0,2,SettlingTime_s,15.192,15.192,0.0,0.005,MATCH,Within tolerance
GS PID,15.0,2,BridgingCount,0,0,,EXACT,MATCH,Exact match
GS PID,15.0,2,Status,AKURAT,AKURAT,,EXACT,MATCH,Exact match
GS PID,15.0,2,Valid,True,True,,EXACT,MATCH,Exact match
GS PID,15.0,2,StopReason,TARGET,TARGET,,EXACT,MATCH,Exact match
GS PID,15.0,2,EarlyStop_g,0.4,0.4,0.0,0.001,MATCH,Within tolerance
GS PID,15.0,2,WithinTolerance,1,1,,EXACT,MATCH,Exact match
GS PID,15.0,3,Scenario,GS PID,GS PID,,EXACT,MATCH,Exact match
GS PID,15.0,3,Controller,Gain Scheduling PID,Gain Scheduling PID,,EXACT,MATCH,Exact match
GS PID,15.0,3,Setpoint_g,15.0,15.0,,EXACT,MATCH,Exact match
GS PID,15.0,3,TrialNo,3,3,,EXACT,MATCH,Exact match
GS PID,15.0,3,FileName,GSPID_SSP15_trial03.txt,GSPID_SSP15_trial03.txt,,EXACT,MATCH,Exact match
GS PID,15.0,3,FinalMass_g,15.16,15.16,0.0,0.005,MATCH,Within tolerance
GS PID,15.0,3,FinalError_g,0.16,0.16,0.0,0.005,MATCH,Within tolerance
GS PID,15.0,3,FinalError_pct,1.07,1.07,0.0,0.005,MATCH,Within tolerance
GS PID,15.0,3,AbsError_g,0.16,0.16,0.0,0.005,MATCH,Within tolerance
GS PID,15.0,3,AbsError_pct,1.07,1.07,0.0,0.005,MATCH,Within tolerance
GS PID,15.0,3,MaxOvershoot_g,0.19,0.19,0.0,0.005,MATCH,Within tolerance
GS PID,15.0,3,MaxOvershoot_pct,1.25,1.25,0.0,0.005,MATCH,Within tolerance
GS PID,15.0,3,Duration_s,13.56,13.56,0.0,0.001,MATCH,Within tolerance
GS PID,15.0,3,TimeTo90_s,10.803,10.803,0.0,0.001,MATCH,Within tolerance
GS PID,15.0,3,RiseTime_10_90_s,10.069,10.069,0.0,0.001,MATCH,Within tolerance
GS PID,15.0,3,SettlingTime_s,10.803,10.803,0.0,0.005,MATCH,Within tolerance
GS PID,15.0,3,BridgingCount,1,1,,EXACT,MATCH,Exact match
GS PID,15.0,3,Status,AKURAT,AKURAT,,EXACT,MATCH,Exact match
GS PID,15.0,3,Valid,True,True,,EXACT,MATCH,Exact match
GS PID,15.0,3,StopReason,TARGET,TARGET,,EXACT,MATCH,Exact match
GS PID,15.0,3,EarlyStop_g,0.4,0.4,0.0,0.001,MATCH,Within tolerance
GS PID,15.0,3,WithinTolerance,1,1,,EXACT,MATCH,Exact match
GS PID,15.0,4,Scenario,GS PID,GS PID,,EXACT,MATCH,Exact match
GS PID,15.0,4,Controller,Gain Scheduling PID,Gain Scheduling PID,,EXACT,MATCH,Exact match
GS PID,15.0,4,Setpoint_g,15.0,15.0,,EXACT,MATCH,Exact match
GS PID,15.0,4,TrialNo,4,4,,EXACT,MATCH,Exact match
GS PID,15.0,4,FileName,GSPID_SSP15_trial04.txt,GSPID_SSP15_trial04.txt,,EXACT,MATCH,Exact match
GS PID,15.0,4,FinalMass_g,14.93,14.93,0.0,0.005,MATCH,Within tolerance
GS PID,15.0,4,FinalError_g,-0.07,-0.07,0.0,0.005,MATCH,Within tolerance
GS PID,15.0,4,FinalError_pct,-0.5,-0.5,0.0,0.005,MATCH,Within tolerance
GS PID,15.0,4,AbsError_g,0.07,0.07,0.0,0.005,MATCH,Within tolerance
GS PID,15.0,4,AbsError_pct,0.5,0.5,0.0,0.005,MATCH,Within tolerance
GS PID,15.0,4,MaxOvershoot_g,0.0,0.0,0.0,0.005,MATCH,Within tolerance
GS PID,15.0,4,MaxOvershoot_pct,0.0,0.0,0.0,0.005,MATCH,Within tolerance
GS PID,15.0,4,Duration_s,12.52,12.52,0.0,0.001,MATCH,Within tolerance
GS PID,15.0,4,TimeTo90_s,10.804,10.804,0.0,0.001,MATCH,Within tolerance
GS PID,15.0,4,RiseTime_10_90_s,8.263,8.263,0.0,0.001,MATCH,Within tolerance
GS PID,15.0,4,SettlingTime_s,11.062,11.062,0.0,0.005,MATCH,Within tolerance
GS PID,15.0,4,BridgingCount,0,0,,EXACT,MATCH,Exact match
GS PID,15.0,4,Status,AKURAT,AKURAT,,EXACT,MATCH,Exact match
GS PID,15.0,4,Valid,True,True,,EXACT,MATCH,Exact match
GS PID,15.0,4,StopReason,TARGET,TARGET,,EXACT,MATCH,Exact match
GS PID,15.0,4,EarlyStop_g,0.4,0.4,0.0,0.001,MATCH,Within tolerance
GS PID,15.0,4,WithinTolerance,1,1,,EXACT,MATCH,Exact match
GS PID,15.0,5,Scenario,GS PID,GS PID,,EXACT,MATCH,Exact match
GS PID,15.0,5,Controller,Gain Scheduling PID,Gain Scheduling PID,,EXACT,MATCH,Exact match
GS PID,15.0,5,Setpoint_g,15.0,15.0,,EXACT,MATCH,Exact match
GS PID,15.0,5,TrialNo,5,5,,EXACT,MATCH,Exact match
GS PID,15.0,5,FileName,GSPID_SSP15_trial05.txt,GSPID_SSP15_trial05.txt,,EXACT,MATCH,Exact match
GS PID,15.0,5,FinalMass_g,16.03,16.03,0.0,0.005,MATCH,Within tolerance
GS PID,15.0,5,FinalError_g,1.03,1.03,0.0,0.005,MATCH,Within tolerance
GS PID,15.0,5,FinalError_pct,6.88,6.88,0.0,0.005,MATCH,Within tolerance
GS PID,15.0,5,AbsError_g,1.03,1.03,0.0,0.005,MATCH,Within tolerance
GS PID,15.0,5,AbsError_pct,6.88,6.88,0.0,0.005,MATCH,Within tolerance
GS PID,15.0,5,MaxOvershoot_g,1.12,1.12,0.0,0.005,MATCH,Within tolerance
GS PID,15.0,5,MaxOvershoot_pct,7.43,7.43,0.0,0.005,MATCH,Within tolerance
GS PID,15.0,5,Duration_s,12.52,12.52,0.0,0.001,MATCH,Within tolerance
GS PID,15.0,5,TimeTo90_s,10.803,10.803,0.0,0.001,MATCH,Within tolerance
GS PID,15.0,5,RiseTime_10_90_s,10.069,10.069,0.0,0.001,MATCH,Within tolerance
GS PID,15.0,5,SettlingTime_s,,,0.0,0.005,MATCH,Both NaN
GS PID,15.0,5,BridgingCount,1,1,,EXACT,MATCH,Exact match
GS PID,15.0,5,Status,OVERSHOOT,OVERSHOOT,,EXACT,MATCH,Exact match
GS PID,15.0,5,Valid,True,True,,EXACT,MATCH,Exact match
GS PID,15.0,5,StopReason,TARGET,TARGET,,EXACT,MATCH,Exact match
GS PID,15.0,5,EarlyStop_g,0.4,0.4,0.0,0.001,MATCH,Within tolerance
GS PID,15.0,5,WithinTolerance,0,0,,EXACT,MATCH,Exact match
GS PID,15.0,6,Scenario,GS PID,GS PID,,EXACT,MATCH,Exact match
GS PID,15.0,6,Controller,Gain Scheduling PID,Gain Scheduling PID,,EXACT,MATCH,Exact match
GS PID,15.0,6,Setpoint_g,15.0,15.0,,EXACT,MATCH,Exact match
GS PID,15.0,6,TrialNo,6,6,,EXACT,MATCH,Exact match
GS PID,15.0,6,FileName,GSPID_SSP15_trial06.txt,GSPID_SSP15_trial06.txt,,EXACT,MATCH,Exact match
GS PID,15.0,6,FinalMass_g,14.72,14.72,0.0,0.005,MATCH,Within tolerance
GS PID,15.0,6,FinalError_g,-0.28,-0.28,0.0,0.005,MATCH,Within tolerance
GS PID,15.0,6,FinalError_pct,-1.84,-1.84,0.0,0.005,MATCH,Within tolerance
GS PID,15.0,6,AbsError_g,0.28,0.28,0.0,0.005,MATCH,Within tolerance
GS PID,15.0,6,AbsError_pct,1.84,1.84,0.0,0.005,MATCH,Within tolerance
GS PID,15.0,6,MaxOvershoot_g,0.0,0.0,0.0,0.005,MATCH,Within tolerance
GS PID,15.0,6,MaxOvershoot_pct,0.0,0.0,0.0,0.005,MATCH,Within tolerance
GS PID,15.0,6,Duration_s,8.13,8.13,0.0,0.001,MATCH,Within tolerance
GS PID,15.0,6,TimeTo90_s,4.864,4.864,0.0,0.001,MATCH,Within tolerance
GS PID,15.0,6,RiseTime_10_90_s,2.581,2.581,0.0,0.001,MATCH,Within tolerance
GS PID,15.0,6,SettlingTime_s,6.672,6.672,0.0,0.005,MATCH,Within tolerance
GS PID,15.0,6,BridgingCount,0,0,,EXACT,MATCH,Exact match
GS PID,15.0,6,Status,AKURAT,AKURAT,,EXACT,MATCH,Exact match
GS PID,15.0,6,Valid,True,True,,EXACT,MATCH,Exact match
GS PID,15.0,6,StopReason,TARGET,TARGET,,EXACT,MATCH,Exact match
GS PID,15.0,6,EarlyStop_g,0.4,0.4,0.0,0.001,MATCH,Within tolerance
GS PID,15.0,6,WithinTolerance,1,1,,EXACT,MATCH,Exact match
GS PID,15.0,7,Scenario,GS PID,GS PID,,EXACT,MATCH,Exact match
GS PID,15.0,7,Controller,Gain Scheduling PID,Gain Scheduling PID,,EXACT,MATCH,Exact match
GS PID,15.0,7,Setpoint_g,15.0,15.0,,EXACT,MATCH,Exact match
GS PID,15.0,7,TrialNo,7,7,,EXACT,MATCH,Exact match
GS PID,15.0,7,FileName,GSPID_SSP15_trial07.txt,GSPID_SSP15_trial07.txt,,EXACT,MATCH,Exact match
GS PID,15.0,7,FinalMass_g,15.04,15.04,0.0,0.005,MATCH,Within tolerance
GS PID,15.0,7,FinalError_g,0.04,0.04,0.0,0.005,MATCH,Within tolerance
GS PID,15.0,7,FinalError_pct,0.24,0.24,0.0,0.005,MATCH,Within tolerance
GS PID,15.0,7,AbsError_g,0.04,0.04,0.0,0.005,MATCH,Within tolerance
GS PID,15.0,7,AbsError_pct,0.24,0.24,0.0,0.005,MATCH,Within tolerance
GS PID,15.0,7,MaxOvershoot_g,0.04,0.04,0.0,0.005,MATCH,Within tolerance
GS PID,15.0,7,MaxOvershoot_pct,0.24,0.24,0.0,0.005,MATCH,Within tolerance
GS PID,15.0,7,Duration_s,37.32,37.32,0.0,0.001,MATCH,Within tolerance
GS PID,15.0,7,TimeTo90_s,29.658,29.658,0.0,0.001,MATCH,Within tolerance
GS PID,15.0,7,RiseTime_10_90_s,28.924,28.924,0.0,0.001,MATCH,Within tolerance
GS PID,15.0,7,SettlingTime_s,33.79,33.79,0.0,0.005,MATCH,Within tolerance
GS PID,15.0,7,BridgingCount,0,0,,EXACT,MATCH,Exact match
GS PID,15.0,7,Status,AKURAT,AKURAT,,EXACT,MATCH,Exact match
GS PID,15.0,7,Valid,True,True,,EXACT,MATCH,Exact match
GS PID,15.0,7,StopReason,TARGET,TARGET,,EXACT,MATCH,Exact match
GS PID,15.0,7,EarlyStop_g,0.4,0.4,0.0,0.001,MATCH,Within tolerance
GS PID,15.0,7,WithinTolerance,1,1,,EXACT,MATCH,Exact match
GS PID,15.0,8,Scenario,GS PID,GS PID,,EXACT,MATCH,Exact match
GS PID,15.0,8,Controller,Gain Scheduling PID,Gain Scheduling PID,,EXACT,MATCH,Exact match
GS PID,15.0,8,Setpoint_g,15.0,15.0,,EXACT,MATCH,Exact match
GS PID,15.0,8,TrialNo,8,8,,EXACT,MATCH,Exact match
GS PID,15.0,8,FileName,GSPID_SSP15_trial08.txt,GSPID_SSP15_trial08.txt,,EXACT,MATCH,Exact match
GS PID,15.0,8,FinalMass_g,15.35,15.35,0.0,0.005,MATCH,Within tolerance
GS PID,15.0,8,FinalError_g,0.35,0.35,0.0,0.005,MATCH,Within tolerance
GS PID,15.0,8,FinalError_pct,2.36,2.36,0.0,0.005,MATCH,Within tolerance
GS PID,15.0,8,AbsError_g,0.35,0.35,0.0,0.005,MATCH,Within tolerance
GS PID,15.0,8,AbsError_pct,2.36,2.36,0.0,0.005,MATCH,Within tolerance
GS PID,15.0,8,MaxOvershoot_g,0.41,0.41,0.0,0.005,MATCH,Within tolerance
GS PID,15.0,8,MaxOvershoot_pct,2.76,2.76,0.0,0.005,MATCH,Within tolerance
GS PID,15.0,8,Duration_s,14.59,14.59,0.0,0.001,MATCH,Within tolerance
GS PID,15.0,8,TimeTo90_s,12.871,12.871,0.0,0.001,MATCH,Within tolerance
GS PID,15.0,8,RiseTime_10_90_s,12.395,12.395,0.0,0.001,MATCH,Within tolerance
GS PID,15.0,8,SettlingTime_s,12.871,12.871,0.0,0.005,MATCH,Within tolerance
GS PID,15.0,8,BridgingCount,0,0,,EXACT,MATCH,Exact match
GS PID,15.0,8,Status,AKURAT,AKURAT,,EXACT,MATCH,Exact match
GS PID,15.0,8,Valid,True,True,,EXACT,MATCH,Exact match
GS PID,15.0,8,StopReason,TARGET,TARGET,,EXACT,MATCH,Exact match
GS PID,15.0,8,EarlyStop_g,0.4,0.4,0.0,0.001,MATCH,Within tolerance
GS PID,15.0,8,WithinTolerance,1,1,,EXACT,MATCH,Exact match
GS PID,15.0,9,Scenario,GS PID,GS PID,,EXACT,MATCH,Exact match
GS PID,15.0,9,Controller,Gain Scheduling PID,Gain Scheduling PID,,EXACT,MATCH,Exact match
GS PID,15.0,9,Setpoint_g,15.0,15.0,,EXACT,MATCH,Exact match
GS PID,15.0,9,TrialNo,9,9,,EXACT,MATCH,Exact match
GS PID,15.0,9,FileName,GSPID_SSP15_trial09.txt,GSPID_SSP15_trial09.txt,,EXACT,MATCH,Exact match
GS PID,15.0,9,FinalMass_g,14.82,14.82,0.0,0.005,MATCH,Within tolerance
GS PID,15.0,9,FinalError_g,-0.18,-0.18,0.0,0.005,MATCH,Within tolerance
GS PID,15.0,9,FinalError_pct,-1.17,-1.17,0.0,0.005,MATCH,Within tolerance
GS PID,15.0,9,AbsError_g,0.18,0.18,0.0,0.005,MATCH,Within tolerance
GS PID,15.0,9,AbsError_pct,1.17,1.17,0.0,0.005,MATCH,Within tolerance
GS PID,15.0,9,MaxOvershoot_g,0.0,0.0,0.0,0.005,MATCH,Within tolerance
GS PID,15.0,9,MaxOvershoot_pct,0.0,0.0,0.0,0.005,MATCH,Within tolerance
GS PID,15.0,9,Duration_s,10.46,10.46,0.0,0.001,MATCH,Within tolerance
GS PID,15.0,9,TimeTo90_s,8.996,8.996,0.0,0.001,MATCH,Within tolerance
GS PID,15.0,9,RiseTime_10_90_s,6.455,6.455,0.0,0.001,MATCH,Within tolerance
GS PID,15.0,9,SettlingTime_s,8.996,8.996,0.0,0.005,MATCH,Within tolerance
GS PID,15.0,9,BridgingCount,0,0,,EXACT,MATCH,Exact match
GS PID,15.0,9,Status,AKURAT,AKURAT,,EXACT,MATCH,Exact match
GS PID,15.0,9,Valid,True,True,,EXACT,MATCH,Exact match
GS PID,15.0,9,StopReason,TARGET,TARGET,,EXACT,MATCH,Exact match
GS PID,15.0,9,EarlyStop_g,0.4,0.4,0.0,0.001,MATCH,Within tolerance
GS PID,15.0,9,WithinTolerance,1,1,,EXACT,MATCH,Exact match
GS PID,15.0,10,Scenario,GS PID,GS PID,,EXACT,MATCH,Exact match
GS PID,15.0,10,Controller,Gain Scheduling PID,Gain Scheduling PID,,EXACT,MATCH,Exact match
GS PID,15.0,10,Setpoint_g,15.0,15.0,,EXACT,MATCH,Exact match
GS PID,15.0,10,TrialNo,10,10,,EXACT,MATCH,Exact match
GS PID,15.0,10,FileName,GSPID_SSP15_trial10.txt,GSPID_SSP15_trial10.txt,,EXACT,MATCH,Exact match
GS PID,15.0,10,FinalMass_g,14.9,14.9,0.0,0.005,MATCH,Within tolerance
GS PID,15.0,10,FinalError_g,-0.1,-0.1,0.0,0.005,MATCH,Within tolerance
GS PID,15.0,10,FinalError_pct,-0.65,-0.65,0.0,0.005,MATCH,Within tolerance
GS PID,15.0,10,AbsError_g,0.1,0.1,0.0,0.005,MATCH,Within tolerance
GS PID,15.0,10,AbsError_pct,0.65,0.65,0.0,0.005,MATCH,Within tolerance
GS PID,15.0,10,MaxOvershoot_g,0.09,0.09,0.0,0.005,MATCH,Within tolerance
GS PID,15.0,10,MaxOvershoot_pct,0.6,0.6,0.0,0.005,MATCH,Within tolerance
GS PID,15.0,10,Duration_s,16.66,16.66,0.0,0.001,MATCH,Within tolerance
GS PID,15.0,10,TimeTo90_s,13.129,13.129,0.0,0.001,MATCH,Within tolerance
GS PID,15.0,10,RiseTime_10_90_s,12.653,12.653,0.0,0.001,MATCH,Within tolerance
GS PID,15.0,10,SettlingTime_s,14.679,14.679,0.0,0.005,MATCH,Within tolerance
GS PID,15.0,10,BridgingCount,0,0,,EXACT,MATCH,Exact match
GS PID,15.0,10,Status,AKURAT,AKURAT,,EXACT,MATCH,Exact match
GS PID,15.0,10,Valid,True,True,,EXACT,MATCH,Exact match
GS PID,15.0,10,StopReason,TARGET,TARGET,,EXACT,MATCH,Exact match
GS PID,15.0,10,EarlyStop_g,0.4,0.4,0.0,0.001,MATCH,Within tolerance
GS PID,15.0,10,WithinTolerance,1,1,,EXACT,MATCH,Exact match
GS PID,20.0,1,Scenario,GS PID,GS PID,,EXACT,MATCH,Exact match
GS PID,20.0,1,Controller,Gain Scheduling PID,Gain Scheduling PID,,EXACT,MATCH,Exact match
GS PID,20.0,1,Setpoint_g,20.0,20.0,,EXACT,MATCH,Exact match
GS PID,20.0,1,TrialNo,1,1,,EXACT,MATCH,Exact match
GS PID,20.0,1,FileName,GS_PID_SP20_trial01.txt,GS_PID_SP20_trial01.txt,,EXACT,MATCH,Exact match
GS PID,20.0,1,FinalMass_g,20.55,20.55,0.0,0.005,MATCH,Within tolerance
GS PID,20.0,1,FinalError_g,0.55,0.55,0.0,0.005,MATCH,Within tolerance
GS PID,20.0,1,FinalError_pct,2.74,2.74,0.0,0.005,MATCH,Within tolerance
GS PID,20.0,1,AbsError_g,0.55,0.55,0.0,0.005,MATCH,Within tolerance
GS PID,20.0,1,AbsError_pct,2.74,2.74,0.0,0.005,MATCH,Within tolerance
GS PID,20.0,1,MaxOvershoot_g,0.55,0.55,0.0,0.005,MATCH,Within tolerance
GS PID,20.0,1,MaxOvershoot_pct,2.74,2.74,0.0,0.005,MATCH,Within tolerance
GS PID,20.0,1,Duration_s,20.54,20.54,0.0,0.001,MATCH,Within tolerance
GS PID,20.0,1,TimeTo90_s,13.132,13.132,0.0,0.001,MATCH,Within tolerance
GS PID,20.0,1,RiseTime_10_90_s,12.397,12.397,0.0,0.001,MATCH,Within tolerance
GS PID,20.0,1,SettlingTime_s,14.94,14.94,0.0,0.005,MATCH,Within tolerance
GS PID,20.0,1,BridgingCount,0,0,,EXACT,MATCH,Exact match
GS PID,20.0,1,Status,AKURAT,AKURAT,,EXACT,MATCH,Exact match
GS PID,20.0,1,Valid,True,True,,EXACT,MATCH,Exact match
GS PID,20.0,1,StopReason,TARGET,TARGET,,EXACT,MATCH,Exact match
GS PID,20.0,1,EarlyStop_g,0.4,0.4,0.0,0.001,MATCH,Within tolerance
GS PID,20.0,1,WithinTolerance,1,1,,EXACT,MATCH,Exact match
GS PID,20.0,2,Scenario,GS PID,GS PID,,EXACT,MATCH,Exact match
GS PID,20.0,2,Controller,Gain Scheduling PID,Gain Scheduling PID,,EXACT,MATCH,Exact match
GS PID,20.0,2,Setpoint_g,20.0,20.0,,EXACT,MATCH,Exact match
GS PID,20.0,2,TrialNo,2,2,,EXACT,MATCH,Exact match
GS PID,20.0,2,FileName,GS_PID_SP20_trial02.txt,GS_PID_SP20_trial02.txt,,EXACT,MATCH,Exact match
GS PID,20.0,2,FinalMass_g,20.93,20.93,0.0,0.005,MATCH,Within tolerance
GS PID,20.0,2,FinalError_g,0.93,0.93,0.0,0.005,MATCH,Within tolerance
GS PID,20.0,2,FinalError_pct,4.65,4.65,0.0,0.005,MATCH,Within tolerance
GS PID,20.0,2,AbsError_g,0.93,0.93,0.0,0.005,MATCH,Within tolerance
GS PID,20.0,2,AbsError_pct,4.65,4.65,0.0,0.005,MATCH,Within tolerance
GS PID,20.0,2,MaxOvershoot_g,0.93,0.93,0.0,0.005,MATCH,Within tolerance
GS PID,20.0,2,MaxOvershoot_pct,4.65,4.65,0.0,0.005,MATCH,Within tolerance
GS PID,20.0,2,Duration_s,9.17,9.17,0.0,0.001,MATCH,Within tolerance
GS PID,20.0,2,TimeTo90_s,7.446,7.446,0.0,0.001,MATCH,Within tolerance
GS PID,20.0,2,RiseTime_10_90_s,6.712,6.712,0.0,0.001,MATCH,Within tolerance
GS PID,20.0,2,SettlingTime_s,7.705,7.705,0.0,0.005,MATCH,Within tolerance
GS PID,20.0,2,BridgingCount,1,1,,EXACT,MATCH,Exact match
GS PID,20.0,2,Status,AKURAT,AKURAT,,EXACT,MATCH,Exact match
GS PID,20.0,2,Valid,True,True,,EXACT,MATCH,Exact match
GS PID,20.0,2,StopReason,TARGET,TARGET,,EXACT,MATCH,Exact match
GS PID,20.0,2,EarlyStop_g,0.4,0.4,0.0,0.001,MATCH,Within tolerance
GS PID,20.0,2,WithinTolerance,1,1,,EXACT,MATCH,Exact match
GS PID,20.0,3,Scenario,GS PID,GS PID,,EXACT,MATCH,Exact match
GS PID,20.0,3,Controller,Gain Scheduling PID,Gain Scheduling PID,,EXACT,MATCH,Exact match
GS PID,20.0,3,Setpoint_g,20.0,20.0,,EXACT,MATCH,Exact match
GS PID,20.0,3,TrialNo,3,3,,EXACT,MATCH,Exact match
GS PID,20.0,3,FileName,GS_PID_SP20_trial03.txt,GS_PID_SP20_trial03.txt,,EXACT,MATCH,Exact match
GS PID,20.0,3,FinalMass_g,22.1,22.1,0.0,0.005,MATCH,Within tolerance
GS PID,20.0,3,FinalError_g,2.1,2.1,0.0,0.005,MATCH,Within tolerance
GS PID,20.0,3,FinalError_pct,10.49,10.49,0.0,0.005,MATCH,Within tolerance
GS PID,20.0,3,AbsError_g,2.1,2.1,0.0,0.005,MATCH,Within tolerance
GS PID,20.0,3,AbsError_pct,10.49,10.49,0.0,0.005,MATCH,Within tolerance
GS PID,20.0,3,MaxOvershoot_g,2.1,2.1,0.0,0.005,MATCH,Within tolerance
GS PID,20.0,3,MaxOvershoot_pct,10.49,10.49,0.0,0.005,MATCH,Within tolerance
GS PID,20.0,3,Duration_s,21.3,21.3,0.0,0.001,MATCH,Within tolerance
GS PID,20.0,3,TimeTo90_s,19.839,19.839,0.0,0.001,MATCH,Within tolerance
GS PID,20.0,3,RiseTime_10_90_s,19.105,19.105,0.0,0.001,MATCH,Within tolerance
GS PID,20.0,3,SettlingTime_s,,,0.0,0.005,MATCH,Both NaN
GS PID,20.0,3,BridgingCount,1,1,,EXACT,MATCH,Exact match
GS PID,20.0,3,Status,OVERSHOOT,OVERSHOOT,,EXACT,MATCH,Exact match
GS PID,20.0,3,Valid,True,True,,EXACT,MATCH,Exact match
GS PID,20.0,3,StopReason,TARGET,TARGET,,EXACT,MATCH,Exact match
GS PID,20.0,3,EarlyStop_g,0.4,0.4,0.0,0.001,MATCH,Within tolerance
GS PID,20.0,3,WithinTolerance,0,0,,EXACT,MATCH,Exact match
GS PID,20.0,4,Scenario,GS PID,GS PID,,EXACT,MATCH,Exact match
GS PID,20.0,4,Controller,Gain Scheduling PID,Gain Scheduling PID,,EXACT,MATCH,Exact match
GS PID,20.0,4,Setpoint_g,20.0,20.0,,EXACT,MATCH,Exact match
GS PID,20.0,4,TrialNo,4,4,,EXACT,MATCH,Exact match
GS PID,20.0,4,FileName,GS_PID_SP20_trial04.txt,GS_PID_SP20_trial04.txt,,EXACT,MATCH,Exact match
GS PID,20.0,4,FinalMass_g,20.44,20.44,0.0,0.005,MATCH,Within tolerance
GS PID,20.0,4,FinalError_g,0.44,0.44,0.0,0.005,MATCH,Within tolerance
GS PID,20.0,4,FinalError_pct,2.18,2.18,0.0,0.005,MATCH,Within tolerance
GS PID,20.0,4,AbsError_g,0.44,0.44,0.0,0.005,MATCH,Within tolerance
GS PID,20.0,4,AbsError_pct,2.18,2.18,0.0,0.005,MATCH,Within tolerance
GS PID,20.0,4,MaxOvershoot_g,0.44,0.44,0.0,0.005,MATCH,Within tolerance
GS PID,20.0,4,MaxOvershoot_pct,2.18,2.18,0.0,0.005,MATCH,Within tolerance
GS PID,20.0,4,Duration_s,20.52,20.52,0.0,0.001,MATCH,Within tolerance
GS PID,20.0,4,TimeTo90_s,17.256,17.256,0.0,0.001,MATCH,Within tolerance
GS PID,20.0,4,RiseTime_10_90_s,16.522,16.522,0.0,0.001,MATCH,Within tolerance
GS PID,20.0,4,SettlingTime_s,18.547,18.547,0.0,0.005,MATCH,Within tolerance
GS PID,20.0,4,BridgingCount,1,1,,EXACT,MATCH,Exact match
GS PID,20.0,4,Status,AKURAT,AKURAT,,EXACT,MATCH,Exact match
GS PID,20.0,4,Valid,True,True,,EXACT,MATCH,Exact match
GS PID,20.0,4,StopReason,TARGET,TARGET,,EXACT,MATCH,Exact match
GS PID,20.0,4,EarlyStop_g,0.4,0.4,0.0,0.001,MATCH,Within tolerance
GS PID,20.0,4,WithinTolerance,1,1,,EXACT,MATCH,Exact match
GS PID,20.0,5,Scenario,GS PID,GS PID,,EXACT,MATCH,Exact match
GS PID,20.0,5,Controller,Gain Scheduling PID,Gain Scheduling PID,,EXACT,MATCH,Exact match
GS PID,20.0,5,Setpoint_g,20.0,20.0,,EXACT,MATCH,Exact match
GS PID,20.0,5,TrialNo,5,5,,EXACT,MATCH,Exact match
GS PID,20.0,5,FileName,GS_PID_SP20_trial05.txt,GS_PID_SP20_trial05.txt,,EXACT,MATCH,Exact match
GS PID,20.0,5,FinalMass_g,21.22,21.22,0.0,0.005,MATCH,Within tolerance
GS PID,20.0,5,FinalError_g,1.22,1.22,0.0,0.005,MATCH,Within tolerance
GS PID,20.0,5,FinalError_pct,6.09,6.09,0.0,0.005,MATCH,Within tolerance
GS PID,20.0,5,AbsError_g,1.22,1.22,0.0,0.005,MATCH,Within tolerance
GS PID,20.0,5,AbsError_pct,6.09,6.09,0.0,0.005,MATCH,Within tolerance
GS PID,20.0,5,MaxOvershoot_g,1.22,1.22,0.0,0.005,MATCH,Within tolerance
GS PID,20.0,5,MaxOvershoot_pct,6.09,6.09,0.0,0.005,MATCH,Within tolerance
GS PID,20.0,5,Duration_s,20.79,20.79,0.0,0.001,MATCH,Within tolerance
GS PID,20.0,5,TimeTo90_s,17.777,17.777,0.0,0.001,MATCH,Within tolerance
GS PID,20.0,5,RiseTime_10_90_s,17.043,17.043,0.0,0.001,MATCH,Within tolerance
GS PID,20.0,5,SettlingTime_s,,,0.0,0.005,MATCH,Both NaN
GS PID,20.0,5,BridgingCount,1,1,,EXACT,MATCH,Exact match
GS PID,20.0,5,Status,OVERSHOOT,OVERSHOOT,,EXACT,MATCH,Exact match
GS PID,20.0,5,Valid,True,True,,EXACT,MATCH,Exact match
GS PID,20.0,5,StopReason,TARGET,TARGET,,EXACT,MATCH,Exact match
GS PID,20.0,5,EarlyStop_g,0.4,0.4,0.0,0.001,MATCH,Within tolerance
GS PID,20.0,5,WithinTolerance,0,0,,EXACT,MATCH,Exact match
GS PID,20.0,6,Scenario,GS PID,GS PID,,EXACT,MATCH,Exact match
GS PID,20.0,6,Controller,Gain Scheduling PID,Gain Scheduling PID,,EXACT,MATCH,Exact match
GS PID,20.0,6,Setpoint_g,20.0,20.0,,EXACT,MATCH,Exact match
GS PID,20.0,6,TrialNo,6,6,,EXACT,MATCH,Exact match
GS PID,20.0,6,FileName,GS_PID_SP20_trial06.txt,GS_PID_SP20_trial06.txt,,EXACT,MATCH,Exact match
GS PID,20.0,6,FinalMass_g,19.59,19.59,0.0,0.005,MATCH,Within tolerance
GS PID,20.0,6,FinalError_g,-0.41,-0.41,0.0,0.005,MATCH,Within tolerance
GS PID,20.0,6,FinalError_pct,-2.05,-2.05,0.0,0.005,MATCH,Within tolerance
GS PID,20.0,6,AbsError_g,0.41,0.41,0.0,0.005,MATCH,Within tolerance
GS PID,20.0,6,AbsError_pct,2.05,2.05,0.0,0.005,MATCH,Within tolerance
GS PID,20.0,6,MaxOvershoot_g,0.0,0.0,0.0,0.005,MATCH,Within tolerance
GS PID,20.0,6,MaxOvershoot_pct,0.0,0.0,0.0,0.005,MATCH,Within tolerance
GS PID,20.0,6,Duration_s,18.98,18.98,0.0,0.001,MATCH,Within tolerance
GS PID,20.0,6,TimeTo90_s,17.004,17.004,0.0,0.001,MATCH,Within tolerance
GS PID,20.0,6,RiseTime_10_90_s,16.27,16.27,0.0,0.001,MATCH,Within tolerance
GS PID,20.0,6,SettlingTime_s,17.262,17.262,0.0,0.005,MATCH,Within tolerance
GS PID,20.0,6,BridgingCount,1,1,,EXACT,MATCH,Exact match
GS PID,20.0,6,Status,AKURAT,AKURAT,,EXACT,MATCH,Exact match
GS PID,20.0,6,Valid,True,True,,EXACT,MATCH,Exact match
GS PID,20.0,6,StopReason,TARGET,TARGET,,EXACT,MATCH,Exact match
GS PID,20.0,6,EarlyStop_g,0.4,0.4,0.0,0.001,MATCH,Within tolerance
GS PID,20.0,6,WithinTolerance,1,1,,EXACT,MATCH,Exact match
GS PID,20.0,7,Scenario,GS PID,GS PID,,EXACT,MATCH,Exact match
GS PID,20.0,7,Controller,Gain Scheduling PID,Gain Scheduling PID,,EXACT,MATCH,Exact match
GS PID,20.0,7,Setpoint_g,20.0,20.0,,EXACT,MATCH,Exact match
GS PID,20.0,7,TrialNo,7,7,,EXACT,MATCH,Exact match
GS PID,20.0,7,FileName,GS_PID_SP20_trial07.txt,GS_PID_SP20_trial07.txt,,EXACT,MATCH,Exact match
GS PID,20.0,7,FinalMass_g,19.87,19.87,0.0,0.005,MATCH,Within tolerance
GS PID,20.0,7,FinalError_g,-0.13,-0.13,0.0,0.005,MATCH,Within tolerance
GS PID,20.0,7,FinalError_pct,-0.67,-0.67,0.0,0.005,MATCH,Within tolerance
GS PID,20.0,7,AbsError_g,0.13,0.13,0.0,0.005,MATCH,Within tolerance
GS PID,20.0,7,AbsError_pct,0.67,0.67,0.0,0.005,MATCH,Within tolerance
GS PID,20.0,7,MaxOvershoot_g,0.0,0.0,0.0,0.005,MATCH,Within tolerance
GS PID,20.0,7,MaxOvershoot_pct,0.0,0.0,0.0,0.005,MATCH,Within tolerance
GS PID,20.0,7,Duration_s,20.79,20.79,0.0,0.001,MATCH,Within tolerance
GS PID,20.0,7,TimeTo90_s,8.998,8.998,0.0,0.001,MATCH,Within tolerance
GS PID,20.0,7,RiseTime_10_90_s,8.264,8.264,0.0,0.001,MATCH,Within tolerance
GS PID,20.0,7,SettlingTime_s,17.004,17.004,0.0,0.005,MATCH,Within tolerance
GS PID,20.0,7,BridgingCount,0,0,,EXACT,MATCH,Exact match
GS PID,20.0,7,Status,AKURAT,AKURAT,,EXACT,MATCH,Exact match
GS PID,20.0,7,Valid,True,True,,EXACT,MATCH,Exact match
GS PID,20.0,7,StopReason,TARGET,TARGET,,EXACT,MATCH,Exact match
GS PID,20.0,7,EarlyStop_g,0.4,0.4,0.0,0.001,MATCH,Within tolerance
GS PID,20.0,7,WithinTolerance,1,1,,EXACT,MATCH,Exact match
GS PID,20.0,8,Scenario,GS PID,GS PID,,EXACT,MATCH,Exact match
GS PID,20.0,8,Controller,Gain Scheduling PID,Gain Scheduling PID,,EXACT,MATCH,Exact match
GS PID,20.0,8,Setpoint_g,20.0,20.0,,EXACT,MATCH,Exact match
GS PID,20.0,8,TrialNo,8,8,,EXACT,MATCH,Exact match
GS PID,20.0,8,FileName,GS_PID_SP20_trial08.txt,GS_PID_SP20_trial08.txt,,EXACT,MATCH,Exact match
GS PID,20.0,8,FinalMass_g,20.92,20.92,0.0,0.005,MATCH,Within tolerance
GS PID,20.0,8,FinalError_g,0.92,0.92,0.0,0.005,MATCH,Within tolerance
GS PID,20.0,8,FinalError_pct,4.58,4.58,0.0,0.005,MATCH,Within tolerance
GS PID,20.0,8,AbsError_g,0.92,0.92,0.0,0.005,MATCH,Within tolerance
GS PID,20.0,8,AbsError_pct,4.58,4.58,0.0,0.005,MATCH,Within tolerance
GS PID,20.0,8,MaxOvershoot_g,0.92,0.92,0.0,0.005,MATCH,Within tolerance
GS PID,20.0,8,MaxOvershoot_pct,4.58,4.58,0.0,0.005,MATCH,Within tolerance
GS PID,20.0,8,Duration_s,12.01,12.01,0.0,0.001,MATCH,Within tolerance
GS PID,20.0,8,TimeTo90_s,10.547,10.547,0.0,0.001,MATCH,Within tolerance
GS PID,20.0,8,RiseTime_10_90_s,9.813,9.813,0.0,0.001,MATCH,Within tolerance
GS PID,20.0,8,SettlingTime_s,10.547,10.547,0.0,0.005,MATCH,Within tolerance
GS PID,20.0,8,BridgingCount,1,1,,EXACT,MATCH,Exact match
GS PID,20.0,8,Status,AKURAT,AKURAT,,EXACT,MATCH,Exact match
GS PID,20.0,8,Valid,True,True,,EXACT,MATCH,Exact match
GS PID,20.0,8,StopReason,TARGET,TARGET,,EXACT,MATCH,Exact match
GS PID,20.0,8,EarlyStop_g,0.4,0.4,0.0,0.001,MATCH,Within tolerance
GS PID,20.0,8,WithinTolerance,1,1,,EXACT,MATCH,Exact match
GS PID,20.0,9,Scenario,GS PID,GS PID,,EXACT,MATCH,Exact match
GS PID,20.0,9,Controller,Gain Scheduling PID,Gain Scheduling PID,,EXACT,MATCH,Exact match
GS PID,20.0,9,Setpoint_g,20.0,20.0,,EXACT,MATCH,Exact match
GS PID,20.0,9,TrialNo,9,9,,EXACT,MATCH,Exact match
GS PID,20.0,9,FileName,GS_PID_SP20_trial09.txt,GS_PID_SP20_trial09.txt,,EXACT,MATCH,Exact match
GS PID,20.0,9,FinalMass_g,19.46,19.46,0.0,0.005,MATCH,Within tolerance
GS PID,20.0,9,FinalError_g,-0.54,-0.54,0.0,0.005,MATCH,Within tolerance
GS PID,20.0,9,FinalError_pct,-2.7,-2.7,0.0,0.005,MATCH,Within tolerance
GS PID,20.0,9,AbsError_g,0.54,0.54,0.0,0.005,MATCH,Within tolerance
GS PID,20.0,9,AbsError_pct,2.7,2.7,0.0,0.005,MATCH,Within tolerance
GS PID,20.0,9,MaxOvershoot_g,0.0,0.0,0.0,0.005,MATCH,Within tolerance
GS PID,20.0,9,MaxOvershoot_pct,0.0,0.0,0.0,0.005,MATCH,Within tolerance
GS PID,20.0,9,Duration_s,14.59,14.59,0.0,0.001,MATCH,Within tolerance
GS PID,20.0,9,TimeTo90_s,12.355,12.355,0.0,0.001,MATCH,Within tolerance
GS PID,20.0,9,RiseTime_10_90_s,11.621,11.621,0.0,0.001,MATCH,Within tolerance
GS PID,20.0,9,SettlingTime_s,12.872,12.872,0.0,0.005,MATCH,Within tolerance
GS PID,20.0,9,BridgingCount,0,0,,EXACT,MATCH,Exact match
GS PID,20.0,9,Status,AKURAT,AKURAT,,EXACT,MATCH,Exact match
GS PID,20.0,9,Valid,True,True,,EXACT,MATCH,Exact match
GS PID,20.0,9,StopReason,TARGET,TARGET,,EXACT,MATCH,Exact match
GS PID,20.0,9,EarlyStop_g,0.4,0.4,0.0,0.001,MATCH,Within tolerance
GS PID,20.0,9,WithinTolerance,1,1,,EXACT,MATCH,Exact match
GS PID,20.0,10,Scenario,GS PID,GS PID,,EXACT,MATCH,Exact match
GS PID,20.0,10,Controller,Gain Scheduling PID,Gain Scheduling PID,,EXACT,MATCH,Exact match
GS PID,20.0,10,Setpoint_g,20.0,20.0,,EXACT,MATCH,Exact match
GS PID,20.0,10,TrialNo,10,10,,EXACT,MATCH,Exact match
GS PID,20.0,10,FileName,GS_PID_SP20_trial10.txt,GS_PID_SP20_trial10.txt,,EXACT,MATCH,Exact match
GS PID,20.0,10,FinalMass_g,19.78,19.78,0.0,0.005,MATCH,Within tolerance
GS PID,20.0,10,FinalError_g,-0.22,-0.22,0.0,0.005,MATCH,Within tolerance
GS PID,20.0,10,FinalError_pct,-1.11,-1.11,0.0,0.005,MATCH,Within tolerance
GS PID,20.0,10,AbsError_g,0.22,0.22,0.0,0.005,MATCH,Within tolerance
GS PID,20.0,10,AbsError_pct,1.11,1.11,0.0,0.005,MATCH,Within tolerance
GS PID,20.0,10,MaxOvershoot_g,0.0,0.0,0.0,0.005,MATCH,Within tolerance
GS PID,20.0,10,MaxOvershoot_pct,0.0,0.0,0.0,0.005,MATCH,Within tolerance
GS PID,20.0,10,Duration_s,25.18,25.18,0.0,0.001,MATCH,Within tolerance
GS PID,20.0,10,TimeTo90_s,19.071,19.071,0.0,0.001,MATCH,Within tolerance
GS PID,20.0,10,RiseTime_10_90_s,18.337,18.337,0.0,0.001,MATCH,Within tolerance
GS PID,20.0,10,SettlingTime_s,23.461,23.461,0.0,0.005,MATCH,Within tolerance
GS PID,20.0,10,BridgingCount,1,1,,EXACT,MATCH,Exact match
GS PID,20.0,10,Status,AKURAT,AKURAT,,EXACT,MATCH,Exact match
GS PID,20.0,10,Valid,True,True,,EXACT,MATCH,Exact match
GS PID,20.0,10,StopReason,TARGET,TARGET,,EXACT,MATCH,Exact match
GS PID,20.0,10,EarlyStop_g,0.4,0.4,0.0,0.001,MATCH,Within tolerance
GS PID,20.0,10,WithinTolerance,1,1,,EXACT,MATCH,Exact match
GS PID,25.0,1,Scenario,GS PID,GS PID,,EXACT,MATCH,Exact match
GS PID,25.0,1,Controller,Gain Scheduling PID,Gain Scheduling PID,,EXACT,MATCH,Exact match
GS PID,25.0,1,Setpoint_g,25.0,25.0,,EXACT,MATCH,Exact match
GS PID,25.0,1,TrialNo,1,1,,EXACT,MATCH,Exact match
GS PID,25.0,1,FileName,GS_PID_SP25_trial01.txt,GS_PID_SP25_trial01.txt,,EXACT,MATCH,Exact match
GS PID,25.0,1,FinalMass_g,25.84,25.84,0.0,0.005,MATCH,Within tolerance
GS PID,25.0,1,FinalError_g,0.84,0.84,0.0,0.005,MATCH,Within tolerance
GS PID,25.0,1,FinalError_pct,3.36,3.36,0.0,0.005,MATCH,Within tolerance
GS PID,25.0,1,AbsError_g,0.84,0.84,0.0,0.005,MATCH,Within tolerance
GS PID,25.0,1,AbsError_pct,3.36,3.36,0.0,0.005,MATCH,Within tolerance
GS PID,25.0,1,MaxOvershoot_g,0.84,0.84,0.0,0.005,MATCH,Within tolerance
GS PID,25.0,1,MaxOvershoot_pct,3.36,3.36,0.0,0.005,MATCH,Within tolerance
GS PID,25.0,1,Duration_s,15.11,15.11,0.0,0.001,MATCH,Within tolerance
GS PID,25.0,1,TimeTo90_s,13.388,13.388,0.0,0.001,MATCH,Within tolerance
GS PID,25.0,1,RiseTime_10_90_s,12.654,12.654,0.0,0.001,MATCH,Within tolerance
GS PID,25.0,1,SettlingTime_s,13.647,13.647,0.0,0.005,MATCH,Within tolerance
GS PID,25.0,1,BridgingCount,1,1,,EXACT,MATCH,Exact match
GS PID,25.0,1,Status,AKURAT,AKURAT,,EXACT,MATCH,Exact match
GS PID,25.0,1,Valid,True,True,,EXACT,MATCH,Exact match
GS PID,25.0,1,StopReason,TARGET,TARGET,,EXACT,MATCH,Exact match
GS PID,25.0,1,EarlyStop_g,0.4,0.4,0.0,0.001,MATCH,Within tolerance
GS PID,25.0,1,WithinTolerance,1,1,,EXACT,MATCH,Exact match
GS PID,25.0,2,Scenario,GS PID,GS PID,,EXACT,MATCH,Exact match
GS PID,25.0,2,Controller,Gain Scheduling PID,Gain Scheduling PID,,EXACT,MATCH,Exact match
GS PID,25.0,2,Setpoint_g,25.0,25.0,,EXACT,MATCH,Exact match
GS PID,25.0,2,TrialNo,2,2,,EXACT,MATCH,Exact match
GS PID,25.0,2,FileName,GS_PID_SP25_trial02.txt,GS_PID_SP25_trial02.txt,,EXACT,MATCH,Exact match
GS PID,25.0,2,FinalMass_g,25.5,25.5,0.0,0.005,MATCH,Within tolerance
GS PID,25.0,2,FinalError_g,0.5,0.5,0.0,0.005,MATCH,Within tolerance
GS PID,25.0,2,FinalError_pct,2.01,2.01,0.0,0.005,MATCH,Within tolerance
GS PID,25.0,2,AbsError_g,0.5,0.5,0.0,0.005,MATCH,Within tolerance
GS PID,25.0,2,AbsError_pct,2.01,2.01,0.0,0.005,MATCH,Within tolerance
GS PID,25.0,2,MaxOvershoot_g,0.5,0.5,0.0,0.005,MATCH,Within tolerance
GS PID,25.0,2,MaxOvershoot_pct,2.01,2.01,0.0,0.005,MATCH,Within tolerance
GS PID,25.0,2,Duration_s,18.47,18.47,0.0,0.001,MATCH,Within tolerance
GS PID,25.0,2,TimeTo90_s,13.647,13.647,0.0,0.001,MATCH,Within tolerance
GS PID,25.0,2,RiseTime_10_90_s,11.622,11.622,0.0,0.001,MATCH,Within tolerance
GS PID,25.0,2,SettlingTime_s,15.196,15.196,0.0,0.005,MATCH,Within tolerance
GS PID,25.0,2,BridgingCount,1,1,,EXACT,MATCH,Exact match
GS PID,25.0,2,Status,AKURAT,AKURAT,,EXACT,MATCH,Exact match
GS PID,25.0,2,Valid,True,True,,EXACT,MATCH,Exact match
GS PID,25.0,2,StopReason,TARGET,TARGET,,EXACT,MATCH,Exact match
GS PID,25.0,2,EarlyStop_g,0.4,0.4,0.0,0.001,MATCH,Within tolerance
GS PID,25.0,2,WithinTolerance,1,1,,EXACT,MATCH,Exact match
GS PID,25.0,3,Scenario,GS PID,GS PID,,EXACT,MATCH,Exact match
GS PID,25.0,3,Controller,Gain Scheduling PID,Gain Scheduling PID,,EXACT,MATCH,Exact match
GS PID,25.0,3,Setpoint_g,25.0,25.0,,EXACT,MATCH,Exact match
GS PID,25.0,3,TrialNo,3,3,,EXACT,MATCH,Exact match
GS PID,25.0,3,FileName,GS_PID_SP25_trial03.txt,GS_PID_SP25_trial03.txt,,EXACT,MATCH,Exact match
GS PID,25.0,3,FinalMass_g,26.84,26.84,0.0,0.005,MATCH,Within tolerance
GS PID,25.0,3,FinalError_g,1.84,1.84,0.0,0.005,MATCH,Within tolerance
GS PID,25.0,3,FinalError_pct,7.37,7.37,0.0,0.005,MATCH,Within tolerance
GS PID,25.0,3,AbsError_g,1.84,1.84,0.0,0.005,MATCH,Within tolerance
GS PID,25.0,3,AbsError_pct,7.37,7.37,0.0,0.005,MATCH,Within tolerance
GS PID,25.0,3,MaxOvershoot_g,1.84,1.84,0.0,0.005,MATCH,Within tolerance
GS PID,25.0,3,MaxOvershoot_pct,7.37,7.37,0.0,0.005,MATCH,Within tolerance
GS PID,25.0,3,Duration_s,10.46,10.46,0.0,0.001,MATCH,Within tolerance
GS PID,25.0,3,TimeTo90_s,6.932,6.932,0.0,0.001,MATCH,Within tolerance
GS PID,25.0,3,RiseTime_10_90_s,6.198,6.198,0.0,0.001,MATCH,Within tolerance
GS PID,25.0,3,SettlingTime_s,,,0.0,0.005,MATCH,Both NaN
GS PID,25.0,3,BridgingCount,0,0,,EXACT,MATCH,Exact match
GS PID,25.0,3,Status,OVERSHOOT,OVERSHOOT,,EXACT,MATCH,Exact match
GS PID,25.0,3,Valid,True,True,,EXACT,MATCH,Exact match
GS PID,25.0,3,StopReason,TARGET,TARGET,,EXACT,MATCH,Exact match
GS PID,25.0,3,EarlyStop_g,0.4,0.4,0.0,0.001,MATCH,Within tolerance
GS PID,25.0,3,WithinTolerance,0,0,,EXACT,MATCH,Exact match
GS PID,25.0,4,Scenario,GS PID,GS PID,,EXACT,MATCH,Exact match
GS PID,25.0,4,Controller,Gain Scheduling PID,Gain Scheduling PID,,EXACT,MATCH,Exact match
GS PID,25.0,4,Setpoint_g,25.0,25.0,,EXACT,MATCH,Exact match
GS PID,25.0,4,TrialNo,4,4,,EXACT,MATCH,Exact match
GS PID,25.0,4,FileName,GS_PID_SP25_trial04.txt,GS_PID_SP25_trial04.txt,,EXACT,MATCH,Exact match
GS PID,25.0,4,FinalMass_g,25.02,25.02,0.0,0.005,MATCH,Within tolerance
GS PID,25.0,4,FinalError_g,0.02,0.02,0.0,0.005,MATCH,Within tolerance
GS PID,25.0,4,FinalError_pct,0.08,0.08,0.0,0.005,MATCH,Within tolerance
GS PID,25.0,4,AbsError_g,0.02,0.02,0.0,0.005,MATCH,Within tolerance
GS PID,25.0,4,AbsError_pct,0.08,0.08,0.0,0.005,MATCH,Within tolerance
GS PID,25.0,4,MaxOvershoot_g,0.02,0.02,0.0,0.005,MATCH,Within tolerance
GS PID,25.0,4,MaxOvershoot_pct,0.08,0.08,0.0,0.005,MATCH,Within tolerance
GS PID,25.0,4,Duration_s,39.39,39.39,0.0,0.001,MATCH,Within tolerance
GS PID,25.0,4,TimeTo90_s,25.529,25.529,0.0,0.001,MATCH,Within tolerance
GS PID,25.0,4,RiseTime_10_90_s,24.795,24.795,0.0,0.001,MATCH,Within tolerance
GS PID,25.0,4,SettlingTime_s,31.727,31.727,0.0,0.005,MATCH,Within tolerance
GS PID,25.0,4,BridgingCount,1,1,,EXACT,MATCH,Exact match
GS PID,25.0,4,Status,AKURAT,AKURAT,,EXACT,MATCH,Exact match
GS PID,25.0,4,Valid,True,True,,EXACT,MATCH,Exact match
GS PID,25.0,4,StopReason,TARGET,TARGET,,EXACT,MATCH,Exact match
GS PID,25.0,4,EarlyStop_g,0.4,0.4,0.0,0.001,MATCH,Within tolerance
GS PID,25.0,4,WithinTolerance,1,1,,EXACT,MATCH,Exact match
GS PID,25.0,5,Scenario,GS PID,GS PID,,EXACT,MATCH,Exact match
GS PID,25.0,5,Controller,Gain Scheduling PID,Gain Scheduling PID,,EXACT,MATCH,Exact match
GS PID,25.0,5,Setpoint_g,25.0,25.0,,EXACT,MATCH,Exact match
GS PID,25.0,5,TrialNo,5,5,,EXACT,MATCH,Exact match
GS PID,25.0,5,FileName,GS_PID_SP25_trial05.txt,GS_PID_SP25_trial05.txt,,EXACT,MATCH,Exact match
GS PID,25.0,5,FinalMass_g,24.14,24.14,0.0,0.005,MATCH,Within tolerance
GS PID,25.0,5,FinalError_g,-0.86,-0.86,0.0,0.005,MATCH,Within tolerance
GS PID,25.0,5,FinalError_pct,-3.44,-3.44,0.0,0.005,MATCH,Within tolerance
GS PID,25.0,5,AbsError_g,0.86,0.86,0.0,0.005,MATCH,Within tolerance
GS PID,25.0,5,AbsError_pct,3.44,3.44,0.0,0.005,MATCH,Within tolerance
GS PID,25.0,5,MaxOvershoot_g,0.0,0.0,0.0,0.005,MATCH,Within tolerance
GS PID,25.0,5,MaxOvershoot_pct,0.0,0.0,0.0,0.005,MATCH,Within tolerance
GS PID,25.0,5,Duration_s,12.79,12.79,0.0,0.001,MATCH,Within tolerance
GS PID,25.0,5,TimeTo90_s,10.807,10.807,0.0,0.001,MATCH,Within tolerance
GS PID,25.0,5,RiseTime_10_90_s,10.072,10.072,0.0,0.001,MATCH,Within tolerance
GS PID,25.0,5,SettlingTime_s,11.066,11.066,0.0,0.005,MATCH,Within tolerance
GS PID,25.0,5,BridgingCount,0,0,,EXACT,MATCH,Exact match
GS PID,25.0,5,Status,AKURAT,AKURAT,,EXACT,MATCH,Exact match
GS PID,25.0,5,Valid,True,True,,EXACT,MATCH,Exact match
GS PID,25.0,5,StopReason,TARGET,TARGET,,EXACT,MATCH,Exact match
GS PID,25.0,5,EarlyStop_g,0.4,0.4,0.0,0.001,MATCH,Within tolerance
GS PID,25.0,5,WithinTolerance,1,1,,EXACT,MATCH,Exact match
GS PID,25.0,6,Scenario,GS PID,GS PID,,EXACT,MATCH,Exact match
GS PID,25.0,6,Controller,Gain Scheduling PID,Gain Scheduling PID,,EXACT,MATCH,Exact match
GS PID,25.0,6,Setpoint_g,25.0,25.0,,EXACT,MATCH,Exact match
GS PID,25.0,6,TrialNo,6,6,,EXACT,MATCH,Exact match
GS PID,25.0,6,FileName,GS_PID_SP25_trial06.txt,GS_PID_SP25_trial06.txt,,EXACT,MATCH,Exact match
GS PID,25.0,6,FinalMass_g,24.58,24.58,0.0,0.005,MATCH,Within tolerance
GS PID,25.0,6,FinalError_g,-0.42,-0.42,0.0,0.005,MATCH,Within tolerance
GS PID,25.0,6,FinalError_pct,-1.67,-1.67,0.0,0.005,MATCH,Within tolerance
GS PID,25.0,6,AbsError_g,0.42,0.42,0.0,0.005,MATCH,Within tolerance
GS PID,25.0,6,AbsError_pct,1.67,1.67,0.0,0.005,MATCH,Within tolerance
GS PID,25.0,6,MaxOvershoot_g,0.0,0.0,0.0,0.005,MATCH,Within tolerance
GS PID,25.0,6,MaxOvershoot_pct,0.0,0.0,0.0,0.005,MATCH,Within tolerance
GS PID,25.0,6,Duration_s,16.66,16.66,0.0,0.001,MATCH,Within tolerance
GS PID,25.0,6,TimeTo90_s,13.132,13.132,0.0,0.001,MATCH,Within tolerance
GS PID,25.0,6,RiseTime_10_90_s,12.139,12.139,0.0,0.001,MATCH,Within tolerance
GS PID,25.0,6,SettlingTime_s,14.94,14.94,0.0,0.005,MATCH,Within tolerance
GS PID,25.0,6,BridgingCount,1,1,,EXACT,MATCH,Exact match
GS PID,25.0,6,Status,AKURAT,AKURAT,,EXACT,MATCH,Exact match
GS PID,25.0,6,Valid,True,True,,EXACT,MATCH,Exact match
GS PID,25.0,6,StopReason,TARGET,TARGET,,EXACT,MATCH,Exact match
GS PID,25.0,6,EarlyStop_g,0.4,0.4,0.0,0.001,MATCH,Within tolerance
GS PID,25.0,6,WithinTolerance,1,1,,EXACT,MATCH,Exact match
GS PID,25.0,7,Scenario,GS PID,GS PID,,EXACT,MATCH,Exact match
GS PID,25.0,7,Controller,Gain Scheduling PID,Gain Scheduling PID,,EXACT,MATCH,Exact match
GS PID,25.0,7,Setpoint_g,25.0,25.0,,EXACT,MATCH,Exact match
GS PID,25.0,7,TrialNo,7,7,,EXACT,MATCH,Exact match
GS PID,25.0,7,FileName,GS_PID_SP25_trial07.txt,GS_PID_SP25_trial07.txt,,EXACT,MATCH,Exact match
GS PID,25.0,7,FinalMass_g,25.88,25.88,0.0,0.005,MATCH,Within tolerance
GS PID,25.0,7,FinalError_g,0.88,0.88,0.0,0.005,MATCH,Within tolerance
GS PID,25.0,7,FinalError_pct,3.52,3.52,0.0,0.005,MATCH,Within tolerance
GS PID,25.0,7,AbsError_g,0.88,0.88,0.0,0.005,MATCH,Within tolerance
GS PID,25.0,7,AbsError_pct,3.52,3.52,0.0,0.005,MATCH,Within tolerance
GS PID,25.0,7,MaxOvershoot_g,0.88,0.88,0.0,0.005,MATCH,Within tolerance
GS PID,25.0,7,MaxOvershoot_pct,3.52,3.52,0.0,0.005,MATCH,Within tolerance
GS PID,25.0,7,Duration_s,32.93,32.93,0.0,0.001,MATCH,Within tolerance
GS PID,25.0,7,TimeTo90_s,21.138,21.138,0.0,0.001,MATCH,Within tolerance
GS PID,25.0,7,RiseTime_10_90_s,20.404,20.404,0.0,0.001,MATCH,Within tolerance
GS PID,25.0,7,SettlingTime_s,29.403,29.403,0.0,0.005,MATCH,Within tolerance
GS PID,25.0,7,BridgingCount,0,0,,EXACT,MATCH,Exact match
GS PID,25.0,7,Status,AKURAT,AKURAT,,EXACT,MATCH,Exact match
GS PID,25.0,7,Valid,True,True,,EXACT,MATCH,Exact match
GS PID,25.0,7,StopReason,TARGET,TARGET,,EXACT,MATCH,Exact match
GS PID,25.0,7,EarlyStop_g,0.4,0.4,0.0,0.001,MATCH,Within tolerance
GS PID,25.0,7,WithinTolerance,1,1,,EXACT,MATCH,Exact match
GS PID,25.0,8,Scenario,GS PID,GS PID,,EXACT,MATCH,Exact match
GS PID,25.0,8,Controller,Gain Scheduling PID,Gain Scheduling PID,,EXACT,MATCH,Exact match
GS PID,25.0,8,Setpoint_g,25.0,25.0,,EXACT,MATCH,Exact match
GS PID,25.0,8,TrialNo,8,8,,EXACT,MATCH,Exact match
GS PID,25.0,8,FileName,GS_PID_SP25_trial08.txt,GS_PID_SP25_trial08.txt,,EXACT,MATCH,Exact match
GS PID,25.0,8,FinalMass_g,25.45,25.45,0.0,0.005,MATCH,Within tolerance
GS PID,25.0,8,FinalError_g,0.45,0.45,0.0,0.005,MATCH,Within tolerance
GS PID,25.0,8,FinalError_pct,1.79,1.79,0.0,0.005,MATCH,Within tolerance
GS PID,25.0,8,AbsError_g,0.45,0.45,0.0,0.005,MATCH,Within tolerance
GS PID,25.0,8,AbsError_pct,1.79,1.79,0.0,0.005,MATCH,Within tolerance
GS PID,25.0,8,MaxOvershoot_g,0.45,0.45,0.0,0.005,MATCH,Within tolerance
GS PID,25.0,8,MaxOvershoot_pct,1.79,1.79,0.0,0.005,MATCH,Within tolerance
GS PID,25.0,8,Duration_s,26.73,26.73,0.0,0.001,MATCH,Within tolerance
GS PID,25.0,8,TimeTo90_s,23.205,23.205,0.0,0.001,MATCH,Within tolerance
GS PID,25.0,8,RiseTime_10_90_s,22.471,22.471,0.0,0.001,MATCH,Within tolerance
GS PID,25.0,8,SettlingTime_s,23.721,23.721,0.0,0.005,MATCH,Within tolerance
GS PID,25.0,8,BridgingCount,0,0,,EXACT,MATCH,Exact match
GS PID,25.0,8,Status,AKURAT,AKURAT,,EXACT,MATCH,Exact match
GS PID,25.0,8,Valid,True,True,,EXACT,MATCH,Exact match
GS PID,25.0,8,StopReason,TARGET,TARGET,,EXACT,MATCH,Exact match
GS PID,25.0,8,EarlyStop_g,0.4,0.4,0.0,0.001,MATCH,Within tolerance
GS PID,25.0,8,WithinTolerance,1,1,,EXACT,MATCH,Exact match
GS PID,25.0,9,Scenario,GS PID,GS PID,,EXACT,MATCH,Exact match
GS PID,25.0,9,Controller,Gain Scheduling PID,Gain Scheduling PID,,EXACT,MATCH,Exact match
GS PID,25.0,9,Setpoint_g,25.0,25.0,,EXACT,MATCH,Exact match
GS PID,25.0,9,TrialNo,9,9,,EXACT,MATCH,Exact match
GS PID,25.0,9,FileName,GS_PID_SP25_trial09.txt,GS_PID_SP25_trial09.txt,,EXACT,MATCH,Exact match
GS PID,25.0,9,FinalMass_g,24.54,24.54,0.0,0.005,MATCH,Within tolerance
GS PID,25.0,9,FinalError_g,-0.46,-0.46,0.0,0.005,MATCH,Within tolerance
GS PID,25.0,9,FinalError_pct,-1.86,-1.86,0.0,0.005,MATCH,Within tolerance
GS PID,25.0,9,AbsError_g,0.46,0.46,0.0,0.005,MATCH,Within tolerance
GS PID,25.0,9,AbsError_pct,1.86,1.86,0.0,0.005,MATCH,Within tolerance
GS PID,25.0,9,MaxOvershoot_g,0.0,0.0,0.0,0.005,MATCH,Within tolerance
GS PID,25.0,9,MaxOvershoot_pct,0.0,0.0,0.0,0.005,MATCH,Within tolerance
GS PID,25.0,9,Duration_s,54.89,54.89,0.0,0.001,MATCH,Within tolerance
GS PID,25.0,9,TimeTo90_s,17.264,17.264,0.0,0.001,MATCH,Within tolerance
GS PID,25.0,9,RiseTime_10_90_s,16.53,16.53,0.0,0.001,MATCH,Within tolerance
GS PID,25.0,9,SettlingTime_s,43.869,43.869,0.0,0.005,MATCH,Within tolerance
GS PID,25.0,9,BridgingCount,0,0,,EXACT,MATCH,Exact match
GS PID,25.0,9,Status,AKURAT,AKURAT,,EXACT,MATCH,Exact match
GS PID,25.0,9,Valid,True,True,,EXACT,MATCH,Exact match
GS PID,25.0,9,StopReason,TARGET,TARGET,,EXACT,MATCH,Exact match
GS PID,25.0,9,EarlyStop_g,0.4,0.4,0.0,0.001,MATCH,Within tolerance
GS PID,25.0,9,WithinTolerance,1,1,,EXACT,MATCH,Exact match
GS PID,25.0,10,Scenario,GS PID,GS PID,,EXACT,MATCH,Exact match
GS PID,25.0,10,Controller,Gain Scheduling PID,Gain Scheduling PID,,EXACT,MATCH,Exact match
GS PID,25.0,10,Setpoint_g,25.0,25.0,,EXACT,MATCH,Exact match
GS PID,25.0,10,TrialNo,10,10,,EXACT,MATCH,Exact match
GS PID,25.0,10,FileName,GS_PID_SP25_trial10.txt,GS_PID_SP25_trial10.txt,,EXACT,MATCH,Exact match
GS PID,25.0,10,FinalMass_g,25.29,25.29,0.0,0.005,MATCH,Within tolerance
GS PID,25.0,10,FinalError_g,0.29,0.29,0.0,0.005,MATCH,Within tolerance
GS PID,25.0,10,FinalError_pct,1.15,1.15,0.0,0.005,MATCH,Within tolerance
GS PID,25.0,10,AbsError_g,0.29,0.29,0.0,0.005,MATCH,Within tolerance
GS PID,25.0,10,AbsError_pct,1.15,1.15,0.0,0.005,MATCH,Within tolerance
GS PID,25.0,10,MaxOvershoot_g,0.29,0.29,0.0,0.005,MATCH,Within tolerance
GS PID,25.0,10,MaxOvershoot_pct,1.15,1.15,0.0,0.005,MATCH,Within tolerance
GS PID,25.0,10,Duration_s,20.79,20.79,0.0,0.001,MATCH,Within tolerance
GS PID,25.0,10,TimeTo90_s,14.165,14.165,0.0,0.001,MATCH,Within tolerance
GS PID,25.0,10,RiseTime_10_90_s,13.431,13.431,0.0,0.001,MATCH,Within tolerance
GS PID,25.0,10,SettlingTime_s,19.073,19.073,0.0,0.005,MATCH,Within tolerance
GS PID,25.0,10,BridgingCount,0,0,,EXACT,MATCH,Exact match
GS PID,25.0,10,Status,AKURAT,AKURAT,,EXACT,MATCH,Exact match
GS PID,25.0,10,Valid,True,True,,EXACT,MATCH,Exact match
GS PID,25.0,10,StopReason,TARGET,TARGET,,EXACT,MATCH,Exact match
GS PID,25.0,10,EarlyStop_g,0.4,0.4,0.0,0.001,MATCH,Within tolerance
GS PID,25.0,10,WithinTolerance,1,1,,EXACT,MATCH,Exact match
GS PID,30.0,1,Scenario,GS PID,GS PID,,EXACT,MATCH,Exact match
GS PID,30.0,1,Controller,Gain Scheduling PID,Gain Scheduling PID,,EXACT,MATCH,Exact match
GS PID,30.0,1,Setpoint_g,30.0,30.0,,EXACT,MATCH,Exact match
GS PID,30.0,1,TrialNo,1,1,,EXACT,MATCH,Exact match
GS PID,30.0,1,FileName,GS_PID_SP30_trial01.txt,GS_PID_SP30_trial01.txt,,EXACT,MATCH,Exact match
GS PID,30.0,1,FinalMass_g,29.67,29.67,0.0,0.005,MATCH,Within tolerance
GS PID,30.0,1,FinalError_g,-0.33,-0.33,0.0,0.005,MATCH,Within tolerance
GS PID,30.0,1,FinalError_pct,-1.11,-1.11,0.0,0.005,MATCH,Within tolerance
GS PID,30.0,1,AbsError_g,0.33,0.33,0.0,0.005,MATCH,Within tolerance
GS PID,30.0,1,AbsError_pct,1.11,1.11,0.0,0.005,MATCH,Within tolerance
GS PID,30.0,1,MaxOvershoot_g,0.0,0.0,0.0,0.005,MATCH,Within tolerance
GS PID,30.0,1,MaxOvershoot_pct,0.0,0.0,0.0,0.005,MATCH,Within tolerance
GS PID,30.0,1,Duration_s,31.11,31.11,0.0,0.001,MATCH,Within tolerance
GS PID,30.0,1,TimeTo90_s,15.448,15.448,0.0,0.001,MATCH,Within tolerance
GS PID,30.0,1,RiseTime_10_90_s,14.715,14.715,0.0,0.001,MATCH,Within tolerance
GS PID,30.0,1,SettlingTime_s,19.578,19.578,0.0,0.005,MATCH,Within tolerance
GS PID,30.0,1,BridgingCount,0,0,,EXACT,MATCH,Exact match
GS PID,30.0,1,Status,AKURAT,AKURAT,,EXACT,MATCH,Exact match
GS PID,30.0,1,Valid,True,True,,EXACT,MATCH,Exact match
GS PID,30.0,1,StopReason,TARGET,TARGET,,EXACT,MATCH,Exact match
GS PID,30.0,1,EarlyStop_g,0.4,0.4,0.0,0.001,MATCH,Within tolerance
GS PID,30.0,1,WithinTolerance,1,1,,EXACT,MATCH,Exact match
GS PID,30.0,2,Scenario,GS PID,GS PID,,EXACT,MATCH,Exact match
GS PID,30.0,2,Controller,Gain Scheduling PID,Gain Scheduling PID,,EXACT,MATCH,Exact match
GS PID,30.0,2,Setpoint_g,30.0,30.0,,EXACT,MATCH,Exact match
GS PID,30.0,2,TrialNo,2,2,,EXACT,MATCH,Exact match
GS PID,30.0,2,FileName,GS_PID_SP30_trial02.txt,GS_PID_SP30_trial02.txt,,EXACT,MATCH,Exact match
GS PID,30.0,2,FinalMass_g,30.83,30.83,0.0,0.005,MATCH,Within tolerance
GS PID,30.0,2,FinalError_g,0.83,0.83,0.0,0.005,MATCH,Within tolerance
GS PID,30.0,2,FinalError_pct,2.77,2.77,0.0,0.005,MATCH,Within tolerance
GS PID,30.0,2,AbsError_g,0.83,0.83,0.0,0.005,MATCH,Within tolerance
GS PID,30.0,2,AbsError_pct,2.77,2.77,0.0,0.005,MATCH,Within tolerance
GS PID,30.0,2,MaxOvershoot_g,0.83,0.83,0.0,0.005,MATCH,Within tolerance
GS PID,30.0,2,MaxOvershoot_pct,2.77,2.77,0.0,0.005,MATCH,Within tolerance
GS PID,30.0,2,Duration_s,27.49,27.49,0.0,0.001,MATCH,Within tolerance
GS PID,30.0,2,TimeTo90_s,25.772,25.772,0.0,0.001,MATCH,Within tolerance
GS PID,30.0,2,RiseTime_10_90_s,25.039,25.039,0.0,0.001,MATCH,Within tolerance
GS PID,30.0,2,SettlingTime_s,26.03,26.03,0.0,0.005,MATCH,Within tolerance
GS PID,30.0,2,BridgingCount,2,2,,EXACT,MATCH,Exact match
GS PID,30.0,2,Status,AKURAT,AKURAT,,EXACT,MATCH,Exact match
GS PID,30.0,2,Valid,True,True,,EXACT,MATCH,Exact match
GS PID,30.0,2,StopReason,TARGET,TARGET,,EXACT,MATCH,Exact match
GS PID,30.0,2,EarlyStop_g,0.4,0.4,0.0,0.001,MATCH,Within tolerance
GS PID,30.0,2,WithinTolerance,1,1,,EXACT,MATCH,Exact match
GS PID,30.0,3,Scenario,GS PID,GS PID,,EXACT,MATCH,Exact match
GS PID,30.0,3,Controller,Gain Scheduling PID,Gain Scheduling PID,,EXACT,MATCH,Exact match
GS PID,30.0,3,Setpoint_g,30.0,30.0,,EXACT,MATCH,Exact match
GS PID,30.0,3,TrialNo,3,3,,EXACT,MATCH,Exact match
GS PID,30.0,3,FileName,GS_PID_SP30_trial03.txt,GS_PID_SP30_trial03.txt,,EXACT,MATCH,Exact match
GS PID,30.0,3,FinalMass_g,29.88,29.88,0.0,0.005,MATCH,Within tolerance
GS PID,30.0,3,FinalError_g,-0.12,-0.12,0.0,0.005,MATCH,Within tolerance
GS PID,30.0,3,FinalError_pct,-0.39,-0.39,0.0,0.005,MATCH,Within tolerance
GS PID,30.0,3,AbsError_g,0.12,0.12,0.0,0.005,MATCH,Within tolerance
GS PID,30.0,3,AbsError_pct,0.39,0.39,0.0,0.005,MATCH,Within tolerance
GS PID,30.0,3,MaxOvershoot_g,0.0,0.0,0.0,0.005,MATCH,Within tolerance
GS PID,30.0,3,MaxOvershoot_pct,0.0,0.0,0.0,0.005,MATCH,Within tolerance
GS PID,30.0,3,Duration_s,18.46,18.46,0.0,0.001,MATCH,Within tolerance
GS PID,30.0,3,TimeTo90_s,11.06,11.06,0.0,0.001,MATCH,Within tolerance
GS PID,30.0,3,RiseTime_10_90_s,8.519,8.519,0.0,0.001,MATCH,Within tolerance
GS PID,30.0,3,SettlingTime_s,14.932,14.932,0.0,0.005,MATCH,Within tolerance
GS PID,30.0,3,BridgingCount,0,0,,EXACT,MATCH,Exact match
GS PID,30.0,3,Status,AKURAT,AKURAT,,EXACT,MATCH,Exact match
GS PID,30.0,3,Valid,True,True,,EXACT,MATCH,Exact match
GS PID,30.0,3,StopReason,TARGET,TARGET,,EXACT,MATCH,Exact match
GS PID,30.0,3,EarlyStop_g,0.4,0.4,0.0,0.001,MATCH,Within tolerance
GS PID,30.0,3,WithinTolerance,1,1,,EXACT,MATCH,Exact match
GS PID,30.0,4,Scenario,GS PID,GS PID,,EXACT,MATCH,Exact match
GS PID,30.0,4,Controller,Gain Scheduling PID,Gain Scheduling PID,,EXACT,MATCH,Exact match
GS PID,30.0,4,Setpoint_g,30.0,30.0,,EXACT,MATCH,Exact match
GS PID,30.0,4,TrialNo,4,4,,EXACT,MATCH,Exact match
GS PID,30.0,4,FileName,GS_PID_SP30_trial04.txt,GS_PID_SP30_trial04.txt,,EXACT,MATCH,Exact match
GS PID,30.0,4,FinalMass_g,29.56,29.56,0.0,0.005,MATCH,Within tolerance
GS PID,30.0,4,FinalError_g,-0.44,-0.44,0.0,0.005,MATCH,Within tolerance
GS PID,30.0,4,FinalError_pct,-1.46,-1.46,0.0,0.005,MATCH,Within tolerance
GS PID,30.0,4,AbsError_g,0.44,0.44,0.0,0.005,MATCH,Within tolerance
GS PID,30.0,4,AbsError_pct,1.46,1.46,0.0,0.005,MATCH,Within tolerance
GS PID,30.0,4,MaxOvershoot_g,0.0,0.0,0.0,0.005,MATCH,Within tolerance
GS PID,30.0,4,MaxOvershoot_pct,0.0,0.0,0.0,0.005,MATCH,Within tolerance
GS PID,30.0,4,Duration_s,25.69,25.69,0.0,0.001,MATCH,Within tolerance
GS PID,30.0,4,TimeTo90_s,22.676,22.676,0.0,0.001,MATCH,Within tolerance
GS PID,30.0,4,RiseTime_10_90_s,20.136,20.136,0.0,0.001,MATCH,Within tolerance
GS PID,30.0,4,SettlingTime_s,22.934,22.934,0.0,0.005,MATCH,Within tolerance
GS PID,30.0,4,BridgingCount,1,1,,EXACT,MATCH,Exact match
GS PID,30.0,4,Status,AKURAT,AKURAT,,EXACT,MATCH,Exact match
GS PID,30.0,4,Valid,True,True,,EXACT,MATCH,Exact match
GS PID,30.0,4,StopReason,TARGET,TARGET,,EXACT,MATCH,Exact match
GS PID,30.0,4,EarlyStop_g,0.4,0.4,0.0,0.001,MATCH,Within tolerance
GS PID,30.0,4,WithinTolerance,1,1,,EXACT,MATCH,Exact match
GS PID,30.0,5,Scenario,GS PID,GS PID,,EXACT,MATCH,Exact match
GS PID,30.0,5,Controller,Gain Scheduling PID,Gain Scheduling PID,,EXACT,MATCH,Exact match
GS PID,30.0,5,Setpoint_g,30.0,30.0,,EXACT,MATCH,Exact match
GS PID,30.0,5,TrialNo,5,5,,EXACT,MATCH,Exact match
GS PID,30.0,5,FileName,GS_PID_SP30_trial05.txt,GS_PID_SP30_trial05.txt,,EXACT,MATCH,Exact match
GS PID,30.0,5,FinalMass_g,29.73,29.73,0.0,0.005,MATCH,Within tolerance
GS PID,30.0,5,FinalError_g,-0.27,-0.27,0.0,0.005,MATCH,Within tolerance
GS PID,30.0,5,FinalError_pct,-0.91,-0.91,0.0,0.005,MATCH,Within tolerance
GS PID,30.0,5,AbsError_g,0.27,0.27,0.0,0.005,MATCH,Within tolerance
GS PID,30.0,5,AbsError_pct,0.91,0.91,0.0,0.005,MATCH,Within tolerance
GS PID,30.0,5,MaxOvershoot_g,0.0,0.0,0.0,0.005,MATCH,Within tolerance
GS PID,30.0,5,MaxOvershoot_pct,0.0,0.0,0.0,0.005,MATCH,Within tolerance
GS PID,30.0,5,Duration_s,35.5,35.5,0.0,0.001,MATCH,Within tolerance
GS PID,30.0,5,TimeTo90_s,13.383,13.383,0.0,0.001,MATCH,Within tolerance
GS PID,30.0,5,RiseTime_10_90_s,12.649,12.649,0.0,0.001,MATCH,Within tolerance
GS PID,30.0,5,SettlingTime_s,33.519,33.519,0.0,0.005,MATCH,Within tolerance
GS PID,30.0,5,BridgingCount,1,1,,EXACT,MATCH,Exact match
GS PID,30.0,5,Status,AKURAT,AKURAT,,EXACT,MATCH,Exact match
GS PID,30.0,5,Valid,True,True,,EXACT,MATCH,Exact match
GS PID,30.0,5,StopReason,TARGET,TARGET,,EXACT,MATCH,Exact match
GS PID,30.0,5,EarlyStop_g,0.4,0.4,0.0,0.001,MATCH,Within tolerance
GS PID,30.0,5,WithinTolerance,1,1,,EXACT,MATCH,Exact match
GS PID,30.0,6,Scenario,GS PID,GS PID,,EXACT,MATCH,Exact match
GS PID,30.0,6,Controller,Gain Scheduling PID,Gain Scheduling PID,,EXACT,MATCH,Exact match
GS PID,30.0,6,Setpoint_g,30.0,30.0,,EXACT,MATCH,Exact match
GS PID,30.0,6,TrialNo,6,6,,EXACT,MATCH,Exact match
GS PID,30.0,6,FileName,GS_PID_SP30_trial06.txt,GS_PID_SP30_trial06.txt,,EXACT,MATCH,Exact match
GS PID,30.0,6,FinalMass_g,30.65,30.65,0.0,0.005,MATCH,Within tolerance
GS PID,30.0,6,FinalError_g,0.65,0.65,0.0,0.005,MATCH,Within tolerance
GS PID,30.0,6,FinalError_pct,2.18,2.18,0.0,0.005,MATCH,Within tolerance
GS PID,30.0,6,AbsError_g,0.65,0.65,0.0,0.005,MATCH,Within tolerance
GS PID,30.0,6,AbsError_pct,2.18,2.18,0.0,0.005,MATCH,Within tolerance
GS PID,30.0,6,MaxOvershoot_g,0.65,0.65,0.0,0.005,MATCH,Within tolerance
GS PID,30.0,6,MaxOvershoot_pct,2.18,2.18,0.0,0.005,MATCH,Within tolerance
GS PID,30.0,6,Duration_s,34.98,34.98,0.0,0.001,MATCH,Within tolerance
GS PID,30.0,6,TimeTo90_s,19.32,19.32,0.0,0.001,MATCH,Within tolerance
GS PID,30.0,6,RiseTime_10_90_s,18.586,18.586,0.0,0.001,MATCH,Within tolerance
GS PID,30.0,6,SettlingTime_s,25.257,25.257,0.0,0.005,MATCH,Within tolerance
GS PID,30.0,6,BridgingCount,2,2,,EXACT,MATCH,Exact match
GS PID,30.0,6,Status,AKURAT,AKURAT,,EXACT,MATCH,Exact match
GS PID,30.0,6,Valid,True,True,,EXACT,MATCH,Exact match
GS PID,30.0,6,StopReason,TARGET,TARGET,,EXACT,MATCH,Exact match
GS PID,30.0,6,EarlyStop_g,0.4,0.4,0.0,0.001,MATCH,Within tolerance
GS PID,30.0,6,WithinTolerance,1,1,,EXACT,MATCH,Exact match
GS PID,30.0,7,Scenario,GS PID,GS PID,,EXACT,MATCH,Exact match
GS PID,30.0,7,Controller,Gain Scheduling PID,Gain Scheduling PID,,EXACT,MATCH,Exact match
GS PID,30.0,7,Setpoint_g,30.0,30.0,,EXACT,MATCH,Exact match
GS PID,30.0,7,TrialNo,7,7,,EXACT,MATCH,Exact match
GS PID,30.0,7,FileName,GS_PID_SP30_trial07.txt,GS_PID_SP30_trial07.txt,,EXACT,MATCH,Exact match
GS PID,30.0,7,FinalMass_g,29.88,29.88,0.0,0.005,MATCH,Within tolerance
GS PID,30.0,7,FinalError_g,-0.12,-0.12,0.0,0.005,MATCH,Within tolerance
GS PID,30.0,7,FinalError_pct,-0.4,-0.4,0.0,0.005,MATCH,Within tolerance
GS PID,30.0,7,AbsError_g,0.12,0.12,0.0,0.005,MATCH,Within tolerance
GS PID,30.0,7,AbsError_pct,0.4,0.4,0.0,0.005,MATCH,Within tolerance
GS PID,30.0,7,MaxOvershoot_g,0.0,0.0,0.0,0.005,MATCH,Within tolerance
GS PID,30.0,7,MaxOvershoot_pct,0.0,0.0,0.0,0.005,MATCH,Within tolerance
GS PID,30.0,7,Duration_s,20.52,20.52,0.0,0.001,MATCH,Within tolerance
GS PID,30.0,7,TimeTo90_s,13.64,13.64,0.0,0.001,MATCH,Within tolerance
GS PID,30.0,7,RiseTime_10_90_s,12.907,12.907,0.0,0.001,MATCH,Within tolerance
GS PID,30.0,7,SettlingTime_s,14.931,14.931,0.0,0.005,MATCH,Within tolerance
GS PID,30.0,7,BridgingCount,0,0,,EXACT,MATCH,Exact match
GS PID,30.0,7,Status,AKURAT,AKURAT,,EXACT,MATCH,Exact match
GS PID,30.0,7,Valid,True,True,,EXACT,MATCH,Exact match
GS PID,30.0,7,StopReason,TARGET,TARGET,,EXACT,MATCH,Exact match
GS PID,30.0,7,EarlyStop_g,0.4,0.4,0.0,0.001,MATCH,Within tolerance
GS PID,30.0,7,WithinTolerance,1,1,,EXACT,MATCH,Exact match
GS PID,30.0,8,Scenario,GS PID,GS PID,,EXACT,MATCH,Exact match
GS PID,30.0,8,Controller,Gain Scheduling PID,Gain Scheduling PID,,EXACT,MATCH,Exact match
GS PID,30.0,8,Setpoint_g,30.0,30.0,,EXACT,MATCH,Exact match
GS PID,30.0,8,TrialNo,8,8,,EXACT,MATCH,Exact match
GS PID,30.0,8,FileName,GS_PID_SP30_trial08.txt,GS_PID_SP30_trial08.txt,,EXACT,MATCH,Exact match
GS PID,30.0,8,FinalMass_g,29.86,29.86,0.0,0.005,MATCH,Within tolerance
GS PID,30.0,8,FinalError_g,-0.14,-0.14,0.0,0.005,MATCH,Within tolerance
GS PID,30.0,8,FinalError_pct,-0.47,-0.47,0.0,0.005,MATCH,Within tolerance
GS PID,30.0,8,AbsError_g,0.14,0.14,0.0,0.005,MATCH,Within tolerance
GS PID,30.0,8,AbsError_pct,0.47,0.47,0.0,0.005,MATCH,Within tolerance
GS PID,30.0,8,MaxOvershoot_g,0.0,0.0,0.0,0.005,MATCH,Within tolerance
GS PID,30.0,8,MaxOvershoot_pct,0.0,0.0,0.0,0.005,MATCH,Within tolerance
GS PID,30.0,8,Duration_s,24.4,24.4,0.0,0.001,MATCH,Within tolerance
GS PID,30.0,8,TimeTo90_s,22.94,22.94,0.0,0.001,MATCH,Within tolerance
GS PID,30.0,8,RiseTime_10_90_s,22.206,22.206,0.0,0.001,MATCH,Within tolerance
GS PID,30.0,8,SettlingTime_s,22.94,22.94,0.0,0.005,MATCH,Within tolerance
GS PID,30.0,8,BridgingCount,2,2,,EXACT,MATCH,Exact match
GS PID,30.0,8,Status,AKURAT,AKURAT,,EXACT,MATCH,Exact match
GS PID,30.0,8,Valid,True,True,,EXACT,MATCH,Exact match
GS PID,30.0,8,StopReason,TARGET,TARGET,,EXACT,MATCH,Exact match
GS PID,30.0,8,EarlyStop_g,0.4,0.4,0.0,0.001,MATCH,Within tolerance
GS PID,30.0,8,WithinTolerance,1,1,,EXACT,MATCH,Exact match
GS PID,30.0,9,Scenario,GS PID,GS PID,,EXACT,MATCH,Exact match
GS PID,30.0,9,Controller,Gain Scheduling PID,Gain Scheduling PID,,EXACT,MATCH,Exact match
GS PID,30.0,9,Setpoint_g,30.0,30.0,,EXACT,MATCH,Exact match
GS PID,30.0,9,TrialNo,9,9,,EXACT,MATCH,Exact match
GS PID,30.0,9,FileName,GS_PID_SP30_trial09.txt,GS_PID_SP30_trial09.txt,,EXACT,MATCH,Exact match
GS PID,30.0,9,FinalMass_g,29.66,29.66,0.0,0.005,MATCH,Within tolerance
GS PID,30.0,9,FinalError_g,-0.34,-0.34,0.0,0.005,MATCH,Within tolerance
GS PID,30.0,9,FinalError_pct,-1.14,-1.14,0.0,0.005,MATCH,Within tolerance
GS PID,30.0,9,AbsError_g,0.34,0.34,0.0,0.005,MATCH,Within tolerance
GS PID,30.0,9,AbsError_pct,1.14,1.14,0.0,0.005,MATCH,Within tolerance
GS PID,30.0,9,MaxOvershoot_g,0.0,0.0,0.0,0.005,MATCH,Within tolerance
GS PID,30.0,9,MaxOvershoot_pct,0.0,0.0,0.0,0.005,MATCH,Within tolerance
GS PID,30.0,9,Duration_s,26.98,26.98,0.0,0.001,MATCH,Within tolerance
GS PID,30.0,9,TimeTo90_s,23.45,23.45,0.0,0.001,MATCH,Within tolerance
GS PID,30.0,9,RiseTime_10_90_s,20.651,20.651,0.0,0.001,MATCH,Within tolerance
GS PID,30.0,9,SettlingTime_s,23.708,23.708,0.0,0.005,MATCH,Within tolerance
GS PID,30.0,9,BridgingCount,1,1,,EXACT,MATCH,Exact match
GS PID,30.0,9,Status,AKURAT,AKURAT,,EXACT,MATCH,Exact match
GS PID,30.0,9,Valid,True,True,,EXACT,MATCH,Exact match
GS PID,30.0,9,StopReason,TARGET,TARGET,,EXACT,MATCH,Exact match
GS PID,30.0,9,EarlyStop_g,0.4,0.4,0.0,0.001,MATCH,Within tolerance
GS PID,30.0,9,WithinTolerance,1,1,,EXACT,MATCH,Exact match
GS PID,30.0,10,Scenario,GS PID,GS PID,,EXACT,MATCH,Exact match
GS PID,30.0,10,Controller,Gain Scheduling PID,Gain Scheduling PID,,EXACT,MATCH,Exact match
GS PID,30.0,10,Setpoint_g,30.0,30.0,,EXACT,MATCH,Exact match
GS PID,30.0,10,TrialNo,10,10,,EXACT,MATCH,Exact match
GS PID,30.0,10,FileName,GS_PID_SP30_trial10.txt,GS_PID_SP30_trial10.txt,,EXACT,MATCH,Exact match
GS PID,30.0,10,FinalMass_g,29.85,29.85,0.0,0.005,MATCH,Within tolerance
GS PID,30.0,10,FinalError_g,-0.15,-0.15,0.0,0.005,MATCH,Within tolerance
GS PID,30.0,10,FinalError_pct,-0.51,-0.51,0.0,0.005,MATCH,Within tolerance
GS PID,30.0,10,AbsError_g,0.15,0.15,0.0,0.005,MATCH,Within tolerance
GS PID,30.0,10,AbsError_pct,0.51,0.51,0.0,0.005,MATCH,Within tolerance
GS PID,30.0,10,MaxOvershoot_g,0.0,0.0,0.0,0.005,MATCH,Within tolerance
GS PID,30.0,10,MaxOvershoot_pct,0.0,0.0,0.0,0.005,MATCH,Within tolerance
GS PID,30.0,10,Duration_s,25.17,25.17,0.0,0.001,MATCH,Within tolerance
GS PID,30.0,10,TimeTo90_s,17.255,17.255,0.0,0.001,MATCH,Within tolerance
GS PID,30.0,10,RiseTime_10_90_s,14.714,14.714,0.0,0.001,MATCH,Within tolerance
GS PID,30.0,10,SettlingTime_s,22.16,22.16,0.0,0.005,MATCH,Within tolerance
GS PID,30.0,10,BridgingCount,0,0,,EXACT,MATCH,Exact match
GS PID,30.0,10,Status,AKURAT,AKURAT,,EXACT,MATCH,Exact match
GS PID,30.0,10,Valid,True,True,,EXACT,MATCH,Exact match
GS PID,30.0,10,StopReason,TARGET,TARGET,,EXACT,MATCH,Exact match
GS PID,30.0,10,EarlyStop_g,0.4,0.4,0.0,0.001,MATCH,Within tolerance
GS PID,30.0,10,WithinTolerance,1,1,,EXACT,MATCH,Exact match
Manual Cepat,15.0,1,Scenario,Manual Cepat,Manual Cepat,,EXACT,MATCH,Exact match
Manual Cepat,15.0,1,Controller,Manual Cepat,Manual Cepat,,EXACT,MATCH,Exact match
Manual Cepat,15.0,1,Setpoint_g,15.0,15.0,,EXACT,MATCH,Exact match
Manual Cepat,15.0,1,TrialNo,1,1,,EXACT,MATCH,Exact match
Manual Cepat,15.0,1,FileName,ManualCepat_SP15_trial01.txt,ManualCepat_SP15_trial01.txt,,EXACT,MATCH,Exact match
Manual Cepat,15.0,1,FinalMass_g,15.33,15.33,0.0,0.005,MATCH,Within tolerance
Manual Cepat,15.0,1,FinalError_g,0.33,0.33,0.0,0.005,MATCH,Within tolerance
Manual Cepat,15.0,1,FinalError_pct,2.19,2.19,0.0,0.005,MATCH,Within tolerance
Manual Cepat,15.0,1,AbsError_g,0.33,0.33,0.0,0.005,MATCH,Within tolerance
Manual Cepat,15.0,1,AbsError_pct,2.19,2.19,0.0,0.005,MATCH,Within tolerance
Manual Cepat,15.0,1,MaxOvershoot_g,0.33,0.33,0.0,0.005,MATCH,Within tolerance
Manual Cepat,15.0,1,MaxOvershoot_pct,2.19,2.19,0.0,0.005,MATCH,Within tolerance
Manual Cepat,15.0,1,Duration_s,3.06,3.06,0.0,0.001,MATCH,Within tolerance
Manual Cepat,15.0,1,TimeTo90_s,2.8,2.8,0.0,0.001,MATCH,Within tolerance
Manual Cepat,15.0,1,RiseTime_10_90_s,2.324,2.324,0.0,0.001,MATCH,Within tolerance
Manual Cepat,15.0,1,SettlingTime_s,2.8,2.8,0.0,0.005,MATCH,Within tolerance
Manual Cepat,15.0,1,BridgingCount,0,0,,EXACT,MATCH,Exact match
Manual Cepat,15.0,1,Status,AKURAT,AKURAT,,EXACT,MATCH,Exact match
Manual Cepat,15.0,1,Valid,True,True,,EXACT,MATCH,Exact match
Manual Cepat,15.0,1,StopReason,TARGET,TARGET,,EXACT,MATCH,Exact match
Manual Cepat,15.0,1,EarlyStop_g,0.4,0.4,0.0,0.001,MATCH,Within tolerance
Manual Cepat,15.0,1,WithinTolerance,1,1,,EXACT,MATCH,Exact match
Manual Cepat,15.0,2,Scenario,Manual Cepat,Manual Cepat,,EXACT,MATCH,Exact match
Manual Cepat,15.0,2,Controller,Manual Cepat,Manual Cepat,,EXACT,MATCH,Exact match
Manual Cepat,15.0,2,Setpoint_g,15.0,15.0,,EXACT,MATCH,Exact match
Manual Cepat,15.0,2,TrialNo,2,2,,EXACT,MATCH,Exact match
Manual Cepat,15.0,2,FileName,ManualCepat_SP15_trial02.txt,ManualCepat_SP15_trial02.txt,,EXACT,MATCH,Exact match
Manual Cepat,15.0,2,FinalMass_g,15.91,15.91,0.0,0.005,MATCH,Within tolerance
Manual Cepat,15.0,2,FinalError_g,0.91,0.91,0.0,0.005,MATCH,Within tolerance
Manual Cepat,15.0,2,FinalError_pct,6.08,6.08,0.0,0.005,MATCH,Within tolerance
Manual Cepat,15.0,2,AbsError_g,0.91,0.91,0.0,0.005,MATCH,Within tolerance
Manual Cepat,15.0,2,AbsError_pct,6.08,6.08,0.0,0.005,MATCH,Within tolerance
Manual Cepat,15.0,2,MaxOvershoot_g,0.91,0.91,0.0,0.005,MATCH,Within tolerance
Manual Cepat,15.0,2,MaxOvershoot_pct,6.08,6.08,0.0,0.005,MATCH,Within tolerance
Manual Cepat,15.0,2,Duration_s,5.12,5.12,0.0,0.001,MATCH,Within tolerance
Manual Cepat,15.0,2,TimeTo90_s,4.607,4.607,0.0,0.001,MATCH,Within tolerance
Manual Cepat,15.0,2,RiseTime_10_90_s,4.132,4.132,0.0,0.001,MATCH,Within tolerance
Manual Cepat,15.0,2,SettlingTime_s,,,0.0,0.005,MATCH,Both NaN
Manual Cepat,15.0,2,BridgingCount,0,0,,EXACT,MATCH,Exact match
Manual Cepat,15.0,2,Status,OVERSHOOT,OVERSHOOT,,EXACT,MATCH,Exact match
Manual Cepat,15.0,2,Valid,True,True,,EXACT,MATCH,Exact match
Manual Cepat,15.0,2,StopReason,TARGET,TARGET,,EXACT,MATCH,Exact match
Manual Cepat,15.0,2,EarlyStop_g,0.4,0.4,0.0,0.001,MATCH,Within tolerance
Manual Cepat,15.0,2,WithinTolerance,0,0,,EXACT,MATCH,Exact match
Manual Cepat,15.0,3,Scenario,Manual Cepat,Manual Cepat,,EXACT,MATCH,Exact match
Manual Cepat,15.0,3,Controller,Manual Cepat,Manual Cepat,,EXACT,MATCH,Exact match
Manual Cepat,15.0,3,Setpoint_g,15.0,15.0,,EXACT,MATCH,Exact match
Manual Cepat,15.0,3,TrialNo,3,3,,EXACT,MATCH,Exact match
Manual Cepat,15.0,3,FileName,ManualCepat_SP15_trial03.txt,ManualCepat_SP15_trial03.txt,,EXACT,MATCH,Exact match
Manual Cepat,15.0,3,FinalMass_g,15.35,15.35,0.0,0.005,MATCH,Within tolerance
Manual Cepat,15.0,3,FinalError_g,0.35,0.35,0.0,0.005,MATCH,Within tolerance
Manual Cepat,15.0,3,FinalError_pct,2.36,2.36,0.0,0.005,MATCH,Within tolerance
Manual Cepat,15.0,3,AbsError_g,0.35,0.35,0.0,0.005,MATCH,Within tolerance
Manual Cepat,15.0,3,AbsError_pct,2.36,2.36,0.0,0.005,MATCH,Within tolerance
Manual Cepat,15.0,3,MaxOvershoot_g,0.35,0.35,0.0,0.005,MATCH,Within tolerance
Manual Cepat,15.0,3,MaxOvershoot_pct,2.36,2.36,0.0,0.005,MATCH,Within tolerance
Manual Cepat,15.0,3,Duration_s,4.87,4.87,0.0,0.001,MATCH,Within tolerance
Manual Cepat,15.0,3,TimeTo90_s,3.316,3.316,0.0,0.001,MATCH,Within tolerance
Manual Cepat,15.0,3,RiseTime_10_90_s,3.099,3.099,0.0,0.001,MATCH,Within tolerance
Manual Cepat,15.0,3,SettlingTime_s,4.607,4.607,0.0,0.005,MATCH,Within tolerance
Manual Cepat,15.0,3,BridgingCount,0,0,,EXACT,MATCH,Exact match
Manual Cepat,15.0,3,Status,AKURAT,AKURAT,,EXACT,MATCH,Exact match
Manual Cepat,15.0,3,Valid,True,True,,EXACT,MATCH,Exact match
Manual Cepat,15.0,3,StopReason,TARGET,TARGET,,EXACT,MATCH,Exact match
Manual Cepat,15.0,3,EarlyStop_g,0.4,0.4,0.0,0.001,MATCH,Within tolerance
Manual Cepat,15.0,3,WithinTolerance,1,1,,EXACT,MATCH,Exact match
Manual Cepat,15.0,4,Scenario,Manual Cepat,Manual Cepat,,EXACT,MATCH,Exact match
Manual Cepat,15.0,4,Controller,Manual Cepat,Manual Cepat,,EXACT,MATCH,Exact match
Manual Cepat,15.0,4,Setpoint_g,15.0,15.0,,EXACT,MATCH,Exact match
Manual Cepat,15.0,4,TrialNo,4,4,,EXACT,MATCH,Exact match
Manual Cepat,15.0,4,FileName,ManualCepat_SP15_trial04.txt,ManualCepat_SP15_trial04.txt,,EXACT,MATCH,Exact match
Manual Cepat,15.0,4,FinalMass_g,20.48,20.48,0.0,0.005,MATCH,Within tolerance
Manual Cepat,15.0,4,FinalError_g,5.48,5.48,0.0,0.005,MATCH,Within tolerance
Manual Cepat,15.0,4,FinalError_pct,36.52,36.52,0.0,0.005,MATCH,Within tolerance
Manual Cepat,15.0,4,AbsError_g,5.48,5.48,0.0,0.005,MATCH,Within tolerance
Manual Cepat,15.0,4,AbsError_pct,36.52,36.52,0.0,0.005,MATCH,Within tolerance
Manual Cepat,15.0,4,MaxOvershoot_g,5.48,5.48,0.0,0.005,MATCH,Within tolerance
Manual Cepat,15.0,4,MaxOvershoot_pct,36.52,36.52,0.0,0.005,MATCH,Within tolerance
Manual Cepat,15.0,4,Duration_s,5.12,5.12,0.0,0.001,MATCH,Within tolerance
Manual Cepat,15.0,4,TimeTo90_s,4.865,4.865,0.0,0.001,MATCH,Within tolerance
Manual Cepat,15.0,4,RiseTime_10_90_s,4.389,4.389,0.0,0.001,MATCH,Within tolerance
Manual Cepat,15.0,4,SettlingTime_s,,,0.0,0.005,MATCH,Both NaN
Manual Cepat,15.0,4,BridgingCount,0,0,,EXACT,MATCH,Exact match
Manual Cepat,15.0,4,Status,OVERSHOOT,OVERSHOOT,,EXACT,MATCH,Exact match
Manual Cepat,15.0,4,Valid,True,True,,EXACT,MATCH,Exact match
Manual Cepat,15.0,4,StopReason,TARGET,TARGET,,EXACT,MATCH,Exact match
Manual Cepat,15.0,4,EarlyStop_g,0.4,0.4,0.0,0.001,MATCH,Within tolerance
Manual Cepat,15.0,4,WithinTolerance,0,0,,EXACT,MATCH,Exact match
Manual Cepat,15.0,5,Scenario,Manual Cepat,Manual Cepat,,EXACT,MATCH,Exact match
Manual Cepat,15.0,5,Controller,Manual Cepat,Manual Cepat,,EXACT,MATCH,Exact match
Manual Cepat,15.0,5,Setpoint_g,15.0,15.0,,EXACT,MATCH,Exact match
Manual Cepat,15.0,5,TrialNo,5,5,,EXACT,MATCH,Exact match
Manual Cepat,15.0,5,FileName,ManualCepat_SP15_trial05.txt,ManualCepat_SP15_trial05.txt,,EXACT,MATCH,Exact match
Manual Cepat,15.0,5,FinalMass_g,22.17,22.17,0.0,0.005,MATCH,Within tolerance
Manual Cepat,15.0,5,FinalError_g,7.17,7.17,0.0,0.005,MATCH,Within tolerance
Manual Cepat,15.0,5,FinalError_pct,47.83,47.83,0.0,0.005,MATCH,Within tolerance
Manual Cepat,15.0,5,AbsError_g,7.17,7.17,0.0,0.005,MATCH,Within tolerance
Manual Cepat,15.0,5,AbsError_pct,47.83,47.83,0.0,0.005,MATCH,Within tolerance
Manual Cepat,15.0,5,MaxOvershoot_g,7.17,7.17,0.0,0.005,MATCH,Within tolerance
Manual Cepat,15.0,5,MaxOvershoot_pct,47.83,47.83,0.0,0.005,MATCH,Within tolerance
Manual Cepat,15.0,5,Duration_s,17.26,17.26,0.0,0.001,MATCH,Within tolerance
Manual Cepat,15.0,5,TimeTo90_s,17.0,17.0,0.0,0.001,MATCH,Within tolerance
Manual Cepat,15.0,5,RiseTime_10_90_s,16.525,16.525,0.0,0.001,MATCH,Within tolerance
Manual Cepat,15.0,5,SettlingTime_s,,,0.0,0.005,MATCH,Both NaN
Manual Cepat,15.0,5,BridgingCount,2,2,,EXACT,MATCH,Exact match
Manual Cepat,15.0,5,Status,OVERSHOOT,OVERSHOOT,,EXACT,MATCH,Exact match
Manual Cepat,15.0,5,Valid,True,True,,EXACT,MATCH,Exact match
Manual Cepat,15.0,5,StopReason,TARGET,TARGET,,EXACT,MATCH,Exact match
Manual Cepat,15.0,5,EarlyStop_g,0.4,0.4,0.0,0.001,MATCH,Within tolerance
Manual Cepat,15.0,5,WithinTolerance,0,0,,EXACT,MATCH,Exact match
Manual Cepat,15.0,6,Scenario,Manual Cepat,Manual Cepat,,EXACT,MATCH,Exact match
Manual Cepat,15.0,6,Controller,Manual Cepat,Manual Cepat,,EXACT,MATCH,Exact match
Manual Cepat,15.0,6,Setpoint_g,15.0,15.0,,EXACT,MATCH,Exact match
Manual Cepat,15.0,6,TrialNo,6,6,,EXACT,MATCH,Exact match
Manual Cepat,15.0,6,FileName,ManualCepat_SP15_trial06.txt,ManualCepat_SP15_trial06.txt,,EXACT,MATCH,Exact match
Manual Cepat,15.0,6,FinalMass_g,16.1,16.1,0.0,0.005,MATCH,Within tolerance
Manual Cepat,15.0,6,FinalError_g,1.1,1.1,0.0,0.005,MATCH,Within tolerance
Manual Cepat,15.0,6,FinalError_pct,7.33,7.33,0.0,0.005,MATCH,Within tolerance
Manual Cepat,15.0,6,AbsError_g,1.1,1.1,0.0,0.005,MATCH,Within tolerance
Manual Cepat,15.0,6,AbsError_pct,7.33,7.33,0.0,0.005,MATCH,Within tolerance
Manual Cepat,15.0,6,MaxOvershoot_g,1.1,1.1,0.0,0.005,MATCH,Within tolerance
Manual Cepat,15.0,6,MaxOvershoot_pct,7.33,7.33,0.0,0.005,MATCH,Within tolerance
Manual Cepat,15.0,6,Duration_s,1.25,1.25,0.0,0.001,MATCH,Within tolerance
Manual Cepat,15.0,6,TimeTo90_s,0.992,0.992,0.0,0.001,MATCH,Within tolerance
Manual Cepat,15.0,6,RiseTime_10_90_s,0.517,0.517,0.0,0.001,MATCH,Within tolerance
Manual Cepat,15.0,6,SettlingTime_s,,,0.0,0.005,MATCH,Both NaN
Manual Cepat,15.0,6,BridgingCount,0,0,,EXACT,MATCH,Exact match
Manual Cepat,15.0,6,Status,OVERSHOOT,OVERSHOOT,,EXACT,MATCH,Exact match
Manual Cepat,15.0,6,Valid,True,True,,EXACT,MATCH,Exact match
Manual Cepat,15.0,6,StopReason,TARGET,TARGET,,EXACT,MATCH,Exact match
Manual Cepat,15.0,6,EarlyStop_g,0.4,0.4,0.0,0.001,MATCH,Within tolerance
Manual Cepat,15.0,6,WithinTolerance,0,0,,EXACT,MATCH,Exact match
Manual Cepat,15.0,7,Scenario,Manual Cepat,Manual Cepat,,EXACT,MATCH,Exact match
Manual Cepat,15.0,7,Controller,Manual Cepat,Manual Cepat,,EXACT,MATCH,Exact match
Manual Cepat,15.0,7,Setpoint_g,15.0,15.0,,EXACT,MATCH,Exact match
Manual Cepat,15.0,7,TrialNo,7,7,,EXACT,MATCH,Exact match
Manual Cepat,15.0,7,FileName,ManualCepat_SP15_trial07.txt,ManualCepat_SP15_trial07.txt,,EXACT,MATCH,Exact match
Manual Cepat,15.0,7,FinalMass_g,23.61,23.61,0.0,0.005,MATCH,Within tolerance
Manual Cepat,15.0,7,FinalError_g,8.61,8.61,0.0,0.005,MATCH,Within tolerance
Manual Cepat,15.0,7,FinalError_pct,57.4,57.4,0.0,0.005,MATCH,Within tolerance
Manual Cepat,15.0,7,AbsError_g,8.61,8.61,0.0,0.005,MATCH,Within tolerance
Manual Cepat,15.0,7,AbsError_pct,57.4,57.4,0.0,0.005,MATCH,Within tolerance
Manual Cepat,15.0,7,MaxOvershoot_g,8.61,8.61,0.0,0.005,MATCH,Within tolerance
Manual Cepat,15.0,7,MaxOvershoot_pct,57.4,57.4,0.0,0.005,MATCH,Within tolerance
Manual Cepat,15.0,7,Duration_s,9.0,9.0,0.0,0.001,MATCH,Within tolerance
Manual Cepat,15.0,7,TimeTo90_s,6.931,6.931,0.0,0.001,MATCH,Within tolerance
Manual Cepat,15.0,7,RiseTime_10_90_s,6.455,6.455,0.0,0.001,MATCH,Within tolerance
Manual Cepat,15.0,7,SettlingTime_s,,,0.0,0.005,MATCH,Both NaN
Manual Cepat,15.0,7,BridgingCount,0,0,,EXACT,MATCH,Exact match
Manual Cepat,15.0,7,Status,OVERSHOOT,OVERSHOOT,,EXACT,MATCH,Exact match
Manual Cepat,15.0,7,Valid,True,True,,EXACT,MATCH,Exact match
Manual Cepat,15.0,7,StopReason,TARGET,TARGET,,EXACT,MATCH,Exact match
Manual Cepat,15.0,7,EarlyStop_g,0.4,0.4,0.0,0.001,MATCH,Within tolerance
Manual Cepat,15.0,7,WithinTolerance,0,0,,EXACT,MATCH,Exact match
Manual Cepat,15.0,8,Scenario,Manual Cepat,Manual Cepat,,EXACT,MATCH,Exact match
Manual Cepat,15.0,8,Controller,Manual Cepat,Manual Cepat,,EXACT,MATCH,Exact match
Manual Cepat,15.0,8,Setpoint_g,15.0,15.0,,EXACT,MATCH,Exact match
Manual Cepat,15.0,8,TrialNo,8,8,,EXACT,MATCH,Exact match
Manual Cepat,15.0,8,FileName,ManualCepat_SP15_trial08.txt,ManualCepat_SP15_trial08.txt,,EXACT,MATCH,Exact match
Manual Cepat,15.0,8,FinalMass_g,14.92,14.92,0.0,0.005,MATCH,Within tolerance
Manual Cepat,15.0,8,FinalError_g,-0.08,-0.08,0.0,0.005,MATCH,Within tolerance
Manual Cepat,15.0,8,FinalError_pct,-0.52,-0.52,0.0,0.005,MATCH,Within tolerance
Manual Cepat,15.0,8,AbsError_g,0.08,0.08,0.0,0.005,MATCH,Within tolerance
Manual Cepat,15.0,8,AbsError_pct,0.52,0.52,0.0,0.005,MATCH,Within tolerance
Manual Cepat,15.0,8,MaxOvershoot_g,0.36,0.36,0.0,0.005,MATCH,Within tolerance
Manual Cepat,15.0,8,MaxOvershoot_pct,2.4,2.4,0.0,0.005,MATCH,Within tolerance
Manual Cepat,15.0,8,Duration_s,3.06,3.06,0.0,0.001,MATCH,Within tolerance
Manual Cepat,15.0,8,TimeTo90_s,2.8,2.8,0.0,0.001,MATCH,Within tolerance
Manual Cepat,15.0,8,RiseTime_10_90_s,2.325,2.325,0.0,0.001,MATCH,Within tolerance
Manual Cepat,15.0,8,SettlingTime_s,2.8,2.8,0.0,0.005,MATCH,Within tolerance
Manual Cepat,15.0,8,BridgingCount,0,0,,EXACT,MATCH,Exact match
Manual Cepat,15.0,8,Status,AKURAT,AKURAT,,EXACT,MATCH,Exact match
Manual Cepat,15.0,8,Valid,True,True,,EXACT,MATCH,Exact match
Manual Cepat,15.0,8,StopReason,TARGET,TARGET,,EXACT,MATCH,Exact match
Manual Cepat,15.0,8,EarlyStop_g,0.4,0.4,0.0,0.001,MATCH,Within tolerance
Manual Cepat,15.0,8,WithinTolerance,1,1,,EXACT,MATCH,Exact match
Manual Cepat,15.0,9,Scenario,Manual Cepat,Manual Cepat,,EXACT,MATCH,Exact match
Manual Cepat,15.0,9,Controller,Manual Cepat,Manual Cepat,,EXACT,MATCH,Exact match
Manual Cepat,15.0,9,Setpoint_g,15.0,15.0,,EXACT,MATCH,Exact match
Manual Cepat,15.0,9,TrialNo,9,9,,EXACT,MATCH,Exact match
Manual Cepat,15.0,9,FileName,ManualCepat_SP15_trial09.txt,ManualCepat_SP15_trial09.txt,,EXACT,MATCH,Exact match
Manual Cepat,15.0,9,FinalMass_g,18.01,18.01,0.0,0.005,MATCH,Within tolerance
Manual Cepat,15.0,9,FinalError_g,3.01,3.01,0.0,0.005,MATCH,Within tolerance
Manual Cepat,15.0,9,FinalError_pct,20.05,20.05,0.0,0.005,MATCH,Within tolerance
Manual Cepat,15.0,9,AbsError_g,3.01,3.01,0.0,0.005,MATCH,Within tolerance
Manual Cepat,15.0,9,AbsError_pct,20.05,20.05,0.0,0.005,MATCH,Within tolerance
Manual Cepat,15.0,9,MaxOvershoot_g,3.01,3.01,0.0,0.005,MATCH,Within tolerance
Manual Cepat,15.0,9,MaxOvershoot_pct,20.05,20.05,0.0,0.005,MATCH,Within tolerance
Manual Cepat,15.0,9,Duration_s,3.06,3.06,0.0,0.001,MATCH,Within tolerance
Manual Cepat,15.0,9,TimeTo90_s,2.8,2.8,0.0,0.001,MATCH,Within tolerance
Manual Cepat,15.0,9,RiseTime_10_90_s,2.324,2.324,0.0,0.001,MATCH,Within tolerance
Manual Cepat,15.0,9,SettlingTime_s,,,0.0,0.005,MATCH,Both NaN
Manual Cepat,15.0,9,BridgingCount,0,0,,EXACT,MATCH,Exact match
Manual Cepat,15.0,9,Status,OVERSHOOT,OVERSHOOT,,EXACT,MATCH,Exact match
Manual Cepat,15.0,9,Valid,True,True,,EXACT,MATCH,Exact match
Manual Cepat,15.0,9,StopReason,TARGET,TARGET,,EXACT,MATCH,Exact match
Manual Cepat,15.0,9,EarlyStop_g,0.4,0.4,0.0,0.001,MATCH,Within tolerance
Manual Cepat,15.0,9,WithinTolerance,0,0,,EXACT,MATCH,Exact match
Manual Cepat,15.0,10,Scenario,Manual Cepat,Manual Cepat,,EXACT,MATCH,Exact match
Manual Cepat,15.0,10,Controller,Manual Cepat,Manual Cepat,,EXACT,MATCH,Exact match
Manual Cepat,15.0,10,Setpoint_g,15.0,15.0,,EXACT,MATCH,Exact match
Manual Cepat,15.0,10,TrialNo,10,10,,EXACT,MATCH,Exact match
Manual Cepat,15.0,10,FileName,ManualCepat_SP15_trial10.txt,ManualCepat_SP15_trial10.txt,,EXACT,MATCH,Exact match
Manual Cepat,15.0,10,FinalMass_g,21.43,21.43,0.0,0.005,MATCH,Within tolerance
Manual Cepat,15.0,10,FinalError_g,6.43,6.43,0.0,0.005,MATCH,Within tolerance
Manual Cepat,15.0,10,FinalError_pct,42.86,42.86,0.0,0.005,MATCH,Within tolerance
Manual Cepat,15.0,10,AbsError_g,6.43,6.43,0.0,0.005,MATCH,Within tolerance
Manual Cepat,15.0,10,AbsError_pct,42.86,42.86,0.0,0.005,MATCH,Within tolerance
Manual Cepat,15.0,10,MaxOvershoot_g,6.43,6.43,0.0,0.005,MATCH,Within tolerance
Manual Cepat,15.0,10,MaxOvershoot_pct,42.86,42.86,0.0,0.005,MATCH,Within tolerance
Manual Cepat,15.0,10,Duration_s,11.58,11.58,0.0,0.001,MATCH,Within tolerance
Manual Cepat,15.0,10,TimeTo90_s,11.321,11.321,0.0,0.001,MATCH,Within tolerance
Manual Cepat,15.0,10,RiseTime_10_90_s,10.846,10.846,0.0,0.001,MATCH,Within tolerance
Manual Cepat,15.0,10,SettlingTime_s,,,0.0,0.005,MATCH,Both NaN
Manual Cepat,15.0,10,BridgingCount,1,1,,EXACT,MATCH,Exact match
Manual Cepat,15.0,10,Status,OVERSHOOT,OVERSHOOT,,EXACT,MATCH,Exact match
Manual Cepat,15.0,10,Valid,True,True,,EXACT,MATCH,Exact match
Manual Cepat,15.0,10,StopReason,TARGET,TARGET,,EXACT,MATCH,Exact match
Manual Cepat,15.0,10,EarlyStop_g,0.4,0.4,0.0,0.001,MATCH,Within tolerance
Manual Cepat,15.0,10,WithinTolerance,0,0,,EXACT,MATCH,Exact match
Manual Cepat,20.0,1,Scenario,Manual Cepat,Manual Cepat,,EXACT,MATCH,Exact match
Manual Cepat,20.0,1,Controller,Manual Cepat,Manual Cepat,,EXACT,MATCH,Exact match
Manual Cepat,20.0,1,Setpoint_g,20.0,20.0,,EXACT,MATCH,Exact match
Manual Cepat,20.0,1,TrialNo,1,1,,EXACT,MATCH,Exact match
Manual Cepat,20.0,1,FileName,ManualCepat_SP20_trial01.txt,ManualCepat_SP20_trial01.txt,,EXACT,MATCH,Exact match
Manual Cepat,20.0,1,FinalMass_g,22.92,22.92,0.0,0.005,MATCH,Within tolerance
Manual Cepat,20.0,1,FinalError_g,2.92,2.92,0.0,0.005,MATCH,Within tolerance
Manual Cepat,20.0,1,FinalError_pct,14.6,14.6,0.0,0.005,MATCH,Within tolerance
Manual Cepat,20.0,1,AbsError_g,2.92,2.92,0.0,0.005,MATCH,Within tolerance
Manual Cepat,20.0,1,AbsError_pct,14.6,14.6,0.0,0.005,MATCH,Within tolerance
Manual Cepat,20.0,1,MaxOvershoot_g,2.92,2.92,0.0,0.005,MATCH,Within tolerance
Manual Cepat,20.0,1,MaxOvershoot_pct,14.6,14.6,0.0,0.005,MATCH,Within tolerance
Manual Cepat,20.0,1,Duration_s,11.06,11.06,0.0,0.001,MATCH,Within tolerance
Manual Cepat,20.0,1,TimeTo90_s,8.996,8.996,0.0,0.001,MATCH,Within tolerance
Manual Cepat,20.0,1,RiseTime_10_90_s,8.521,8.521,0.0,0.001,MATCH,Within tolerance
Manual Cepat,20.0,1,SettlingTime_s,,,0.0,0.005,MATCH,Both NaN
Manual Cepat,20.0,1,BridgingCount,0,0,,EXACT,MATCH,Exact match
Manual Cepat,20.0,1,Status,OVERSHOOT,OVERSHOOT,,EXACT,MATCH,Exact match
Manual Cepat,20.0,1,Valid,True,True,,EXACT,MATCH,Exact match
Manual Cepat,20.0,1,StopReason,TARGET,TARGET,,EXACT,MATCH,Exact match
Manual Cepat,20.0,1,EarlyStop_g,0.4,0.4,0.0,0.001,MATCH,Within tolerance
Manual Cepat,20.0,1,WithinTolerance,0,0,,EXACT,MATCH,Exact match
Manual Cepat,20.0,2,Scenario,Manual Cepat,Manual Cepat,,EXACT,MATCH,Exact match
Manual Cepat,20.0,2,Controller,Manual Cepat,Manual Cepat,,EXACT,MATCH,Exact match
Manual Cepat,20.0,2,Setpoint_g,20.0,20.0,,EXACT,MATCH,Exact match
Manual Cepat,20.0,2,TrialNo,2,2,,EXACT,MATCH,Exact match
Manual Cepat,20.0,2,FileName,ManualCepat_SP20_trial02.txt,ManualCepat_SP20_trial02.txt,,EXACT,MATCH,Exact match
Manual Cepat,20.0,2,FinalMass_g,23.1,23.1,0.0,0.005,MATCH,Within tolerance
Manual Cepat,20.0,2,FinalError_g,3.1,3.1,0.0,0.005,MATCH,Within tolerance
Manual Cepat,20.0,2,FinalError_pct,15.52,15.52,0.0,0.005,MATCH,Within tolerance
Manual Cepat,20.0,2,AbsError_g,3.1,3.1,0.0,0.005,MATCH,Within tolerance
Manual Cepat,20.0,2,AbsError_pct,15.52,15.52,0.0,0.005,MATCH,Within tolerance
Manual Cepat,20.0,2,MaxOvershoot_g,3.1,3.1,0.0,0.005,MATCH,Within tolerance
Manual Cepat,20.0,2,MaxOvershoot_pct,15.52,15.52,0.0,0.005,MATCH,Within tolerance
Manual Cepat,20.0,2,Duration_s,4.87,4.87,0.0,0.001,MATCH,Within tolerance
Manual Cepat,20.0,2,TimeTo90_s,3.316,3.316,0.0,0.001,MATCH,Within tolerance
Manual Cepat,20.0,2,RiseTime_10_90_s,2.841,2.841,0.0,0.001,MATCH,Within tolerance
Manual Cepat,20.0,2,SettlingTime_s,,,0.0,0.005,MATCH,Both NaN
Manual Cepat,20.0,2,BridgingCount,0,0,,EXACT,MATCH,Exact match
Manual Cepat,20.0,2,Status,OVERSHOOT,OVERSHOOT,,EXACT,MATCH,Exact match
Manual Cepat,20.0,2,Valid,True,True,,EXACT,MATCH,Exact match
Manual Cepat,20.0,2,StopReason,TARGET,TARGET,,EXACT,MATCH,Exact match
Manual Cepat,20.0,2,EarlyStop_g,0.4,0.4,0.0,0.001,MATCH,Within tolerance
Manual Cepat,20.0,2,WithinTolerance,0,0,,EXACT,MATCH,Exact match
Manual Cepat,20.0,3,Scenario,Manual Cepat,Manual Cepat,,EXACT,MATCH,Exact match
Manual Cepat,20.0,3,Controller,Manual Cepat,Manual Cepat,,EXACT,MATCH,Exact match
Manual Cepat,20.0,3,Setpoint_g,20.0,20.0,,EXACT,MATCH,Exact match
Manual Cepat,20.0,3,TrialNo,3,3,,EXACT,MATCH,Exact match
Manual Cepat,20.0,3,FileName,ManualCepat_SP20_trial03.txt,ManualCepat_SP20_trial03.txt,,EXACT,MATCH,Exact match
Manual Cepat,20.0,3,FinalMass_g,19.81,19.81,0.0,0.005,MATCH,Within tolerance
Manual Cepat,20.0,3,FinalError_g,-0.19,-0.19,0.0,0.005,MATCH,Within tolerance
Manual Cepat,20.0,3,FinalError_pct,-0.93,-0.93,0.0,0.005,MATCH,Within tolerance
Manual Cepat,20.0,3,AbsError_g,0.19,0.19,0.0,0.005,MATCH,Within tolerance
Manual Cepat,20.0,3,AbsError_pct,0.93,0.93,0.0,0.005,MATCH,Within tolerance
Manual Cepat,20.0,3,MaxOvershoot_g,0.0,0.0,0.0,0.005,MATCH,Within tolerance
Manual Cepat,20.0,3,MaxOvershoot_pct,0.0,0.0,0.0,0.005,MATCH,Within tolerance
Manual Cepat,20.0,3,Duration_s,11.58,11.58,0.0,0.001,MATCH,Within tolerance
Manual Cepat,20.0,3,TimeTo90_s,11.324,11.324,0.0,0.001,MATCH,Within tolerance
Manual Cepat,20.0,3,RiseTime_10_90_s,8.782,8.782,0.0,0.001,MATCH,Within tolerance
Manual Cepat,20.0,3,SettlingTime_s,11.324,11.324,0.0,0.005,MATCH,Within tolerance
Manual Cepat,20.0,3,BridgingCount,0,0,,EXACT,MATCH,Exact match
Manual Cepat,20.0,3,Status,AKURAT,AKURAT,,EXACT,MATCH,Exact match
Manual Cepat,20.0,3,Valid,True,True,,EXACT,MATCH,Exact match
Manual Cepat,20.0,3,StopReason,TARGET,TARGET,,EXACT,MATCH,Exact match
Manual Cepat,20.0,3,EarlyStop_g,0.4,0.4,0.0,0.001,MATCH,Within tolerance
Manual Cepat,20.0,3,WithinTolerance,1,1,,EXACT,MATCH,Exact match
Manual Cepat,20.0,4,Scenario,Manual Cepat,Manual Cepat,,EXACT,MATCH,Exact match
Manual Cepat,20.0,4,Controller,Manual Cepat,Manual Cepat,,EXACT,MATCH,Exact match
Manual Cepat,20.0,4,Setpoint_g,20.0,20.0,,EXACT,MATCH,Exact match
Manual Cepat,20.0,4,TrialNo,4,4,,EXACT,MATCH,Exact match
Manual Cepat,20.0,4,FileName,ManualCepat_SP20_trial04.txt,ManualCepat_SP20_trial04.txt,,EXACT,MATCH,Exact match
Manual Cepat,20.0,4,FinalMass_g,20.59,20.59,0.0,0.005,MATCH,Within tolerance
Manual Cepat,20.0,4,FinalError_g,0.59,0.59,0.0,0.005,MATCH,Within tolerance
Manual Cepat,20.0,4,FinalError_pct,2.96,2.96,0.0,0.005,MATCH,Within tolerance
Manual Cepat,20.0,4,AbsError_g,0.59,0.59,0.0,0.005,MATCH,Within tolerance
Manual Cepat,20.0,4,AbsError_pct,2.96,2.96,0.0,0.005,MATCH,Within tolerance
Manual Cepat,20.0,4,MaxOvershoot_g,0.59,0.59,0.0,0.005,MATCH,Within tolerance
Manual Cepat,20.0,4,MaxOvershoot_pct,2.96,2.96,0.0,0.005,MATCH,Within tolerance
Manual Cepat,20.0,4,Duration_s,17.78,17.78,0.0,0.001,MATCH,Within tolerance
Manual Cepat,20.0,4,TimeTo90_s,17.264,17.264,0.0,0.001,MATCH,Within tolerance
Manual Cepat,20.0,4,RiseTime_10_90_s,16.788,16.788,0.0,0.001,MATCH,Within tolerance
Manual Cepat,20.0,4,SettlingTime_s,17.522,17.522,0.0,0.005,MATCH,Within tolerance
Manual Cepat,20.0,4,BridgingCount,1,1,,EXACT,MATCH,Exact match
Manual Cepat,20.0,4,Status,AKURAT,AKURAT,,EXACT,MATCH,Exact match
Manual Cepat,20.0,4,Valid,True,True,,EXACT,MATCH,Exact match
Manual Cepat,20.0,4,StopReason,TARGET,TARGET,,EXACT,MATCH,Exact match
Manual Cepat,20.0,4,EarlyStop_g,0.4,0.4,0.0,0.001,MATCH,Within tolerance
Manual Cepat,20.0,4,WithinTolerance,1,1,,EXACT,MATCH,Exact match
Manual Cepat,20.0,5,Scenario,Manual Cepat,Manual Cepat,,EXACT,MATCH,Exact match
Manual Cepat,20.0,5,Controller,Manual Cepat,Manual Cepat,,EXACT,MATCH,Exact match
Manual Cepat,20.0,5,Setpoint_g,20.0,20.0,,EXACT,MATCH,Exact match
Manual Cepat,20.0,5,TrialNo,5,5,,EXACT,MATCH,Exact match
Manual Cepat,20.0,5,FileName,ManualCepat_SP20_trial05.txt,ManualCepat_SP20_trial05.txt,,EXACT,MATCH,Exact match
Manual Cepat,20.0,5,FinalMass_g,22.21,22.21,0.0,0.005,MATCH,Within tolerance
Manual Cepat,20.0,5,FinalError_g,2.21,2.21,0.0,0.005,MATCH,Within tolerance
Manual Cepat,20.0,5,FinalError_pct,11.04,11.04,0.0,0.005,MATCH,Within tolerance
Manual Cepat,20.0,5,AbsError_g,2.21,2.21,0.0,0.005,MATCH,Within tolerance
Manual Cepat,20.0,5,AbsError_pct,11.04,11.04,0.0,0.005,MATCH,Within tolerance
Manual Cepat,20.0,5,MaxOvershoot_g,2.21,2.21,0.0,0.005,MATCH,Within tolerance
Manual Cepat,20.0,5,MaxOvershoot_pct,11.04,11.04,0.0,0.005,MATCH,Within tolerance
Manual Cepat,20.0,5,Duration_s,13.13,13.13,0.0,0.001,MATCH,Within tolerance
Manual Cepat,20.0,5,TimeTo90_s,11.065,11.065,0.0,0.001,MATCH,Within tolerance
Manual Cepat,20.0,5,RiseTime_10_90_s,10.589,10.589,0.0,0.001,MATCH,Within tolerance
Manual Cepat,20.0,5,SettlingTime_s,,,0.0,0.005,MATCH,Both NaN
Manual Cepat,20.0,5,BridgingCount,0,0,,EXACT,MATCH,Exact match
Manual Cepat,20.0,5,Status,OVERSHOOT,OVERSHOOT,,EXACT,MATCH,Exact match
Manual Cepat,20.0,5,Valid,True,True,,EXACT,MATCH,Exact match
Manual Cepat,20.0,5,StopReason,TARGET,TARGET,,EXACT,MATCH,Exact match
Manual Cepat,20.0,5,EarlyStop_g,0.4,0.4,0.0,0.001,MATCH,Within tolerance
Manual Cepat,20.0,5,WithinTolerance,0,0,,EXACT,MATCH,Exact match
Manual Cepat,20.0,6,Scenario,Manual Cepat,Manual Cepat,,EXACT,MATCH,Exact match
Manual Cepat,20.0,6,Controller,Manual Cepat,Manual Cepat,,EXACT,MATCH,Exact match
Manual Cepat,20.0,6,Setpoint_g,20.0,20.0,,EXACT,MATCH,Exact match
Manual Cepat,20.0,6,TrialNo,6,6,,EXACT,MATCH,Exact match
Manual Cepat,20.0,6,FileName,ManualCepat_SP20_trial06.txt,ManualCepat_SP20_trial06.txt,,EXACT,MATCH,Exact match
Manual Cepat,20.0,6,FinalMass_g,20.71,20.71,0.0,0.005,MATCH,Within tolerance
Manual Cepat,20.0,6,FinalError_g,0.71,0.71,0.0,0.005,MATCH,Within tolerance
Manual Cepat,20.0,6,FinalError_pct,3.56,3.56,0.0,0.005,MATCH,Within tolerance
Manual Cepat,20.0,6,AbsError_g,0.71,0.71,0.0,0.005,MATCH,Within tolerance
Manual Cepat,20.0,6,AbsError_pct,3.56,3.56,0.0,0.005,MATCH,Within tolerance
Manual Cepat,20.0,6,MaxOvershoot_g,0.71,0.71,0.0,0.005,MATCH,Within tolerance
Manual Cepat,20.0,6,MaxOvershoot_pct,3.56,3.56,0.0,0.005,MATCH,Within tolerance
Manual Cepat,20.0,6,Duration_s,5.38,5.38,0.0,0.001,MATCH,Within tolerance
Manual Cepat,20.0,6,TimeTo90_s,4.867,4.867,0.0,0.001,MATCH,Within tolerance
Manual Cepat,20.0,6,RiseTime_10_90_s,4.391,4.391,0.0,0.001,MATCH,Within tolerance
Manual Cepat,20.0,6,SettlingTime_s,5.125,5.125,0.0,0.005,MATCH,Within tolerance
Manual Cepat,20.0,6,BridgingCount,0,0,,EXACT,MATCH,Exact match
Manual Cepat,20.0,6,Status,AKURAT,AKURAT,,EXACT,MATCH,Exact match
Manual Cepat,20.0,6,Valid,True,True,,EXACT,MATCH,Exact match
Manual Cepat,20.0,6,StopReason,TARGET,TARGET,,EXACT,MATCH,Exact match
Manual Cepat,20.0,6,EarlyStop_g,0.4,0.4,0.0,0.001,MATCH,Within tolerance
Manual Cepat,20.0,6,WithinTolerance,1,1,,EXACT,MATCH,Exact match
Manual Cepat,20.0,7,Scenario,Manual Cepat,Manual Cepat,,EXACT,MATCH,Exact match
Manual Cepat,20.0,7,Controller,Manual Cepat,Manual Cepat,,EXACT,MATCH,Exact match
Manual Cepat,20.0,7,Setpoint_g,20.0,20.0,,EXACT,MATCH,Exact match
Manual Cepat,20.0,7,TrialNo,7,7,,EXACT,MATCH,Exact match
Manual Cepat,20.0,7,FileName,ManualCepat_SP20_trial07.txt,ManualCepat_SP20_trial07.txt,,EXACT,MATCH,Exact match
Manual Cepat,20.0,7,FinalMass_g,20.74,20.74,0.0,0.005,MATCH,Within tolerance
Manual Cepat,20.0,7,FinalError_g,0.74,0.74,0.0,0.005,MATCH,Within tolerance
Manual Cepat,20.0,7,FinalError_pct,3.69,3.69,0.0,0.005,MATCH,Within tolerance
Manual Cepat,20.0,7,AbsError_g,0.74,0.74,0.0,0.005,MATCH,Within tolerance
Manual Cepat,20.0,7,AbsError_pct,3.69,3.69,0.0,0.005,MATCH,Within tolerance
Manual Cepat,20.0,7,MaxOvershoot_g,0.74,0.74,0.0,0.005,MATCH,Within tolerance
Manual Cepat,20.0,7,MaxOvershoot_pct,3.69,3.69,0.0,0.005,MATCH,Within tolerance
Manual Cepat,20.0,7,Duration_s,4.87,4.87,0.0,0.001,MATCH,Within tolerance
Manual Cepat,20.0,7,TimeTo90_s,4.608,4.608,0.0,0.001,MATCH,Within tolerance
Manual Cepat,20.0,7,RiseTime_10_90_s,4.132,4.132,0.0,0.001,MATCH,Within tolerance
Manual Cepat,20.0,7,SettlingTime_s,4.608,4.608,0.0,0.005,MATCH,Within tolerance
Manual Cepat,20.0,7,BridgingCount,0,0,,EXACT,MATCH,Exact match
Manual Cepat,20.0,7,Status,AKURAT,AKURAT,,EXACT,MATCH,Exact match
Manual Cepat,20.0,7,Valid,True,True,,EXACT,MATCH,Exact match
Manual Cepat,20.0,7,StopReason,TARGET,TARGET,,EXACT,MATCH,Exact match
Manual Cepat,20.0,7,EarlyStop_g,0.4,0.4,0.0,0.001,MATCH,Within tolerance
Manual Cepat,20.0,7,WithinTolerance,1,1,,EXACT,MATCH,Exact match
Manual Cepat,20.0,8,Scenario,Manual Cepat,Manual Cepat,,EXACT,MATCH,Exact match
Manual Cepat,20.0,8,Controller,Manual Cepat,Manual Cepat,,EXACT,MATCH,Exact match
Manual Cepat,20.0,8,Setpoint_g,20.0,20.0,,EXACT,MATCH,Exact match
Manual Cepat,20.0,8,TrialNo,8,8,,EXACT,MATCH,Exact match
Manual Cepat,20.0,8,FileName,ManualCepat_SP20_trial08.txt,ManualCepat_SP20_trial08.txt,,EXACT,MATCH,Exact match
Manual Cepat,20.0,8,FinalMass_g,23.26,23.26,0.0,0.005,MATCH,Within tolerance
Manual Cepat,20.0,8,FinalError_g,3.26,3.26,0.0,0.005,MATCH,Within tolerance
Manual Cepat,20.0,8,FinalError_pct,16.29,16.29,0.0,0.005,MATCH,Within tolerance
Manual Cepat,20.0,8,AbsError_g,3.26,3.26,0.0,0.005,MATCH,Within tolerance
Manual Cepat,20.0,8,AbsError_pct,16.29,16.29,0.0,0.005,MATCH,Within tolerance
Manual Cepat,20.0,8,MaxOvershoot_g,3.26,3.26,0.0,0.005,MATCH,Within tolerance
Manual Cepat,20.0,8,MaxOvershoot_pct,16.29,16.29,0.0,0.005,MATCH,Within tolerance
Manual Cepat,20.0,8,Duration_s,11.32,11.32,0.0,0.001,MATCH,Within tolerance
Manual Cepat,20.0,8,TimeTo90_s,10.808,10.808,0.0,0.001,MATCH,Within tolerance
Manual Cepat,20.0,8,RiseTime_10_90_s,10.332,10.332,0.0,0.001,MATCH,Within tolerance
Manual Cepat,20.0,8,SettlingTime_s,,,0.0,0.005,MATCH,Both NaN
Manual Cepat,20.0,8,BridgingCount,0,0,,EXACT,MATCH,Exact match
Manual Cepat,20.0,8,Status,OVERSHOOT,OVERSHOOT,,EXACT,MATCH,Exact match
Manual Cepat,20.0,8,Valid,True,True,,EXACT,MATCH,Exact match
Manual Cepat,20.0,8,StopReason,TARGET,TARGET,,EXACT,MATCH,Exact match
Manual Cepat,20.0,8,EarlyStop_g,0.4,0.4,0.0,0.001,MATCH,Within tolerance
Manual Cepat,20.0,8,WithinTolerance,0,0,,EXACT,MATCH,Exact match
Manual Cepat,20.0,9,Scenario,Manual Cepat,Manual Cepat,,EXACT,MATCH,Exact match
Manual Cepat,20.0,9,Controller,Manual Cepat,Manual Cepat,,EXACT,MATCH,Exact match
Manual Cepat,20.0,9,Setpoint_g,20.0,20.0,,EXACT,MATCH,Exact match
Manual Cepat,20.0,9,TrialNo,9,9,,EXACT,MATCH,Exact match
Manual Cepat,20.0,9,FileName,ManualCepat_SP20_trial09.txt,ManualCepat_SP20_trial09.txt,,EXACT,MATCH,Exact match
Manual Cepat,20.0,9,FinalMass_g,21.52,21.52,0.0,0.005,MATCH,Within tolerance
Manual Cepat,20.0,9,FinalError_g,1.52,1.52,0.0,0.005,MATCH,Within tolerance
Manual Cepat,20.0,9,FinalError_pct,7.6,7.6,0.0,0.005,MATCH,Within tolerance
Manual Cepat,20.0,9,AbsError_g,1.52,1.52,0.0,0.005,MATCH,Within tolerance
Manual Cepat,20.0,9,AbsError_pct,7.6,7.6,0.0,0.005,MATCH,Within tolerance
Manual Cepat,20.0,9,MaxOvershoot_g,1.52,1.52,0.0,0.005,MATCH,Within tolerance
Manual Cepat,20.0,9,MaxOvershoot_pct,7.6,7.6,0.0,0.005,MATCH,Within tolerance
Manual Cepat,20.0,9,Duration_s,13.39,13.39,0.0,0.001,MATCH,Within tolerance
Manual Cepat,20.0,9,TimeTo90_s,12.873,12.873,0.0,0.001,MATCH,Within tolerance
Manual Cepat,20.0,9,RiseTime_10_90_s,12.397,12.397,0.0,0.001,MATCH,Within tolerance
Manual Cepat,20.0,9,SettlingTime_s,,,0.0,0.005,MATCH,Both NaN
Manual Cepat,20.0,9,BridgingCount,1,1,,EXACT,MATCH,Exact match
Manual Cepat,20.0,9,Status,OVERSHOOT,OVERSHOOT,,EXACT,MATCH,Exact match
Manual Cepat,20.0,9,Valid,True,True,,EXACT,MATCH,Exact match
Manual Cepat,20.0,9,StopReason,TARGET,TARGET,,EXACT,MATCH,Exact match
Manual Cepat,20.0,9,EarlyStop_g,0.4,0.4,0.0,0.001,MATCH,Within tolerance
Manual Cepat,20.0,9,WithinTolerance,0,0,,EXACT,MATCH,Exact match
Manual Cepat,20.0,10,Scenario,Manual Cepat,Manual Cepat,,EXACT,MATCH,Exact match
Manual Cepat,20.0,10,Controller,Manual Cepat,Manual Cepat,,EXACT,MATCH,Exact match
Manual Cepat,20.0,10,Setpoint_g,20.0,20.0,,EXACT,MATCH,Exact match
Manual Cepat,20.0,10,TrialNo,10,10,,EXACT,MATCH,Exact match
Manual Cepat,20.0,10,FileName,ManualCepat_SP20_trial10.txt,ManualCepat_SP20_trial10.txt,,EXACT,MATCH,Exact match
Manual Cepat,20.0,10,FinalMass_g,23.26,23.26,0.0,0.005,MATCH,Within tolerance
Manual Cepat,20.0,10,FinalError_g,3.26,3.26,0.0,0.005,MATCH,Within tolerance
Manual Cepat,20.0,10,FinalError_pct,16.28,16.28,0.0,0.005,MATCH,Within tolerance
Manual Cepat,20.0,10,AbsError_g,3.26,3.26,0.0,0.005,MATCH,Within tolerance
Manual Cepat,20.0,10,AbsError_pct,16.28,16.28,0.0,0.005,MATCH,Within tolerance
Manual Cepat,20.0,10,MaxOvershoot_g,3.26,3.26,0.0,0.005,MATCH,Within tolerance
Manual Cepat,20.0,10,MaxOvershoot_pct,16.28,16.28,0.0,0.005,MATCH,Within tolerance
Manual Cepat,20.0,10,Duration_s,4.87,4.87,0.0,0.001,MATCH,Within tolerance
Manual Cepat,20.0,10,TimeTo90_s,4.609,4.609,0.0,0.001,MATCH,Within tolerance
Manual Cepat,20.0,10,RiseTime_10_90_s,4.133,4.133,0.0,0.001,MATCH,Within tolerance
Manual Cepat,20.0,10,SettlingTime_s,,,0.0,0.005,MATCH,Both NaN
Manual Cepat,20.0,10,BridgingCount,0,0,,EXACT,MATCH,Exact match
Manual Cepat,20.0,10,Status,OVERSHOOT,OVERSHOOT,,EXACT,MATCH,Exact match
Manual Cepat,20.0,10,Valid,True,True,,EXACT,MATCH,Exact match
Manual Cepat,20.0,10,StopReason,TARGET,TARGET,,EXACT,MATCH,Exact match
Manual Cepat,20.0,10,EarlyStop_g,0.4,0.4,0.0,0.001,MATCH,Within tolerance
Manual Cepat,20.0,10,WithinTolerance,0,0,,EXACT,MATCH,Exact match
Manual Cepat,25.0,1,Scenario,Manual Cepat,Manual Cepat,,EXACT,MATCH,Exact match
Manual Cepat,25.0,1,Controller,Manual Cepat,Manual Cepat,,EXACT,MATCH,Exact match
Manual Cepat,25.0,1,Setpoint_g,25.0,25.0,,EXACT,MATCH,Exact match
Manual Cepat,25.0,1,TrialNo,1,1,,EXACT,MATCH,Exact match
Manual Cepat,25.0,1,FileName,ManualCepat_SP25_trial01.txt,ManualCepat_SP25_trial01.txt,,EXACT,MATCH,Exact match
Manual Cepat,25.0,1,FinalMass_g,28.24,28.24,0.0,0.005,MATCH,Within tolerance
Manual Cepat,25.0,1,FinalError_g,3.24,3.24,0.0,0.005,MATCH,Within tolerance
Manual Cepat,25.0,1,FinalError_pct,12.94,12.94,0.0,0.005,MATCH,Within tolerance
Manual Cepat,25.0,1,AbsError_g,3.24,3.24,0.0,0.005,MATCH,Within tolerance
Manual Cepat,25.0,1,AbsError_pct,12.94,12.94,0.0,0.005,MATCH,Within tolerance
Manual Cepat,25.0,1,MaxOvershoot_g,3.24,3.24,0.0,0.005,MATCH,Within tolerance
Manual Cepat,25.0,1,MaxOvershoot_pct,12.94,12.94,0.0,0.005,MATCH,Within tolerance
Manual Cepat,25.0,1,Duration_s,5.64,5.64,0.0,0.001,MATCH,Within tolerance
Manual Cepat,25.0,1,TimeTo90_s,5.382,5.382,0.0,0.001,MATCH,Within tolerance
Manual Cepat,25.0,1,RiseTime_10_90_s,4.907,4.907,0.0,0.001,MATCH,Within tolerance
Manual Cepat,25.0,1,SettlingTime_s,,,0.0,0.005,MATCH,Both NaN
Manual Cepat,25.0,1,BridgingCount,0,0,,EXACT,MATCH,Exact match
Manual Cepat,25.0,1,Status,OVERSHOOT,OVERSHOOT,,EXACT,MATCH,Exact match
Manual Cepat,25.0,1,Valid,True,True,,EXACT,MATCH,Exact match
Manual Cepat,25.0,1,StopReason,TARGET,TARGET,,EXACT,MATCH,Exact match
Manual Cepat,25.0,1,EarlyStop_g,0.4,0.4,0.0,0.001,MATCH,Within tolerance
Manual Cepat,25.0,1,WithinTolerance,0,0,,EXACT,MATCH,Exact match
Manual Cepat,25.0,2,Scenario,Manual Cepat,Manual Cepat,,EXACT,MATCH,Exact match
Manual Cepat,25.0,2,Controller,Manual Cepat,Manual Cepat,,EXACT,MATCH,Exact match
Manual Cepat,25.0,2,Setpoint_g,25.0,25.0,,EXACT,MATCH,Exact match
Manual Cepat,25.0,2,TrialNo,2,2,,EXACT,MATCH,Exact match
Manual Cepat,25.0,2,FileName,ManualCepat_SP25_trial02.txt,ManualCepat_SP25_trial02.txt,,EXACT,MATCH,Exact match
Manual Cepat,25.0,2,FinalMass_g,31.57,31.57,0.0,0.005,MATCH,Within tolerance
Manual Cepat,25.0,2,FinalError_g,6.57,6.57,0.0,0.005,MATCH,Within tolerance
Manual Cepat,25.0,2,FinalError_pct,26.26,26.26,0.0,0.005,MATCH,Within tolerance
Manual Cepat,25.0,2,AbsError_g,6.57,6.57,0.0,0.005,MATCH,Within tolerance
Manual Cepat,25.0,2,AbsError_pct,26.26,26.26,0.0,0.005,MATCH,Within tolerance
Manual Cepat,25.0,2,MaxOvershoot_g,6.57,6.57,0.0,0.005,MATCH,Within tolerance
Manual Cepat,25.0,2,MaxOvershoot_pct,26.26,26.26,0.0,0.005,MATCH,Within tolerance
Manual Cepat,25.0,2,Duration_s,9.26,9.26,0.0,0.001,MATCH,Within tolerance
Manual Cepat,25.0,2,TimeTo90_s,8.74,8.74,0.0,0.001,MATCH,Within tolerance
Manual Cepat,25.0,2,RiseTime_10_90_s,8.265,8.265,0.0,0.001,MATCH,Within tolerance
Manual Cepat,25.0,2,SettlingTime_s,,,0.0,0.005,MATCH,Both NaN
Manual Cepat,25.0,2,BridgingCount,0,0,,EXACT,MATCH,Exact match
Manual Cepat,25.0,2,Status,OVERSHOOT,OVERSHOOT,,EXACT,MATCH,Exact match
Manual Cepat,25.0,2,Valid,True,True,,EXACT,MATCH,Exact match
Manual Cepat,25.0,2,StopReason,TARGET,TARGET,,EXACT,MATCH,Exact match
Manual Cepat,25.0,2,EarlyStop_g,0.4,0.4,0.0,0.001,MATCH,Within tolerance
Manual Cepat,25.0,2,WithinTolerance,0,0,,EXACT,MATCH,Exact match
Manual Cepat,25.0,3,Scenario,Manual Cepat,Manual Cepat,,EXACT,MATCH,Exact match
Manual Cepat,25.0,3,Controller,Manual Cepat,Manual Cepat,,EXACT,MATCH,Exact match
Manual Cepat,25.0,3,Setpoint_g,25.0,25.0,,EXACT,MATCH,Exact match
Manual Cepat,25.0,3,TrialNo,3,3,,EXACT,MATCH,Exact match
Manual Cepat,25.0,3,FileName,ManualCepat_SP25_trial03.txt,ManualCepat_SP25_trial03.txt,,EXACT,MATCH,Exact match
Manual Cepat,25.0,3,FinalMass_g,24.7,24.7,0.0,0.005,MATCH,Within tolerance
Manual Cepat,25.0,3,FinalError_g,-0.3,-0.3,0.0,0.005,MATCH,Within tolerance
Manual Cepat,25.0,3,FinalError_pct,-1.2,-1.2,0.0,0.005,MATCH,Within tolerance
Manual Cepat,25.0,3,AbsError_g,0.3,0.3,0.0,0.005,MATCH,Within tolerance
Manual Cepat,25.0,3,AbsError_pct,1.2,1.2,0.0,0.005,MATCH,Within tolerance
Manual Cepat,25.0,3,MaxOvershoot_g,0.0,0.0,0.0,0.005,MATCH,Within tolerance
Manual Cepat,25.0,3,MaxOvershoot_pct,0.0,0.0,0.0,0.005,MATCH,Within tolerance
Manual Cepat,25.0,3,Duration_s,9.77,9.77,0.0,0.001,MATCH,Within tolerance
Manual Cepat,25.0,3,TimeTo90_s,9.257,9.257,0.0,0.001,MATCH,Within tolerance
Manual Cepat,25.0,3,RiseTime_10_90_s,8.781,8.781,0.0,0.001,MATCH,Within tolerance
Manual Cepat,25.0,3,SettlingTime_s,9.516,9.516,0.0,0.005,MATCH,Within tolerance
Manual Cepat,25.0,3,BridgingCount,0,0,,EXACT,MATCH,Exact match
Manual Cepat,25.0,3,Status,AKURAT,AKURAT,,EXACT,MATCH,Exact match
Manual Cepat,25.0,3,Valid,True,True,,EXACT,MATCH,Exact match
Manual Cepat,25.0,3,StopReason,TARGET,TARGET,,EXACT,MATCH,Exact match
Manual Cepat,25.0,3,EarlyStop_g,0.4,0.4,0.0,0.001,MATCH,Within tolerance
Manual Cepat,25.0,3,WithinTolerance,1,1,,EXACT,MATCH,Exact match
Manual Cepat,25.0,4,Scenario,Manual Cepat,Manual Cepat,,EXACT,MATCH,Exact match
Manual Cepat,25.0,4,Controller,Manual Cepat,Manual Cepat,,EXACT,MATCH,Exact match
Manual Cepat,25.0,4,Setpoint_g,25.0,25.0,,EXACT,MATCH,Exact match
Manual Cepat,25.0,4,TrialNo,4,4,,EXACT,MATCH,Exact match
Manual Cepat,25.0,4,FileName,ManualCepat_SP25_trial04.txt,ManualCepat_SP25_trial04.txt,,EXACT,MATCH,Exact match
Manual Cepat,25.0,4,FinalMass_g,26.85,26.85,0.0,0.005,MATCH,Within tolerance
Manual Cepat,25.0,4,FinalError_g,1.85,1.85,0.0,0.005,MATCH,Within tolerance
Manual Cepat,25.0,4,FinalError_pct,7.4,7.4,0.0,0.005,MATCH,Within tolerance
Manual Cepat,25.0,4,AbsError_g,1.85,1.85,0.0,0.005,MATCH,Within tolerance
Manual Cepat,25.0,4,AbsError_pct,7.4,7.4,0.0,0.005,MATCH,Within tolerance
Manual Cepat,25.0,4,MaxOvershoot_g,1.85,1.85,0.0,0.005,MATCH,Within tolerance
Manual Cepat,25.0,4,MaxOvershoot_pct,7.4,7.4,0.0,0.005,MATCH,Within tolerance
Manual Cepat,25.0,4,Duration_s,13.13,13.13,0.0,0.001,MATCH,Within tolerance
Manual Cepat,25.0,4,TimeTo90_s,12.873,12.873,0.0,0.001,MATCH,Within tolerance
Manual Cepat,25.0,4,RiseTime_10_90_s,12.397,12.397,0.0,0.001,MATCH,Within tolerance
Manual Cepat,25.0,4,SettlingTime_s,,,0.0,0.005,MATCH,Both NaN
Manual Cepat,25.0,4,BridgingCount,0,0,,EXACT,MATCH,Exact match
Manual Cepat,25.0,4,Status,OVERSHOOT,OVERSHOOT,,EXACT,MATCH,Exact match
Manual Cepat,25.0,4,Valid,True,True,,EXACT,MATCH,Exact match
Manual Cepat,25.0,4,StopReason,TARGET,TARGET,,EXACT,MATCH,Exact match
Manual Cepat,25.0,4,EarlyStop_g,0.4,0.4,0.0,0.001,MATCH,Within tolerance
Manual Cepat,25.0,4,WithinTolerance,0,0,,EXACT,MATCH,Exact match
Manual Cepat,25.0,5,Scenario,Manual Cepat,Manual Cepat,,EXACT,MATCH,Exact match
Manual Cepat,25.0,5,Controller,Manual Cepat,Manual Cepat,,EXACT,MATCH,Exact match
Manual Cepat,25.0,5,Setpoint_g,25.0,25.0,,EXACT,MATCH,Exact match
Manual Cepat,25.0,5,TrialNo,5,5,,EXACT,MATCH,Exact match
Manual Cepat,25.0,5,FileName,ManualCepat_SP25_trial05.txt,ManualCepat_SP25_trial05.txt,,EXACT,MATCH,Exact match
Manual Cepat,25.0,5,FinalMass_g,28.44,28.44,0.0,0.005,MATCH,Within tolerance
Manual Cepat,25.0,5,FinalError_g,3.44,3.44,0.0,0.005,MATCH,Within tolerance
Manual Cepat,25.0,5,FinalError_pct,13.74,13.74,0.0,0.005,MATCH,Within tolerance
Manual Cepat,25.0,5,AbsError_g,3.44,3.44,0.0,0.005,MATCH,Within tolerance
Manual Cepat,25.0,5,AbsError_pct,13.74,13.74,0.0,0.005,MATCH,Within tolerance
Manual Cepat,25.0,5,MaxOvershoot_g,3.44,3.44,0.0,0.005,MATCH,Within tolerance
Manual Cepat,25.0,5,MaxOvershoot_pct,13.74,13.74,0.0,0.005,MATCH,Within tolerance
Manual Cepat,25.0,5,Duration_s,15.2,15.2,0.0,0.001,MATCH,Within tolerance
Manual Cepat,25.0,5,TimeTo90_s,13.39,13.39,0.0,0.001,MATCH,Within tolerance
Manual Cepat,25.0,5,RiseTime_10_90_s,12.915,12.915,0.0,0.001,MATCH,Within tolerance
Manual Cepat,25.0,5,SettlingTime_s,,,0.0,0.005,MATCH,Both NaN
Manual Cepat,25.0,5,BridgingCount,0,0,,EXACT,MATCH,Exact match
Manual Cepat,25.0,5,Status,OVERSHOOT,OVERSHOOT,,EXACT,MATCH,Exact match
Manual Cepat,25.0,5,Valid,True,True,,EXACT,MATCH,Exact match
Manual Cepat,25.0,5,StopReason,TARGET,TARGET,,EXACT,MATCH,Exact match
Manual Cepat,25.0,5,EarlyStop_g,0.4,0.4,0.0,0.001,MATCH,Within tolerance
Manual Cepat,25.0,5,WithinTolerance,0,0,,EXACT,MATCH,Exact match
Manual Cepat,25.0,6,Scenario,Manual Cepat,Manual Cepat,,EXACT,MATCH,Exact match
Manual Cepat,25.0,6,Controller,Manual Cepat,Manual Cepat,,EXACT,MATCH,Exact match
Manual Cepat,25.0,6,Setpoint_g,25.0,25.0,,EXACT,MATCH,Exact match
Manual Cepat,25.0,6,TrialNo,6,6,,EXACT,MATCH,Exact match
Manual Cepat,25.0,6,FileName,ManualCepat_SP25_trial06.txt,ManualCepat_SP25_trial06.txt,,EXACT,MATCH,Exact match
Manual Cepat,25.0,6,FinalMass_g,26.58,26.58,0.0,0.005,MATCH,Within tolerance
Manual Cepat,25.0,6,FinalError_g,1.58,1.58,0.0,0.005,MATCH,Within tolerance
Manual Cepat,25.0,6,FinalError_pct,6.33,6.33,0.0,0.005,MATCH,Within tolerance
Manual Cepat,25.0,6,AbsError_g,1.58,1.58,0.0,0.005,MATCH,Within tolerance
Manual Cepat,25.0,6,AbsError_pct,6.33,6.33,0.0,0.005,MATCH,Within tolerance
Manual Cepat,25.0,6,MaxOvershoot_g,1.58,1.58,0.0,0.005,MATCH,Within tolerance
Manual Cepat,25.0,6,MaxOvershoot_pct,6.33,6.33,0.0,0.005,MATCH,Within tolerance
Manual Cepat,25.0,6,Duration_s,7.19,7.19,0.0,0.001,MATCH,Within tolerance
Manual Cepat,25.0,6,TimeTo90_s,6.675,6.675,0.0,0.001,MATCH,Within tolerance
Manual Cepat,25.0,6,RiseTime_10_90_s,6.199,6.199,0.0,0.001,MATCH,Within tolerance
Manual Cepat,25.0,6,SettlingTime_s,,,0.0,0.005,MATCH,Both NaN
Manual Cepat,25.0,6,BridgingCount,0,0,,EXACT,MATCH,Exact match
Manual Cepat,25.0,6,Status,OVERSHOOT,OVERSHOOT,,EXACT,MATCH,Exact match
Manual Cepat,25.0,6,Valid,True,True,,EXACT,MATCH,Exact match
Manual Cepat,25.0,6,StopReason,TARGET,TARGET,,EXACT,MATCH,Exact match
Manual Cepat,25.0,6,EarlyStop_g,0.4,0.4,0.0,0.001,MATCH,Within tolerance
Manual Cepat,25.0,6,WithinTolerance,0,0,,EXACT,MATCH,Exact match
Manual Cepat,25.0,7,Scenario,Manual Cepat,Manual Cepat,,EXACT,MATCH,Exact match
Manual Cepat,25.0,7,Controller,Manual Cepat,Manual Cepat,,EXACT,MATCH,Exact match
Manual Cepat,25.0,7,Setpoint_g,25.0,25.0,,EXACT,MATCH,Exact match
Manual Cepat,25.0,7,TrialNo,7,7,,EXACT,MATCH,Exact match
Manual Cepat,25.0,7,FileName,ManualCepat_SP25_trial07.txt,ManualCepat_SP25_trial07.txt,,EXACT,MATCH,Exact match
Manual Cepat,25.0,7,FinalMass_g,26.65,26.65,0.0,0.005,MATCH,Within tolerance
Manual Cepat,25.0,7,FinalError_g,1.65,1.65,0.0,0.005,MATCH,Within tolerance
Manual Cepat,25.0,7,FinalError_pct,6.6,6.6,0.0,0.005,MATCH,Within tolerance
Manual Cepat,25.0,7,AbsError_g,1.65,1.65,0.0,0.005,MATCH,Within tolerance
Manual Cepat,25.0,7,AbsError_pct,6.6,6.6,0.0,0.005,MATCH,Within tolerance
Manual Cepat,25.0,7,MaxOvershoot_g,1.65,1.65,0.0,0.005,MATCH,Within tolerance
Manual Cepat,25.0,7,MaxOvershoot_pct,6.6,6.6,0.0,0.005,MATCH,Within tolerance
Manual Cepat,25.0,7,Duration_s,9.26,9.26,0.0,0.001,MATCH,Within tolerance
Manual Cepat,25.0,7,TimeTo90_s,9.0,9.0,0.0,0.001,MATCH,Within tolerance
Manual Cepat,25.0,7,RiseTime_10_90_s,8.524,8.524,0.0,0.001,MATCH,Within tolerance
Manual Cepat,25.0,7,SettlingTime_s,,,0.0,0.005,MATCH,Both NaN
Manual Cepat,25.0,7,BridgingCount,0,0,,EXACT,MATCH,Exact match
Manual Cepat,25.0,7,Status,OVERSHOOT,OVERSHOOT,,EXACT,MATCH,Exact match
Manual Cepat,25.0,7,Valid,True,True,,EXACT,MATCH,Exact match
Manual Cepat,25.0,7,StopReason,TARGET,TARGET,,EXACT,MATCH,Exact match
Manual Cepat,25.0,7,EarlyStop_g,0.4,0.4,0.0,0.001,MATCH,Within tolerance
Manual Cepat,25.0,7,WithinTolerance,0,0,,EXACT,MATCH,Exact match
Manual Cepat,25.0,8,Scenario,Manual Cepat,Manual Cepat,,EXACT,MATCH,Exact match
Manual Cepat,25.0,8,Controller,Manual Cepat,Manual Cepat,,EXACT,MATCH,Exact match
Manual Cepat,25.0,8,Setpoint_g,25.0,25.0,,EXACT,MATCH,Exact match
Manual Cepat,25.0,8,TrialNo,8,8,,EXACT,MATCH,Exact match
Manual Cepat,25.0,8,FileName,ManualCepat_SP25_trial08.txt,ManualCepat_SP25_trial08.txt,,EXACT,MATCH,Exact match
Manual Cepat,25.0,8,FinalMass_g,25.52,25.52,0.0,0.005,MATCH,Within tolerance
Manual Cepat,25.0,8,FinalError_g,0.52,0.52,0.0,0.005,MATCH,Within tolerance
Manual Cepat,25.0,8,FinalError_pct,2.07,2.07,0.0,0.005,MATCH,Within tolerance
Manual Cepat,25.0,8,AbsError_g,0.52,0.52,0.0,0.005,MATCH,Within tolerance
Manual Cepat,25.0,8,AbsError_pct,2.07,2.07,0.0,0.005,MATCH,Within tolerance
Manual Cepat,25.0,8,MaxOvershoot_g,0.52,0.52,0.0,0.005,MATCH,Within tolerance
Manual Cepat,25.0,8,MaxOvershoot_pct,2.07,2.07,0.0,0.005,MATCH,Within tolerance
Manual Cepat,25.0,8,Duration_s,7.97,7.97,0.0,0.001,MATCH,Within tolerance
Manual Cepat,25.0,8,TimeTo90_s,7.45,7.45,0.0,0.001,MATCH,Within tolerance
Manual Cepat,25.0,8,RiseTime_10_90_s,4.908,4.908,0.0,0.001,MATCH,Within tolerance
Manual Cepat,25.0,8,SettlingTime_s,7.708,7.708,0.0,0.005,MATCH,Within tolerance
Manual Cepat,25.0,8,BridgingCount,0,0,,EXACT,MATCH,Exact match
Manual Cepat,25.0,8,Status,AKURAT,AKURAT,,EXACT,MATCH,Exact match
Manual Cepat,25.0,8,Valid,True,True,,EXACT,MATCH,Exact match
Manual Cepat,25.0,8,StopReason,TARGET,TARGET,,EXACT,MATCH,Exact match
Manual Cepat,25.0,8,EarlyStop_g,0.4,0.4,0.0,0.001,MATCH,Within tolerance
Manual Cepat,25.0,8,WithinTolerance,1,1,,EXACT,MATCH,Exact match
Manual Cepat,25.0,9,Scenario,Manual Cepat,Manual Cepat,,EXACT,MATCH,Exact match
Manual Cepat,25.0,9,Controller,Manual Cepat,Manual Cepat,,EXACT,MATCH,Exact match
Manual Cepat,25.0,9,Setpoint_g,25.0,25.0,,EXACT,MATCH,Exact match
Manual Cepat,25.0,9,TrialNo,9,9,,EXACT,MATCH,Exact match
Manual Cepat,25.0,9,FileName,ManualCepat_SP25_trial09.txt,ManualCepat_SP25_trial09.txt,,EXACT,MATCH,Exact match
Manual Cepat,25.0,9,FinalMass_g,25.08,25.08,0.0,0.005,MATCH,Within tolerance
Manual Cepat,25.0,9,FinalError_g,0.08,0.08,0.0,0.005,MATCH,Within tolerance
Manual Cepat,25.0,9,FinalError_pct,0.32,0.32,0.0,0.005,MATCH,Within tolerance
Manual Cepat,25.0,9,AbsError_g,0.08,0.08,0.0,0.005,MATCH,Within tolerance
Manual Cepat,25.0,9,AbsError_pct,0.32,0.32,0.0,0.005,MATCH,Within tolerance
Manual Cepat,25.0,9,MaxOvershoot_g,0.17,0.17,0.0,0.005,MATCH,Within tolerance
Manual Cepat,25.0,9,MaxOvershoot_pct,0.69,0.69,0.0,0.005,MATCH,Within tolerance
Manual Cepat,25.0,9,Duration_s,11.58,11.58,0.0,0.001,MATCH,Within tolerance
Manual Cepat,25.0,9,TimeTo90_s,8.999,8.999,0.0,0.001,MATCH,Within tolerance
Manual Cepat,25.0,9,RiseTime_10_90_s,8.524,8.524,0.0,0.001,MATCH,Within tolerance
Manual Cepat,25.0,9,SettlingTime_s,10.807,10.807,0.0,0.005,MATCH,Within tolerance
Manual Cepat,25.0,9,BridgingCount,0,0,,EXACT,MATCH,Exact match
Manual Cepat,25.0,9,Status,AKURAT,AKURAT,,EXACT,MATCH,Exact match
Manual Cepat,25.0,9,Valid,True,True,,EXACT,MATCH,Exact match
Manual Cepat,25.0,9,StopReason,TARGET,TARGET,,EXACT,MATCH,Exact match
Manual Cepat,25.0,9,EarlyStop_g,0.4,0.4,0.0,0.001,MATCH,Within tolerance
Manual Cepat,25.0,9,WithinTolerance,1,1,,EXACT,MATCH,Exact match
Manual Cepat,25.0,10,Scenario,Manual Cepat,Manual Cepat,,EXACT,MATCH,Exact match
Manual Cepat,25.0,10,Controller,Manual Cepat,Manual Cepat,,EXACT,MATCH,Exact match
Manual Cepat,25.0,10,Setpoint_g,25.0,25.0,,EXACT,MATCH,Exact match
Manual Cepat,25.0,10,TrialNo,10,10,,EXACT,MATCH,Exact match
Manual Cepat,25.0,10,FileName,ManualCepat_SP25_trial10.txt,ManualCepat_SP25_trial10.txt,,EXACT,MATCH,Exact match
Manual Cepat,25.0,10,FinalMass_g,32.63,32.63,0.0,0.005,MATCH,Within tolerance
Manual Cepat,25.0,10,FinalError_g,7.63,7.63,0.0,0.005,MATCH,Within tolerance
Manual Cepat,25.0,10,FinalError_pct,30.52,30.52,0.0,0.005,MATCH,Within tolerance
Manual Cepat,25.0,10,AbsError_g,7.63,7.63,0.0,0.005,MATCH,Within tolerance
Manual Cepat,25.0,10,AbsError_pct,30.52,30.52,0.0,0.005,MATCH,Within tolerance
Manual Cepat,25.0,10,MaxOvershoot_g,7.63,7.63,0.0,0.005,MATCH,Within tolerance
Manual Cepat,25.0,10,MaxOvershoot_pct,30.52,30.52,0.0,0.005,MATCH,Within tolerance
Manual Cepat,25.0,10,Duration_s,11.07,11.07,0.0,0.001,MATCH,Within tolerance
Manual Cepat,25.0,10,TimeTo90_s,10.807,10.807,0.0,0.001,MATCH,Within tolerance
Manual Cepat,25.0,10,RiseTime_10_90_s,10.331,10.331,0.0,0.001,MATCH,Within tolerance
Manual Cepat,25.0,10,SettlingTime_s,,,0.0,0.005,MATCH,Both NaN
Manual Cepat,25.0,10,BridgingCount,0,0,,EXACT,MATCH,Exact match
Manual Cepat,25.0,10,Status,OVERSHOOT,OVERSHOOT,,EXACT,MATCH,Exact match
Manual Cepat,25.0,10,Valid,True,True,,EXACT,MATCH,Exact match
Manual Cepat,25.0,10,StopReason,TARGET,TARGET,,EXACT,MATCH,Exact match
Manual Cepat,25.0,10,EarlyStop_g,0.4,0.4,0.0,0.001,MATCH,Within tolerance
Manual Cepat,25.0,10,WithinTolerance,0,0,,EXACT,MATCH,Exact match
Manual Cepat,30.0,1,Scenario,Manual Cepat,Manual Cepat,,EXACT,MATCH,Exact match
Manual Cepat,30.0,1,Controller,Manual Cepat,Manual Cepat,,EXACT,MATCH,Exact match
Manual Cepat,30.0,1,Setpoint_g,30.0,30.0,,EXACT,MATCH,Exact match
Manual Cepat,30.0,1,TrialNo,1,1,,EXACT,MATCH,Exact match
Manual Cepat,30.0,1,FileName,ManualCepat_SP30_trial01.txt,ManualCepat_SP30_trial01.txt,,EXACT,MATCH,Exact match
Manual Cepat,30.0,1,FinalMass_g,33.19,33.19,0.0,0.005,MATCH,Within tolerance
Manual Cepat,30.0,1,FinalError_g,3.19,3.19,0.0,0.005,MATCH,Within tolerance
Manual Cepat,30.0,1,FinalError_pct,10.64,10.64,0.0,0.005,MATCH,Within tolerance
Manual Cepat,30.0,1,AbsError_g,3.19,3.19,0.0,0.005,MATCH,Within tolerance
Manual Cepat,30.0,1,AbsError_pct,10.64,10.64,0.0,0.005,MATCH,Within tolerance
Manual Cepat,30.0,1,MaxOvershoot_g,3.19,3.19,0.0,0.005,MATCH,Within tolerance
Manual Cepat,30.0,1,MaxOvershoot_pct,10.64,10.64,0.0,0.005,MATCH,Within tolerance
Manual Cepat,30.0,1,Duration_s,9.78,9.78,0.0,0.001,MATCH,Within tolerance
Manual Cepat,30.0,1,TimeTo90_s,9.518,9.518,0.0,0.001,MATCH,Within tolerance
Manual Cepat,30.0,1,RiseTime_10_90_s,9.042,9.042,0.0,0.001,MATCH,Within tolerance
Manual Cepat,30.0,1,SettlingTime_s,,,0.0,0.005,MATCH,Both NaN
Manual Cepat,30.0,1,BridgingCount,0,0,,EXACT,MATCH,Exact match
Manual Cepat,30.0,1,Status,OVERSHOOT,OVERSHOOT,,EXACT,MATCH,Exact match
Manual Cepat,30.0,1,Valid,True,True,,EXACT,MATCH,Exact match
Manual Cepat,30.0,1,StopReason,TARGET,TARGET,,EXACT,MATCH,Exact match
Manual Cepat,30.0,1,EarlyStop_g,0.4,0.4,0.0,0.001,MATCH,Within tolerance
Manual Cepat,30.0,1,WithinTolerance,0,0,,EXACT,MATCH,Exact match
Manual Cepat,30.0,2,Scenario,Manual Cepat,Manual Cepat,,EXACT,MATCH,Exact match
Manual Cepat,30.0,2,Controller,Manual Cepat,Manual Cepat,,EXACT,MATCH,Exact match
Manual Cepat,30.0,2,Setpoint_g,30.0,30.0,,EXACT,MATCH,Exact match
Manual Cepat,30.0,2,TrialNo,2,2,,EXACT,MATCH,Exact match
Manual Cepat,30.0,2,FileName,ManualCepat_SP30_trial02.txt,ManualCepat_SP30_trial02.txt,,EXACT,MATCH,Exact match
Manual Cepat,30.0,2,FinalMass_g,30.92,30.92,0.0,0.005,MATCH,Within tolerance
Manual Cepat,30.0,2,FinalError_g,0.92,0.92,0.0,0.005,MATCH,Within tolerance
Manual Cepat,30.0,2,FinalError_pct,3.05,3.05,0.0,0.005,MATCH,Within tolerance
Manual Cepat,30.0,2,AbsError_g,0.92,0.92,0.0,0.005,MATCH,Within tolerance
Manual Cepat,30.0,2,AbsError_pct,3.05,3.05,0.0,0.005,MATCH,Within tolerance
Manual Cepat,30.0,2,MaxOvershoot_g,0.92,0.92,0.0,0.005,MATCH,Within tolerance
Manual Cepat,30.0,2,MaxOvershoot_pct,3.05,3.05,0.0,0.005,MATCH,Within tolerance
Manual Cepat,30.0,2,Duration_s,21.92,21.92,0.0,0.001,MATCH,Within tolerance
Manual Cepat,30.0,2,TimeTo90_s,21.659,21.659,0.0,0.001,MATCH,Within tolerance
Manual Cepat,30.0,2,RiseTime_10_90_s,21.183,21.183,0.0,0.001,MATCH,Within tolerance
Manual Cepat,30.0,2,SettlingTime_s,21.659,21.659,0.0,0.005,MATCH,Within tolerance
Manual Cepat,30.0,2,BridgingCount,2,2,,EXACT,MATCH,Exact match
Manual Cepat,30.0,2,Status,AKURAT,AKURAT,,EXACT,MATCH,Exact match
Manual Cepat,30.0,2,Valid,True,True,,EXACT,MATCH,Exact match
Manual Cepat,30.0,2,StopReason,TARGET,TARGET,,EXACT,MATCH,Exact match
Manual Cepat,30.0,2,EarlyStop_g,0.4,0.4,0.0,0.001,MATCH,Within tolerance
Manual Cepat,30.0,2,WithinTolerance,1,1,,EXACT,MATCH,Exact match
Manual Cepat,30.0,3,Scenario,Manual Cepat,Manual Cepat,,EXACT,MATCH,Exact match
Manual Cepat,30.0,3,Controller,Manual Cepat,Manual Cepat,,EXACT,MATCH,Exact match
Manual Cepat,30.0,3,Setpoint_g,30.0,30.0,,EXACT,MATCH,Exact match
Manual Cepat,30.0,3,TrialNo,3,3,,EXACT,MATCH,Exact match
Manual Cepat,30.0,3,FileName,ManualCepat_SP30_trial03.txt,ManualCepat_SP30_trial03.txt,,EXACT,MATCH,Exact match
Manual Cepat,30.0,3,FinalMass_g,32.5,32.5,0.0,0.005,MATCH,Within tolerance
Manual Cepat,30.0,3,FinalError_g,2.5,2.5,0.0,0.005,MATCH,Within tolerance
Manual Cepat,30.0,3,FinalError_pct,8.32,8.32,0.0,0.005,MATCH,Within tolerance
Manual Cepat,30.0,3,AbsError_g,2.5,2.5,0.0,0.005,MATCH,Within tolerance
Manual Cepat,30.0,3,AbsError_pct,8.32,8.32,0.0,0.005,MATCH,Within tolerance
Manual Cepat,30.0,3,MaxOvershoot_g,2.5,2.5,0.0,0.005,MATCH,Within tolerance
Manual Cepat,30.0,3,MaxOvershoot_pct,8.32,8.32,0.0,0.005,MATCH,Within tolerance
Manual Cepat,30.0,3,Duration_s,29.93,29.93,0.0,0.001,MATCH,Within tolerance
Manual Cepat,30.0,3,TimeTo90_s,26.31,26.31,0.0,0.001,MATCH,Within tolerance
Manual Cepat,30.0,3,RiseTime_10_90_s,25.835,25.835,0.0,0.001,MATCH,Within tolerance
Manual Cepat,30.0,3,SettlingTime_s,,,0.0,0.005,MATCH,Both NaN
Manual Cepat,30.0,3,BridgingCount,2,2,,EXACT,MATCH,Exact match
Manual Cepat,30.0,3,Status,OVERSHOOT,OVERSHOOT,,EXACT,MATCH,Exact match
Manual Cepat,30.0,3,Valid,True,True,,EXACT,MATCH,Exact match
Manual Cepat,30.0,3,StopReason,TARGET,TARGET,,EXACT,MATCH,Exact match
Manual Cepat,30.0,3,EarlyStop_g,0.4,0.4,0.0,0.001,MATCH,Within tolerance
Manual Cepat,30.0,3,WithinTolerance,0,0,,EXACT,MATCH,Exact match
Manual Cepat,30.0,4,Scenario,Manual Cepat,Manual Cepat,,EXACT,MATCH,Exact match
Manual Cepat,30.0,4,Controller,Manual Cepat,Manual Cepat,,EXACT,MATCH,Exact match
Manual Cepat,30.0,4,Setpoint_g,30.0,30.0,,EXACT,MATCH,Exact match
Manual Cepat,30.0,4,TrialNo,4,4,,EXACT,MATCH,Exact match
Manual Cepat,30.0,4,FileName,ManualCepat_SP30_trial04.txt,ManualCepat_SP30_trial04.txt,,EXACT,MATCH,Exact match
Manual Cepat,30.0,4,FinalMass_g,30.41,30.41,0.0,0.005,MATCH,Within tolerance
Manual Cepat,30.0,4,FinalError_g,0.41,0.41,0.0,0.005,MATCH,Within tolerance
Manual Cepat,30.0,4,FinalError_pct,1.37,1.37,0.0,0.005,MATCH,Within tolerance
Manual Cepat,30.0,4,AbsError_g,0.41,0.41,0.0,0.005,MATCH,Within tolerance
Manual Cepat,30.0,4,AbsError_pct,1.37,1.37,0.0,0.005,MATCH,Within tolerance
Manual Cepat,30.0,4,MaxOvershoot_g,0.41,0.41,0.0,0.005,MATCH,Within tolerance
Manual Cepat,30.0,4,MaxOvershoot_pct,1.37,1.37,0.0,0.005,MATCH,Within tolerance
Manual Cepat,30.0,4,Duration_s,7.71,7.71,0.0,0.001,MATCH,Within tolerance
Manual Cepat,30.0,4,TimeTo90_s,7.193,7.193,0.0,0.001,MATCH,Within tolerance
Manual Cepat,30.0,4,RiseTime_10_90_s,4.65,4.65,0.0,0.001,MATCH,Within tolerance
Manual Cepat,30.0,4,SettlingTime_s,7.452,7.452,0.0,0.005,MATCH,Within tolerance
Manual Cepat,30.0,4,BridgingCount,0,0,,EXACT,MATCH,Exact match
Manual Cepat,30.0,4,Status,AKURAT,AKURAT,,EXACT,MATCH,Exact match
Manual Cepat,30.0,4,Valid,True,True,,EXACT,MATCH,Exact match
Manual Cepat,30.0,4,StopReason,TARGET,TARGET,,EXACT,MATCH,Exact match
Manual Cepat,30.0,4,EarlyStop_g,0.4,0.4,0.0,0.001,MATCH,Within tolerance
Manual Cepat,30.0,4,WithinTolerance,1,1,,EXACT,MATCH,Exact match
Manual Cepat,30.0,5,Scenario,Manual Cepat,Manual Cepat,,EXACT,MATCH,Exact match
Manual Cepat,30.0,5,Controller,Manual Cepat,Manual Cepat,,EXACT,MATCH,Exact match
Manual Cepat,30.0,5,Setpoint_g,30.0,30.0,,EXACT,MATCH,Exact match
Manual Cepat,30.0,5,TrialNo,5,5,,EXACT,MATCH,Exact match
Manual Cepat,30.0,5,FileName,ManualCepat_SP30_trial05.txt,ManualCepat_SP30_trial05.txt,,EXACT,MATCH,Exact match
Manual Cepat,30.0,5,FinalMass_g,32.18,32.18,0.0,0.005,MATCH,Within tolerance
Manual Cepat,30.0,5,FinalError_g,2.18,2.18,0.0,0.005,MATCH,Within tolerance
Manual Cepat,30.0,5,FinalError_pct,7.27,7.27,0.0,0.005,MATCH,Within tolerance
Manual Cepat,30.0,5,AbsError_g,2.18,2.18,0.0,0.005,MATCH,Within tolerance
Manual Cepat,30.0,5,AbsError_pct,7.27,7.27,0.0,0.005,MATCH,Within tolerance
Manual Cepat,30.0,5,MaxOvershoot_g,2.18,2.18,0.0,0.005,MATCH,Within tolerance
Manual Cepat,30.0,5,MaxOvershoot_pct,7.27,7.27,0.0,0.005,MATCH,Within tolerance
Manual Cepat,30.0,5,Duration_s,21.4,21.4,0.0,0.001,MATCH,Within tolerance
Manual Cepat,30.0,5,TimeTo90_s,21.145,21.145,0.0,0.001,MATCH,Within tolerance
Manual Cepat,30.0,5,RiseTime_10_90_s,20.669,20.669,0.0,0.001,MATCH,Within tolerance
Manual Cepat,30.0,5,SettlingTime_s,,,0.0,0.005,MATCH,Both NaN
Manual Cepat,30.0,5,BridgingCount,0,0,,EXACT,MATCH,Exact match
Manual Cepat,30.0,5,Status,OVERSHOOT,OVERSHOOT,,EXACT,MATCH,Exact match
Manual Cepat,30.0,5,Valid,True,True,,EXACT,MATCH,Exact match
Manual Cepat,30.0,5,StopReason,TARGET,TARGET,,EXACT,MATCH,Exact match
Manual Cepat,30.0,5,EarlyStop_g,0.4,0.4,0.0,0.001,MATCH,Within tolerance
Manual Cepat,30.0,5,WithinTolerance,0,0,,EXACT,MATCH,Exact match
Manual Cepat,30.0,6,Scenario,Manual Cepat,Manual Cepat,,EXACT,MATCH,Exact match
Manual Cepat,30.0,6,Controller,Manual Cepat,Manual Cepat,,EXACT,MATCH,Exact match
Manual Cepat,30.0,6,Setpoint_g,30.0,30.0,,EXACT,MATCH,Exact match
Manual Cepat,30.0,6,TrialNo,6,6,,EXACT,MATCH,Exact match
Manual Cepat,30.0,6,FileName,ManualCepat_SP30_trial06.txt,ManualCepat_SP30_trial06.txt,,EXACT,MATCH,Exact match
Manual Cepat,30.0,6,FinalMass_g,30.79,30.79,0.0,0.005,MATCH,Within tolerance
Manual Cepat,30.0,6,FinalError_g,0.79,0.79,0.0,0.005,MATCH,Within tolerance
Manual Cepat,30.0,6,FinalError_pct,2.64,2.64,0.0,0.005,MATCH,Within tolerance
Manual Cepat,30.0,6,AbsError_g,0.79,0.79,0.0,0.005,MATCH,Within tolerance
Manual Cepat,30.0,6,AbsError_pct,2.64,2.64,0.0,0.005,MATCH,Within tolerance
Manual Cepat,30.0,6,MaxOvershoot_g,0.79,0.79,0.0,0.005,MATCH,Within tolerance
Manual Cepat,30.0,6,MaxOvershoot_pct,2.64,2.64,0.0,0.005,MATCH,Within tolerance
Manual Cepat,30.0,6,Duration_s,22.18,22.18,0.0,0.001,MATCH,Within tolerance
Manual Cepat,30.0,6,TimeTo90_s,21.402,21.402,0.0,0.001,MATCH,Within tolerance
Manual Cepat,30.0,6,RiseTime_10_90_s,20.926,20.926,0.0,0.001,MATCH,Within tolerance
Manual Cepat,30.0,6,SettlingTime_s,21.66,21.66,0.0,0.005,MATCH,Within tolerance
Manual Cepat,30.0,6,BridgingCount,0,0,,EXACT,MATCH,Exact match
Manual Cepat,30.0,6,Status,AKURAT,AKURAT,,EXACT,MATCH,Exact match
Manual Cepat,30.0,6,Valid,True,True,,EXACT,MATCH,Exact match
Manual Cepat,30.0,6,StopReason,TARGET,TARGET,,EXACT,MATCH,Exact match
Manual Cepat,30.0,6,EarlyStop_g,0.4,0.4,0.0,0.001,MATCH,Within tolerance
Manual Cepat,30.0,6,WithinTolerance,1,1,,EXACT,MATCH,Exact match
Manual Cepat,30.0,7,Scenario,Manual Cepat,Manual Cepat,,EXACT,MATCH,Exact match
Manual Cepat,30.0,7,Controller,Manual Cepat,Manual Cepat,,EXACT,MATCH,Exact match
Manual Cepat,30.0,7,Setpoint_g,30.0,30.0,,EXACT,MATCH,Exact match
Manual Cepat,30.0,7,TrialNo,7,7,,EXACT,MATCH,Exact match
Manual Cepat,30.0,7,FileName,ManualCepat_SP30_trial07.txt,ManualCepat_SP30_trial07.txt,,EXACT,MATCH,Exact match
Manual Cepat,30.0,7,FinalMass_g,33.79,33.79,0.0,0.005,MATCH,Within tolerance
Manual Cepat,30.0,7,FinalError_g,3.79,3.79,0.0,0.005,MATCH,Within tolerance
Manual Cepat,30.0,7,FinalError_pct,12.62,12.62,0.0,0.005,MATCH,Within tolerance
Manual Cepat,30.0,7,AbsError_g,3.79,3.79,0.0,0.005,MATCH,Within tolerance
Manual Cepat,30.0,7,AbsError_pct,12.62,12.62,0.0,0.005,MATCH,Within tolerance
Manual Cepat,30.0,7,MaxOvershoot_g,3.79,3.79,0.0,0.005,MATCH,Within tolerance
Manual Cepat,30.0,7,MaxOvershoot_pct,12.62,12.62,0.0,0.005,MATCH,Within tolerance
Manual Cepat,30.0,7,Duration_s,17.27,17.27,0.0,0.001,MATCH,Within tolerance
Manual Cepat,30.0,7,TimeTo90_s,15.202,15.202,0.0,0.001,MATCH,Within tolerance
Manual Cepat,30.0,7,RiseTime_10_90_s,10.593,10.593,0.0,0.001,MATCH,Within tolerance
Manual Cepat,30.0,7,SettlingTime_s,,,0.0,0.005,MATCH,Both NaN
Manual Cepat,30.0,7,BridgingCount,1,1,,EXACT,MATCH,Exact match
Manual Cepat,30.0,7,Status,OVERSHOOT,OVERSHOOT,,EXACT,MATCH,Exact match
Manual Cepat,30.0,7,Valid,True,True,,EXACT,MATCH,Exact match
Manual Cepat,30.0,7,StopReason,TARGET,TARGET,,EXACT,MATCH,Exact match
Manual Cepat,30.0,7,EarlyStop_g,0.4,0.4,0.0,0.001,MATCH,Within tolerance
Manual Cepat,30.0,7,WithinTolerance,0,0,,EXACT,MATCH,Exact match
Manual Cepat,30.0,8,Scenario,Manual Cepat,Manual Cepat,,EXACT,MATCH,Exact match
Manual Cepat,30.0,8,Controller,Manual Cepat,Manual Cepat,,EXACT,MATCH,Exact match
Manual Cepat,30.0,8,Setpoint_g,30.0,30.0,,EXACT,MATCH,Exact match
Manual Cepat,30.0,8,TrialNo,8,8,,EXACT,MATCH,Exact match
Manual Cepat,30.0,8,FileName,ManualCepat_SP30_trial08.txt,ManualCepat_SP30_trial08.txt,,EXACT,MATCH,Exact match
Manual Cepat,30.0,8,FinalMass_g,32.93,32.93,0.0,0.005,MATCH,Within tolerance
Manual Cepat,30.0,8,FinalError_g,2.93,2.93,0.0,0.005,MATCH,Within tolerance
Manual Cepat,30.0,8,FinalError_pct,9.77,9.77,0.0,0.005,MATCH,Within tolerance
Manual Cepat,30.0,8,AbsError_g,2.93,2.93,0.0,0.005,MATCH,Within tolerance
Manual Cepat,30.0,8,AbsError_pct,9.77,9.77,0.0,0.005,MATCH,Within tolerance
Manual Cepat,30.0,8,MaxOvershoot_g,2.93,2.93,0.0,0.005,MATCH,Within tolerance
Manual Cepat,30.0,8,MaxOvershoot_pct,9.77,9.77,0.0,0.005,MATCH,Within tolerance
Manual Cepat,30.0,8,Duration_s,15.46,15.46,0.0,0.001,MATCH,Within tolerance
Manual Cepat,30.0,8,TimeTo90_s,14.945,14.945,0.0,0.001,MATCH,Within tolerance
Manual Cepat,30.0,8,RiseTime_10_90_s,14.469,14.469,0.0,0.001,MATCH,Within tolerance
Manual Cepat,30.0,8,SettlingTime_s,,,0.0,0.005,MATCH,Both NaN
Manual Cepat,30.0,8,BridgingCount,0,0,,EXACT,MATCH,Exact match
Manual Cepat,30.0,8,Status,OVERSHOOT,OVERSHOOT,,EXACT,MATCH,Exact match
Manual Cepat,30.0,8,Valid,True,True,,EXACT,MATCH,Exact match
Manual Cepat,30.0,8,StopReason,TARGET,TARGET,,EXACT,MATCH,Exact match
Manual Cepat,30.0,8,EarlyStop_g,0.4,0.4,0.0,0.001,MATCH,Within tolerance
Manual Cepat,30.0,8,WithinTolerance,0,0,,EXACT,MATCH,Exact match
Manual Cepat,30.0,9,Scenario,Manual Cepat,Manual Cepat,,EXACT,MATCH,Exact match
Manual Cepat,30.0,9,Controller,Manual Cepat,Manual Cepat,,EXACT,MATCH,Exact match
Manual Cepat,30.0,9,Setpoint_g,30.0,30.0,,EXACT,MATCH,Exact match
Manual Cepat,30.0,9,TrialNo,9,9,,EXACT,MATCH,Exact match
Manual Cepat,30.0,9,FileName,ManualCepat_SP30_trial09.txt,ManualCepat_SP30_trial09.txt,,EXACT,MATCH,Exact match
Manual Cepat,30.0,9,FinalMass_g,30.31,30.31,0.0,0.005,MATCH,Within tolerance
Manual Cepat,30.0,9,FinalError_g,0.31,0.31,0.0,0.005,MATCH,Within tolerance
Manual Cepat,30.0,9,FinalError_pct,1.04,1.04,0.0,0.005,MATCH,Within tolerance
Manual Cepat,30.0,9,AbsError_g,0.31,0.31,0.0,0.005,MATCH,Within tolerance
Manual Cepat,30.0,9,AbsError_pct,1.04,1.04,0.0,0.005,MATCH,Within tolerance
Manual Cepat,30.0,9,MaxOvershoot_g,0.31,0.31,0.0,0.005,MATCH,Within tolerance
Manual Cepat,30.0,9,MaxOvershoot_pct,1.04,1.04,0.0,0.005,MATCH,Within tolerance
Manual Cepat,30.0,9,Duration_s,29.93,29.93,0.0,0.001,MATCH,Within tolerance
Manual Cepat,30.0,9,TimeTo90_s,26.311,26.311,0.0,0.001,MATCH,Within tolerance
Manual Cepat,30.0,9,RiseTime_10_90_s,25.835,25.835,0.0,0.001,MATCH,Within tolerance
Manual Cepat,30.0,9,SettlingTime_s,29.411,29.411,0.0,0.005,MATCH,Within tolerance
Manual Cepat,30.0,9,BridgingCount,2,2,,EXACT,MATCH,Exact match
Manual Cepat,30.0,9,Status,AKURAT,AKURAT,,EXACT,MATCH,Exact match
Manual Cepat,30.0,9,Valid,True,True,,EXACT,MATCH,Exact match
Manual Cepat,30.0,9,StopReason,TARGET,TARGET,,EXACT,MATCH,Exact match
Manual Cepat,30.0,9,EarlyStop_g,0.4,0.4,0.0,0.001,MATCH,Within tolerance
Manual Cepat,30.0,9,WithinTolerance,1,1,,EXACT,MATCH,Exact match
Manual Cepat,30.0,10,Scenario,Manual Cepat,Manual Cepat,,EXACT,MATCH,Exact match
Manual Cepat,30.0,10,Controller,Manual Cepat,Manual Cepat,,EXACT,MATCH,Exact match
Manual Cepat,30.0,10,Setpoint_g,30.0,30.0,,EXACT,MATCH,Exact match
Manual Cepat,30.0,10,TrialNo,10,10,,EXACT,MATCH,Exact match
Manual Cepat,30.0,10,FileName,ManualCepat_SP30_trial10.txt,ManualCepat_SP30_trial10.txt,,EXACT,MATCH,Exact match
Manual Cepat,30.0,10,FinalMass_g,35.39,35.39,0.0,0.005,MATCH,Within tolerance
Manual Cepat,30.0,10,FinalError_g,5.39,5.39,0.0,0.005,MATCH,Within tolerance
Manual Cepat,30.0,10,FinalError_pct,17.98,17.98,0.0,0.005,MATCH,Within tolerance
Manual Cepat,30.0,10,AbsError_g,5.39,5.39,0.0,0.005,MATCH,Within tolerance
Manual Cepat,30.0,10,AbsError_pct,17.98,17.98,0.0,0.005,MATCH,Within tolerance
Manual Cepat,30.0,10,MaxOvershoot_g,5.39,5.39,0.0,0.005,MATCH,Within tolerance
Manual Cepat,30.0,10,MaxOvershoot_pct,17.98,17.98,0.0,0.005,MATCH,Within tolerance
Manual Cepat,30.0,10,Duration_s,19.34,19.34,0.0,0.001,MATCH,Within tolerance
Manual Cepat,30.0,10,TimeTo90_s,18.045,18.045,0.0,0.001,MATCH,Within tolerance
Manual Cepat,30.0,10,RiseTime_10_90_s,15.244,15.244,0.0,0.001,MATCH,Within tolerance
Manual Cepat,30.0,10,SettlingTime_s,,,0.0,0.005,MATCH,Both NaN
Manual Cepat,30.0,10,BridgingCount,0,0,,EXACT,MATCH,Exact match
Manual Cepat,30.0,10,Status,OVERSHOOT,OVERSHOOT,,EXACT,MATCH,Exact match
Manual Cepat,30.0,10,Valid,True,True,,EXACT,MATCH,Exact match
Manual Cepat,30.0,10,StopReason,TARGET,TARGET,,EXACT,MATCH,Exact match
Manual Cepat,30.0,10,EarlyStop_g,0.4,0.4,0.0,0.001,MATCH,Within tolerance
Manual Cepat,30.0,10,WithinTolerance,0,0,,EXACT,MATCH,Exact match
Manual Presisi,15.0,1,Scenario,Manual Presisi,Manual Presisi,,EXACT,MATCH,Exact match
Manual Presisi,15.0,1,Controller,Manual Presisi,Manual Presisi,,EXACT,MATCH,Exact match
Manual Presisi,15.0,1,Setpoint_g,15.0,15.0,,EXACT,MATCH,Exact match
Manual Presisi,15.0,1,TrialNo,1,1,,EXACT,MATCH,Exact match
Manual Presisi,15.0,1,FileName,ManualPresisi_SP15_trial01.txt,ManualPresisi_SP15_trial01.txt,,EXACT,MATCH,Exact match
Manual Presisi,15.0,1,FinalMass_g,16.47,16.47,0.0,0.005,MATCH,Within tolerance
Manual Presisi,15.0,1,FinalError_g,1.47,1.47,0.0,0.005,MATCH,Within tolerance
Manual Presisi,15.0,1,FinalError_pct,9.8,9.8,0.0,0.005,MATCH,Within tolerance
Manual Presisi,15.0,1,AbsError_g,1.47,1.47,0.0,0.005,MATCH,Within tolerance
Manual Presisi,15.0,1,AbsError_pct,9.8,9.8,0.0,0.005,MATCH,Within tolerance
Manual Presisi,15.0,1,MaxOvershoot_g,1.47,1.47,0.0,0.005,MATCH,Within tolerance
Manual Presisi,15.0,1,MaxOvershoot_pct,9.8,9.8,0.0,0.005,MATCH,Within tolerance
Manual Presisi,15.0,1,Duration_s,23.46,23.46,0.0,0.001,MATCH,Within tolerance
Manual Presisi,15.0,1,TimeTo90_s,21.395,21.395,0.0,0.001,MATCH,Within tolerance
Manual Presisi,15.0,1,RiseTime_10_90_s,14.204,14.204,0.0,0.001,MATCH,Within tolerance
Manual Presisi,15.0,1,SettlingTime_s,,,0.0,0.005,MATCH,Both NaN
Manual Presisi,15.0,1,BridgingCount,3,3,,EXACT,MATCH,Exact match
Manual Presisi,15.0,1,Status,OVERSHOOT,OVERSHOOT,,EXACT,MATCH,Exact match
Manual Presisi,15.0,1,Valid,True,True,,EXACT,MATCH,Exact match
Manual Presisi,15.0,1,StopReason,TARGET,TARGET,,EXACT,MATCH,Exact match
Manual Presisi,15.0,1,EarlyStop_g,0.4,0.4,0.0,0.001,MATCH,Within tolerance
Manual Presisi,15.0,1,WithinTolerance,0,0,,EXACT,MATCH,Exact match
Manual Presisi,15.0,2,Scenario,Manual Presisi,Manual Presisi,,EXACT,MATCH,Exact match
Manual Presisi,15.0,2,Controller,Manual Presisi,Manual Presisi,,EXACT,MATCH,Exact match
Manual Presisi,15.0,2,Setpoint_g,15.0,15.0,,EXACT,MATCH,Exact match
Manual Presisi,15.0,2,TrialNo,2,2,,EXACT,MATCH,Exact match
Manual Presisi,15.0,2,FileName,ManualPresisi_SP15_trial02.txt,ManualPresisi_SP15_trial02.txt,,EXACT,MATCH,Exact match
Manual Presisi,15.0,2,FinalMass_g,15.43,15.43,0.0,0.005,MATCH,Within tolerance
Manual Presisi,15.0,2,FinalError_g,0.43,0.43,0.0,0.005,MATCH,Within tolerance
Manual Presisi,15.0,2,FinalError_pct,2.87,2.87,0.0,0.005,MATCH,Within tolerance
Manual Presisi,15.0,2,AbsError_g,0.43,0.43,0.0,0.005,MATCH,Within tolerance
Manual Presisi,15.0,2,AbsError_pct,2.87,2.87,0.0,0.005,MATCH,Within tolerance
Manual Presisi,15.0,2,MaxOvershoot_g,0.43,0.43,0.0,0.005,MATCH,Within tolerance
Manual Presisi,15.0,2,MaxOvershoot_pct,2.87,2.87,0.0,0.005,MATCH,Within tolerance
Manual Presisi,15.0,2,Duration_s,34.05,34.05,0.0,0.001,MATCH,Within tolerance
Manual Presisi,15.0,2,TimeTo90_s,33.538,33.538,0.0,0.001,MATCH,Within tolerance
Manual Presisi,15.0,2,RiseTime_10_90_s,26.088,26.088,0.0,0.001,MATCH,Within tolerance
Manual Presisi,15.0,2,SettlingTime_s,33.796,33.796,0.0,0.005,MATCH,Within tolerance
Manual Presisi,15.0,2,BridgingCount,3,3,,EXACT,MATCH,Exact match
Manual Presisi,15.0,2,Status,AKURAT,AKURAT,,EXACT,MATCH,Exact match
Manual Presisi,15.0,2,Valid,True,True,,EXACT,MATCH,Exact match
Manual Presisi,15.0,2,StopReason,TARGET,TARGET,,EXACT,MATCH,Exact match
Manual Presisi,15.0,2,EarlyStop_g,0.4,0.4,0.0,0.001,MATCH,Within tolerance
Manual Presisi,15.0,2,WithinTolerance,1,1,,EXACT,MATCH,Exact match
Manual Presisi,15.0,3,Scenario,Manual Presisi,Manual Presisi,,EXACT,MATCH,Exact match
Manual Presisi,15.0,3,Controller,Manual Presisi,Manual Presisi,,EXACT,MATCH,Exact match
Manual Presisi,15.0,3,Setpoint_g,15.0,15.0,,EXACT,MATCH,Exact match
Manual Presisi,15.0,3,TrialNo,3,3,,EXACT,MATCH,Exact match
Manual Presisi,15.0,3,FileName,ManualPresisi_SP15_trial03.txt,ManualPresisi_SP15_trial03.txt,,EXACT,MATCH,Exact match
Manual Presisi,15.0,3,FinalMass_g,15.16,15.16,0.0,0.005,MATCH,Within tolerance
Manual Presisi,15.0,3,FinalError_g,0.16,0.16,0.0,0.005,MATCH,Within tolerance
Manual Presisi,15.0,3,FinalError_pct,1.06,1.06,0.0,0.005,MATCH,Within tolerance
Manual Presisi,15.0,3,AbsError_g,0.16,0.16,0.0,0.005,MATCH,Within tolerance
Manual Presisi,15.0,3,AbsError_pct,1.06,1.06,0.0,0.005,MATCH,Within tolerance
Manual Presisi,15.0,3,MaxOvershoot_g,0.32,0.32,0.0,0.005,MATCH,Within tolerance
Manual Presisi,15.0,3,MaxOvershoot_pct,2.13,2.13,0.0,0.005,MATCH,Within tolerance
Manual Presisi,15.0,3,Duration_s,56.78,56.78,0.0,0.001,MATCH,Within tolerance
Manual Presisi,15.0,3,TimeTo90_s,54.459,54.459,0.0,0.001,MATCH,Within tolerance
Manual Presisi,15.0,3,RiseTime_10_90_s,51.917,51.917,0.0,0.001,MATCH,Within tolerance
Manual Presisi,15.0,3,SettlingTime_s,56.267,56.267,0.0,0.005,MATCH,Within tolerance
Manual Presisi,15.0,3,BridgingCount,3,3,,EXACT,MATCH,Exact match
Manual Presisi,15.0,3,Status,AKURAT,AKURAT,,EXACT,MATCH,Exact match
Manual Presisi,15.0,3,Valid,True,True,,EXACT,MATCH,Exact match
Manual Presisi,15.0,3,StopReason,TARGET,TARGET,,EXACT,MATCH,Exact match
Manual Presisi,15.0,3,EarlyStop_g,0.4,0.4,0.0,0.001,MATCH,Within tolerance
Manual Presisi,15.0,3,WithinTolerance,1,1,,EXACT,MATCH,Exact match
Manual Presisi,15.0,4,Scenario,Manual Presisi,Manual Presisi,,EXACT,MATCH,Exact match
Manual Presisi,15.0,4,Controller,Manual Presisi,Manual Presisi,,EXACT,MATCH,Exact match
Manual Presisi,15.0,4,Setpoint_g,15.0,15.0,,EXACT,MATCH,Exact match
Manual Presisi,15.0,4,TrialNo,4,4,,EXACT,MATCH,Exact match
Manual Presisi,15.0,4,FileName,ManualPresisi_SP15_trial04.txt,ManualPresisi_SP15_trial04.txt,,EXACT,MATCH,Exact match
Manual Presisi,15.0,4,FinalMass_g,14.35,14.35,0.0,0.005,MATCH,Within tolerance
Manual Presisi,15.0,4,FinalError_g,-0.65,-0.65,0.0,0.005,MATCH,Within tolerance
Manual Presisi,15.0,4,FinalError_pct,-4.32,-4.32,0.0,0.005,MATCH,Within tolerance
Manual Presisi,15.0,4,AbsError_g,0.65,0.65,0.0,0.005,MATCH,Within tolerance
Manual Presisi,15.0,4,AbsError_pct,4.32,4.32,0.0,0.005,MATCH,Within tolerance
Manual Presisi,15.0,4,MaxOvershoot_g,0.0,0.0,0.0,0.005,MATCH,Within tolerance
Manual Presisi,15.0,4,MaxOvershoot_pct,0.0,0.0,0.0,0.005,MATCH,Within tolerance
Manual Presisi,15.0,4,Duration_s,62.99,62.99,0.0,0.001,MATCH,Within tolerance
Manual Presisi,15.0,4,TimeTo90_s,41.547,41.547,0.0,0.001,MATCH,Within tolerance
Manual Presisi,15.0,4,RiseTime_10_90_s,34.871,34.871,0.0,0.001,MATCH,Within tolerance
Manual Presisi,15.0,4,SettlingTime_s,61.695,61.695,0.0,0.005,MATCH,Within tolerance
Manual Presisi,15.0,4,BridgingCount,3,3,,EXACT,MATCH,Exact match
Manual Presisi,15.0,4,Status,AKURAT,AKURAT,,EXACT,MATCH,Exact match
Manual Presisi,15.0,4,Valid,True,True,,EXACT,MATCH,Exact match
Manual Presisi,15.0,4,StopReason,TARGET,TARGET,,EXACT,MATCH,Exact match
Manual Presisi,15.0,4,EarlyStop_g,0.4,0.4,0.0,0.001,MATCH,Within tolerance
Manual Presisi,15.0,4,WithinTolerance,1,1,,EXACT,MATCH,Exact match
Manual Presisi,15.0,5,Scenario,Manual Presisi,Manual Presisi,,EXACT,MATCH,Exact match
Manual Presisi,15.0,5,Controller,Manual Presisi,Manual Presisi,,EXACT,MATCH,Exact match
Manual Presisi,15.0,5,Setpoint_g,15.0,15.0,,EXACT,MATCH,Exact match
Manual Presisi,15.0,5,TrialNo,5,5,,EXACT,MATCH,Exact match
Manual Presisi,15.0,5,FileName,ManualPresisi_SP15_trial05.txt,ManualPresisi_SP15_trial05.txt,,EXACT,MATCH,Exact match
Manual Presisi,15.0,5,FinalMass_g,16.62,16.62,0.0,0.005,MATCH,Within tolerance
Manual Presisi,15.0,5,FinalError_g,1.62,1.62,0.0,0.005,MATCH,Within tolerance
Manual Presisi,15.0,5,FinalError_pct,10.77,10.77,0.0,0.005,MATCH,Within tolerance
Manual Presisi,15.0,5,AbsError_g,1.62,1.62,0.0,0.005,MATCH,Within tolerance
Manual Presisi,15.0,5,AbsError_pct,10.77,10.77,0.0,0.005,MATCH,Within tolerance
Manual Presisi,15.0,5,MaxOvershoot_g,1.62,1.62,0.0,0.005,MATCH,Within tolerance
Manual Presisi,15.0,5,MaxOvershoot_pct,10.77,10.77,0.0,0.005,MATCH,Within tolerance
Manual Presisi,15.0,5,Duration_s,29.66,29.66,0.0,0.001,MATCH,Within tolerance
Manual Presisi,15.0,5,TimeTo90_s,29.144,29.144,0.0,0.001,MATCH,Within tolerance
Manual Presisi,15.0,5,RiseTime_10_90_s,24.535,24.535,0.0,0.001,MATCH,Within tolerance
Manual Presisi,15.0,5,SettlingTime_s,,,0.0,0.005,MATCH,Both NaN
Manual Presisi,15.0,5,BridgingCount,6,6,,EXACT,MATCH,Exact match
Manual Presisi,15.0,5,Status,OVERSHOOT,OVERSHOOT,,EXACT,MATCH,Exact match
Manual Presisi,15.0,5,Valid,True,True,,EXACT,MATCH,Exact match
Manual Presisi,15.0,5,StopReason,TARGET,TARGET,,EXACT,MATCH,Exact match
Manual Presisi,15.0,5,EarlyStop_g,0.4,0.4,0.0,0.001,MATCH,Within tolerance
Manual Presisi,15.0,5,WithinTolerance,0,0,,EXACT,MATCH,Exact match
Manual Presisi,15.0,6,Scenario,Manual Presisi,Manual Presisi,,EXACT,MATCH,Exact match
Manual Presisi,15.0,6,Controller,Manual Presisi,Manual Presisi,,EXACT,MATCH,Exact match
Manual Presisi,15.0,6,Setpoint_g,15.0,15.0,,EXACT,MATCH,Exact match
Manual Presisi,15.0,6,TrialNo,6,6,,EXACT,MATCH,Exact match
Manual Presisi,15.0,6,FileName,ManualPresisi_SP15_trial06.txt,ManualPresisi_SP15_trial06.txt,,EXACT,MATCH,Exact match
Manual Presisi,15.0,6,FinalMass_g,14.49,14.49,0.0,0.005,MATCH,Within tolerance
Manual Presisi,15.0,6,FinalError_g,-0.51,-0.51,0.0,0.005,MATCH,Within tolerance
Manual Presisi,15.0,6,FinalError_pct,-3.37,-3.37,0.0,0.005,MATCH,Within tolerance
Manual Presisi,15.0,6,AbsError_g,0.51,0.51,0.0,0.005,MATCH,Within tolerance
Manual Presisi,15.0,6,AbsError_pct,3.37,3.37,0.0,0.005,MATCH,Within tolerance
Manual Presisi,15.0,6,MaxOvershoot_g,0.0,0.0,0.0,0.005,MATCH,Within tolerance
Manual Presisi,15.0,6,MaxOvershoot_pct,0.0,0.0,0.0,0.005,MATCH,Within tolerance
Manual Presisi,15.0,6,Duration_s,34.05,34.05,0.0,0.001,MATCH,Within tolerance
Manual Presisi,15.0,6,TimeTo90_s,33.795,33.795,0.0,0.001,MATCH,Within tolerance
Manual Presisi,15.0,6,RiseTime_10_90_s,29.186,29.186,0.0,0.001,MATCH,Within tolerance
Manual Presisi,15.0,6,SettlingTime_s,33.795,33.795,0.0,0.005,MATCH,Within tolerance
Manual Presisi,15.0,6,BridgingCount,4,4,,EXACT,MATCH,Exact match
Manual Presisi,15.0,6,Status,AKURAT,AKURAT,,EXACT,MATCH,Exact match
Manual Presisi,15.0,6,Valid,True,True,,EXACT,MATCH,Exact match
Manual Presisi,15.0,6,StopReason,TARGET,TARGET,,EXACT,MATCH,Exact match
Manual Presisi,15.0,6,EarlyStop_g,0.4,0.4,0.0,0.001,MATCH,Within tolerance
Manual Presisi,15.0,6,WithinTolerance,1,1,,EXACT,MATCH,Exact match
Manual Presisi,15.0,7,Scenario,Manual Presisi,Manual Presisi,,EXACT,MATCH,Exact match
Manual Presisi,15.0,7,Controller,Manual Presisi,Manual Presisi,,EXACT,MATCH,Exact match
Manual Presisi,15.0,7,Setpoint_g,15.0,15.0,,EXACT,MATCH,Exact match
Manual Presisi,15.0,7,TrialNo,7,7,,EXACT,MATCH,Exact match
Manual Presisi,15.0,7,FileName,ManualPresisi_SP15_trial07.txt,ManualPresisi_SP15_trial07.txt,,EXACT,MATCH,Exact match
Manual Presisi,15.0,7,FinalMass_g,15.89,15.89,0.0,0.005,MATCH,Within tolerance
Manual Presisi,15.0,7,FinalError_g,0.89,0.89,0.0,0.005,MATCH,Within tolerance
Manual Presisi,15.0,7,FinalError_pct,5.91,5.91,0.0,0.005,MATCH,Within tolerance
Manual Presisi,15.0,7,AbsError_g,0.89,0.89,0.0,0.005,MATCH,Within tolerance
Manual Presisi,15.0,7,AbsError_pct,5.91,5.91,0.0,0.005,MATCH,Within tolerance
Manual Presisi,15.0,7,MaxOvershoot_g,0.89,0.89,0.0,0.005,MATCH,Within tolerance
Manual Presisi,15.0,7,MaxOvershoot_pct,5.91,5.91,0.0,0.005,MATCH,Within tolerance
Manual Presisi,15.0,7,Duration_s,15.2,15.2,0.0,0.001,MATCH,Within tolerance
Manual Presisi,15.0,7,TimeTo90_s,12.874,12.874,0.0,0.001,MATCH,Within tolerance
Manual Presisi,15.0,7,RiseTime_10_90_s,5.683,5.683,0.0,0.001,MATCH,Within tolerance
Manual Presisi,15.0,7,SettlingTime_s,,,0.0,0.005,MATCH,Both NaN
Manual Presisi,15.0,7,BridgingCount,1,1,,EXACT,MATCH,Exact match
Manual Presisi,15.0,7,Status,OVERSHOOT,OVERSHOOT,,EXACT,MATCH,Exact match
Manual Presisi,15.0,7,Valid,True,True,,EXACT,MATCH,Exact match
Manual Presisi,15.0,7,StopReason,TARGET,TARGET,,EXACT,MATCH,Exact match
Manual Presisi,15.0,7,EarlyStop_g,0.4,0.4,0.0,0.001,MATCH,Within tolerance
Manual Presisi,15.0,7,WithinTolerance,0,0,,EXACT,MATCH,Exact match
Manual Presisi,15.0,8,Scenario,Manual Presisi,Manual Presisi,,EXACT,MATCH,Exact match
Manual Presisi,15.0,8,Controller,Manual Presisi,Manual Presisi,,EXACT,MATCH,Exact match
Manual Presisi,15.0,8,Setpoint_g,15.0,15.0,,EXACT,MATCH,Exact match
Manual Presisi,15.0,8,TrialNo,8,8,,EXACT,MATCH,Exact match
Manual Presisi,15.0,8,FileName,ManualPresisi_SP15_trial08.txt,ManualPresisi_SP15_trial08.txt,,EXACT,MATCH,Exact match
Manual Presisi,15.0,8,FinalMass_g,14.66,14.66,0.0,0.005,MATCH,Within tolerance
Manual Presisi,15.0,8,FinalError_g,-0.34,-0.34,0.0,0.005,MATCH,Within tolerance
Manual Presisi,15.0,8,FinalError_pct,-2.26,-2.26,0.0,0.005,MATCH,Within tolerance
Manual Presisi,15.0,8,AbsError_g,0.34,0.34,0.0,0.005,MATCH,Within tolerance
Manual Presisi,15.0,8,AbsError_pct,2.26,2.26,0.0,0.005,MATCH,Within tolerance
Manual Presisi,15.0,8,MaxOvershoot_g,0.0,0.0,0.0,0.005,MATCH,Within tolerance
Manual Presisi,15.0,8,MaxOvershoot_pct,0.0,0.0,0.0,0.005,MATCH,Within tolerance
Manual Presisi,15.0,8,Duration_s,40.51,40.51,0.0,0.001,MATCH,Within tolerance
Manual Presisi,15.0,8,TimeTo90_s,25.273,25.273,0.0,0.001,MATCH,Within tolerance
Manual Presisi,15.0,8,RiseTime_10_90_s,18.597,18.597,0.0,0.001,MATCH,Within tolerance
Manual Presisi,15.0,8,SettlingTime_s,33.538,33.538,0.0,0.005,MATCH,Within tolerance
Manual Presisi,15.0,8,BridgingCount,1,1,,EXACT,MATCH,Exact match
Manual Presisi,15.0,8,Status,AKURAT,AKURAT,,EXACT,MATCH,Exact match
Manual Presisi,15.0,8,Valid,True,True,,EXACT,MATCH,Exact match
Manual Presisi,15.0,8,StopReason,TARGET,TARGET,,EXACT,MATCH,Exact match
Manual Presisi,15.0,8,EarlyStop_g,0.4,0.4,0.0,0.001,MATCH,Within tolerance
Manual Presisi,15.0,8,WithinTolerance,1,1,,EXACT,MATCH,Exact match
Manual Presisi,15.0,9,Scenario,Manual Presisi,Manual Presisi,,EXACT,MATCH,Exact match
Manual Presisi,15.0,9,Controller,Manual Presisi,Manual Presisi,,EXACT,MATCH,Exact match
Manual Presisi,15.0,9,Setpoint_g,15.0,15.0,,EXACT,MATCH,Exact match
Manual Presisi,15.0,9,TrialNo,9,9,,EXACT,MATCH,Exact match
Manual Presisi,15.0,9,FileName,ManualPresisi_SP15_trial09.txt,ManualPresisi_SP15_trial09.txt,,EXACT,MATCH,Exact match
Manual Presisi,15.0,9,FinalMass_g,15.4,15.4,0.0,0.005,MATCH,Within tolerance
Manual Presisi,15.0,9,FinalError_g,0.4,0.4,0.0,0.005,MATCH,Within tolerance
Manual Presisi,15.0,9,FinalError_pct,2.68,2.68,0.0,0.005,MATCH,Within tolerance
Manual Presisi,15.0,9,AbsError_g,0.4,0.4,0.0,0.005,MATCH,Within tolerance
Manual Presisi,15.0,9,AbsError_pct,2.68,2.68,0.0,0.005,MATCH,Within tolerance
Manual Presisi,15.0,9,MaxOvershoot_g,0.4,0.4,0.0,0.005,MATCH,Within tolerance
Manual Presisi,15.0,9,MaxOvershoot_pct,2.68,2.68,0.0,0.005,MATCH,Within tolerance
Manual Presisi,15.0,9,Duration_s,33.8,33.8,0.0,0.001,MATCH,Within tolerance
Manual Presisi,15.0,9,TimeTo90_s,31.471,31.471,0.0,0.001,MATCH,Within tolerance
Manual Presisi,15.0,9,RiseTime_10_90_s,28.154,28.154,0.0,0.001,MATCH,Within tolerance
Manual Presisi,15.0,9,SettlingTime_s,33.28,33.28,0.0,0.005,MATCH,Within tolerance
Manual Presisi,15.0,9,BridgingCount,4,4,,EXACT,MATCH,Exact match
Manual Presisi,15.0,9,Status,AKURAT,AKURAT,,EXACT,MATCH,Exact match
Manual Presisi,15.0,9,Valid,True,True,,EXACT,MATCH,Exact match
Manual Presisi,15.0,9,StopReason,TARGET,TARGET,,EXACT,MATCH,Exact match
Manual Presisi,15.0,9,EarlyStop_g,0.4,0.4,0.0,0.001,MATCH,Within tolerance
Manual Presisi,15.0,9,WithinTolerance,1,1,,EXACT,MATCH,Exact match
Manual Presisi,15.0,10,Scenario,Manual Presisi,Manual Presisi,,EXACT,MATCH,Exact match
Manual Presisi,15.0,10,Controller,Manual Presisi,Manual Presisi,,EXACT,MATCH,Exact match
Manual Presisi,15.0,10,Setpoint_g,15.0,15.0,,EXACT,MATCH,Exact match
Manual Presisi,15.0,10,TrialNo,10,10,,EXACT,MATCH,Exact match
Manual Presisi,15.0,10,FileName,ManualPresisi_SP15_trial10.txt,ManualPresisi_SP15_trial10.txt,,EXACT,MATCH,Exact match
Manual Presisi,15.0,10,FinalMass_g,21.01,21.01,0.0,0.005,MATCH,Within tolerance
Manual Presisi,15.0,10,FinalError_g,6.01,6.01,0.0,0.005,MATCH,Within tolerance
Manual Presisi,15.0,10,FinalError_pct,40.06,40.06,0.0,0.005,MATCH,Within tolerance
Manual Presisi,15.0,10,AbsError_g,6.01,6.01,0.0,0.005,MATCH,Within tolerance
Manual Presisi,15.0,10,AbsError_pct,40.06,40.06,0.0,0.005,MATCH,Within tolerance
Manual Presisi,15.0,10,MaxOvershoot_g,6.01,6.01,0.0,0.005,MATCH,Within tolerance
Manual Presisi,15.0,10,MaxOvershoot_pct,40.06,40.06,0.0,0.005,MATCH,Within tolerance
Manual Presisi,15.0,10,Duration_s,8.48,8.48,0.0,0.001,MATCH,Within tolerance
Manual Presisi,15.0,10,TimeTo90_s,8.225,8.225,0.0,0.001,MATCH,Within tolerance
Manual Presisi,15.0,10,RiseTime_10_90_s,1.033,1.033,0.0,0.001,MATCH,Within tolerance
Manual Presisi,15.0,10,SettlingTime_s,,,0.0,0.005,MATCH,Both NaN
Manual Presisi,15.0,10,BridgingCount,1,1,,EXACT,MATCH,Exact match
Manual Presisi,15.0,10,Status,OVERSHOOT,OVERSHOOT,,EXACT,MATCH,Exact match
Manual Presisi,15.0,10,Valid,True,True,,EXACT,MATCH,Exact match
Manual Presisi,15.0,10,StopReason,TARGET,TARGET,,EXACT,MATCH,Exact match
Manual Presisi,15.0,10,EarlyStop_g,0.4,0.4,0.0,0.001,MATCH,Within tolerance
Manual Presisi,15.0,10,WithinTolerance,0,0,,EXACT,MATCH,Exact match
Manual Presisi,20.0,1,Scenario,Manual Presisi,Manual Presisi,,EXACT,MATCH,Exact match
Manual Presisi,20.0,1,Controller,Manual Presisi,Manual Presisi,,EXACT,MATCH,Exact match
Manual Presisi,20.0,1,Setpoint_g,20.0,20.0,,EXACT,MATCH,Exact match
Manual Presisi,20.0,1,TrialNo,1,1,,EXACT,MATCH,Exact match
Manual Presisi,20.0,1,FileName,ManualPresisi_SP20_trial01.txt,ManualPresisi_SP20_trial01.txt,,EXACT,MATCH,Exact match
Manual Presisi,20.0,1,FinalMass_g,23.33,23.33,0.0,0.005,MATCH,Within tolerance
Manual Presisi,20.0,1,FinalError_g,3.33,3.33,0.0,0.005,MATCH,Within tolerance
Manual Presisi,20.0,1,FinalError_pct,16.67,16.67,0.0,0.005,MATCH,Within tolerance
Manual Presisi,20.0,1,AbsError_g,3.33,3.33,0.0,0.005,MATCH,Within tolerance
Manual Presisi,20.0,1,AbsError_pct,16.67,16.67,0.0,0.005,MATCH,Within tolerance
Manual Presisi,20.0,1,MaxOvershoot_g,3.33,3.33,0.0,0.005,MATCH,Within tolerance
Manual Presisi,20.0,1,MaxOvershoot_pct,16.67,16.67,0.0,0.005,MATCH,Within tolerance
Manual Presisi,20.0,1,Duration_s,67.88,67.88,0.0,0.001,MATCH,Within tolerance
Manual Presisi,20.0,1,TimeTo90_s,66.329,66.329,0.0,0.001,MATCH,Within tolerance
Manual Presisi,20.0,1,RiseTime_10_90_s,61.721,61.721,0.0,0.001,MATCH,Within tolerance
Manual Presisi,20.0,1,SettlingTime_s,,,0.0,0.005,MATCH,Both NaN
Manual Presisi,20.0,1,BridgingCount,14,14,,EXACT,MATCH,Exact match
Manual Presisi,20.0,1,Status,OVERSHOOT,OVERSHOOT,,EXACT,MATCH,Exact match
Manual Presisi,20.0,1,Valid,True,True,,EXACT,MATCH,Exact match
Manual Presisi,20.0,1,StopReason,TARGET,TARGET,,EXACT,MATCH,Exact match
Manual Presisi,20.0,1,EarlyStop_g,0.4,0.4,0.0,0.001,MATCH,Within tolerance
Manual Presisi,20.0,1,WithinTolerance,0,0,,EXACT,MATCH,Exact match
Manual Presisi,20.0,2,Scenario,Manual Presisi,Manual Presisi,,EXACT,MATCH,Exact match
Manual Presisi,20.0,2,Controller,Manual Presisi,Manual Presisi,,EXACT,MATCH,Exact match
Manual Presisi,20.0,2,Setpoint_g,20.0,20.0,,EXACT,MATCH,Exact match
Manual Presisi,20.0,2,TrialNo,2,2,,EXACT,MATCH,Exact match
Manual Presisi,20.0,2,FileName,ManualPresisi_SP20_trial02.txt,ManualPresisi_SP20_trial02.txt,,EXACT,MATCH,Exact match
Manual Presisi,20.0,2,FinalMass_g,19.68,19.68,0.0,0.005,MATCH,Within tolerance
Manual Presisi,20.0,2,FinalError_g,-0.32,-0.32,0.0,0.005,MATCH,Within tolerance
Manual Presisi,20.0,2,FinalError_pct,-1.62,-1.62,0.0,0.005,MATCH,Within tolerance
Manual Presisi,20.0,2,AbsError_g,0.32,0.32,0.0,0.005,MATCH,Within tolerance
Manual Presisi,20.0,2,AbsError_pct,1.62,1.62,0.0,0.005,MATCH,Within tolerance
Manual Presisi,20.0,2,MaxOvershoot_g,0.0,0.0,0.0,0.005,MATCH,Within tolerance
Manual Presisi,20.0,2,MaxOvershoot_pct,0.0,0.0,0.0,0.005,MATCH,Within tolerance
Manual Presisi,20.0,2,Duration_s,44.12,44.12,0.0,0.001,MATCH,Within tolerance
Manual Presisi,20.0,2,TimeTo90_s,37.925,37.925,0.0,0.001,MATCH,Within tolerance
Manual Presisi,20.0,2,RiseTime_10_90_s,30.477,30.477,0.0,0.001,MATCH,Within tolerance
Manual Presisi,20.0,2,SettlingTime_s,41.8,41.8,0.0,0.005,MATCH,Within tolerance
Manual Presisi,20.0,2,BridgingCount,3,3,,EXACT,MATCH,Exact match
Manual Presisi,20.0,2,Status,AKURAT,AKURAT,,EXACT,MATCH,Exact match
Manual Presisi,20.0,2,Valid,True,True,,EXACT,MATCH,Exact match
Manual Presisi,20.0,2,StopReason,TARGET,TARGET,,EXACT,MATCH,Exact match
Manual Presisi,20.0,2,EarlyStop_g,0.4,0.4,0.0,0.001,MATCH,Within tolerance
Manual Presisi,20.0,2,WithinTolerance,1,1,,EXACT,MATCH,Exact match
Manual Presisi,20.0,3,Scenario,Manual Presisi,Manual Presisi,,EXACT,MATCH,Exact match
Manual Presisi,20.0,3,Controller,Manual Presisi,Manual Presisi,,EXACT,MATCH,Exact match
Manual Presisi,20.0,3,Setpoint_g,20.0,20.0,,EXACT,MATCH,Exact match
Manual Presisi,20.0,3,TrialNo,3,3,,EXACT,MATCH,Exact match
Manual Presisi,20.0,3,FileName,ManualPresisi_SP20_trial03.txt,ManualPresisi_SP20_trial03.txt,,EXACT,MATCH,Exact match
Manual Presisi,20.0,3,FinalMass_g,23.75,23.75,0.0,0.005,MATCH,Within tolerance
Manual Presisi,20.0,3,FinalError_g,3.75,3.75,0.0,0.005,MATCH,Within tolerance
Manual Presisi,20.0,3,FinalError_pct,18.77,18.77,0.0,0.005,MATCH,Within tolerance
Manual Presisi,20.0,3,AbsError_g,3.75,3.75,0.0,0.005,MATCH,Within tolerance
Manual Presisi,20.0,3,AbsError_pct,18.77,18.77,0.0,0.005,MATCH,Within tolerance
Manual Presisi,20.0,3,MaxOvershoot_g,3.75,3.75,0.0,0.005,MATCH,Within tolerance
Manual Presisi,20.0,3,MaxOvershoot_pct,18.77,18.77,0.0,0.005,MATCH,Within tolerance
Manual Presisi,20.0,3,Duration_s,38.7,38.7,0.0,0.001,MATCH,Within tolerance
Manual Presisi,20.0,3,TimeTo90_s,38.44,38.44,0.0,0.001,MATCH,Within tolerance
Manual Presisi,20.0,3,RiseTime_10_90_s,33.573,33.573,0.0,0.001,MATCH,Within tolerance
Manual Presisi,20.0,3,SettlingTime_s,,,0.0,0.005,MATCH,Both NaN
Manual Presisi,20.0,3,BridgingCount,3,3,,EXACT,MATCH,Exact match
Manual Presisi,20.0,3,Status,OVERSHOOT,OVERSHOOT,,EXACT,MATCH,Exact match
Manual Presisi,20.0,3,Valid,True,True,,EXACT,MATCH,Exact match
Manual Presisi,20.0,3,StopReason,TARGET,TARGET,,EXACT,MATCH,Exact match
Manual Presisi,20.0,3,EarlyStop_g,0.4,0.4,0.0,0.001,MATCH,Within tolerance
Manual Presisi,20.0,3,WithinTolerance,0,0,,EXACT,MATCH,Exact match
Manual Presisi,20.0,4,Scenario,Manual Presisi,Manual Presisi,,EXACT,MATCH,Exact match
Manual Presisi,20.0,4,Controller,Manual Presisi,Manual Presisi,,EXACT,MATCH,Exact match
Manual Presisi,20.0,4,Setpoint_g,20.0,20.0,,EXACT,MATCH,Exact match
Manual Presisi,20.0,4,TrialNo,4,4,,EXACT,MATCH,Exact match
Manual Presisi,20.0,4,FileName,ManualPresisi_SP20_trial04.txt,ManualPresisi_SP20_trial04.txt,,EXACT,MATCH,Exact match
Manual Presisi,20.0,4,FinalMass_g,20.34,20.34,0.0,0.005,MATCH,Within tolerance
Manual Presisi,20.0,4,FinalError_g,0.34,0.34,0.0,0.005,MATCH,Within tolerance
Manual Presisi,20.0,4,FinalError_pct,1.72,1.72,0.0,0.005,MATCH,Within tolerance
Manual Presisi,20.0,4,AbsError_g,0.34,0.34,0.0,0.005,MATCH,Within tolerance
Manual Presisi,20.0,4,AbsError_pct,1.72,1.72,0.0,0.005,MATCH,Within tolerance
Manual Presisi,20.0,4,MaxOvershoot_g,0.34,0.34,0.0,0.005,MATCH,Within tolerance
Manual Presisi,20.0,4,MaxOvershoot_pct,1.72,1.72,0.0,0.005,MATCH,Within tolerance
Manual Presisi,20.0,4,Duration_s,44.38,44.38,0.0,0.001,MATCH,Within tolerance
Manual Presisi,20.0,4,TimeTo90_s,35.341,35.341,0.0,0.001,MATCH,Within tolerance
Manual Presisi,20.0,4,RiseTime_10_90_s,28.15,28.15,0.0,0.001,MATCH,Within tolerance
Manual Presisi,20.0,4,SettlingTime_s,39.989,39.989,0.0,0.005,MATCH,Within tolerance
Manual Presisi,20.0,4,BridgingCount,4,4,,EXACT,MATCH,Exact match
Manual Presisi,20.0,4,Status,AKURAT,AKURAT,,EXACT,MATCH,Exact match
Manual Presisi,20.0,4,Valid,True,True,,EXACT,MATCH,Exact match
Manual Presisi,20.0,4,StopReason,TARGET,TARGET,,EXACT,MATCH,Exact match
Manual Presisi,20.0,4,EarlyStop_g,0.4,0.4,0.0,0.001,MATCH,Within tolerance
Manual Presisi,20.0,4,WithinTolerance,1,1,,EXACT,MATCH,Exact match
Manual Presisi,20.0,5,Scenario,Manual Presisi,Manual Presisi,,EXACT,MATCH,Exact match
Manual Presisi,20.0,5,Controller,Manual Presisi,Manual Presisi,,EXACT,MATCH,Exact match
Manual Presisi,20.0,5,Setpoint_g,20.0,20.0,,EXACT,MATCH,Exact match
Manual Presisi,20.0,5,TrialNo,5,5,,EXACT,MATCH,Exact match
Manual Presisi,20.0,5,FileName,ManualPresisi_SP20_trial05.txt,ManualPresisi_SP20_trial05.txt,,EXACT,MATCH,Exact match
Manual Presisi,20.0,5,FinalMass_g,25.23,25.23,0.0,0.005,MATCH,Within tolerance
Manual Presisi,20.0,5,FinalError_g,5.23,5.23,0.0,0.005,MATCH,Within tolerance
Manual Presisi,20.0,5,FinalError_pct,26.17,26.17,0.0,0.005,MATCH,Within tolerance
Manual Presisi,20.0,5,AbsError_g,5.23,5.23,0.0,0.005,MATCH,Within tolerance
Manual Presisi,20.0,5,AbsError_pct,26.17,26.17,0.0,0.005,MATCH,Within tolerance
Manual Presisi,20.0,5,MaxOvershoot_g,5.23,5.23,0.0,0.005,MATCH,Within tolerance
Manual Presisi,20.0,5,MaxOvershoot_pct,26.17,26.17,0.0,0.005,MATCH,Within tolerance
Manual Presisi,20.0,5,Duration_s,20.62,20.62,0.0,0.001,MATCH,Within tolerance
Manual Presisi,20.0,5,TimeTo90_s,20.359,20.359,0.0,0.001,MATCH,Within tolerance
Manual Presisi,20.0,5,RiseTime_10_90_s,13.169,13.169,0.0,0.001,MATCH,Within tolerance
Manual Presisi,20.0,5,SettlingTime_s,,,0.0,0.005,MATCH,Both NaN
Manual Presisi,20.0,5,BridgingCount,3,3,,EXACT,MATCH,Exact match
Manual Presisi,20.0,5,Status,OVERSHOOT,OVERSHOOT,,EXACT,MATCH,Exact match
Manual Presisi,20.0,5,Valid,True,True,,EXACT,MATCH,Exact match
Manual Presisi,20.0,5,StopReason,TARGET,TARGET,,EXACT,MATCH,Exact match
Manual Presisi,20.0,5,EarlyStop_g,0.4,0.4,0.0,0.001,MATCH,Within tolerance
Manual Presisi,20.0,5,WithinTolerance,0,0,,EXACT,MATCH,Exact match
Manual Presisi,20.0,6,Scenario,Manual Presisi,Manual Presisi,,EXACT,MATCH,Exact match
Manual Presisi,20.0,6,Controller,Manual Presisi,Manual Presisi,,EXACT,MATCH,Exact match
Manual Presisi,20.0,6,Setpoint_g,20.0,20.0,,EXACT,MATCH,Exact match
Manual Presisi,20.0,6,TrialNo,6,6,,EXACT,MATCH,Exact match
Manual Presisi,20.0,6,FileName,ManualPresisi_SP20_trial06.txt,ManualPresisi_SP20_trial06.txt,,EXACT,MATCH,Exact match
Manual Presisi,20.0,6,FinalMass_g,19.97,19.97,0.0,0.005,MATCH,Within tolerance
Manual Presisi,20.0,6,FinalError_g,-0.03,-0.03,0.0,0.005,MATCH,Within tolerance
Manual Presisi,20.0,6,FinalError_pct,-0.17,-0.17,0.0,0.005,MATCH,Within tolerance
Manual Presisi,20.0,6,AbsError_g,0.03,0.03,0.0,0.005,MATCH,Within tolerance
Manual Presisi,20.0,6,AbsError_pct,0.17,0.17,0.0,0.005,MATCH,Within tolerance
Manual Presisi,20.0,6,MaxOvershoot_g,0.0,0.0,0.0,0.005,MATCH,Within tolerance
Manual Presisi,20.0,6,MaxOvershoot_pct,0.02,0.02,0.0,0.005,MATCH,Within tolerance
Manual Presisi,20.0,6,Duration_s,42.31,42.31,0.0,0.001,MATCH,Within tolerance
Manual Presisi,20.0,6,TimeTo90_s,38.439,38.439,0.0,0.001,MATCH,Within tolerance
Manual Presisi,20.0,6,RiseTime_10_90_s,38.339,38.339,0.0,0.001,MATCH,Within tolerance
Manual Presisi,20.0,6,SettlingTime_s,41.796,41.796,0.0,0.005,MATCH,Within tolerance
Manual Presisi,20.0,6,BridgingCount,4,4,,EXACT,MATCH,Exact match
Manual Presisi,20.0,6,Status,AKURAT,AKURAT,,EXACT,MATCH,Exact match
Manual Presisi,20.0,6,Valid,True,True,,EXACT,MATCH,Exact match
Manual Presisi,20.0,6,StopReason,TARGET,TARGET,,EXACT,MATCH,Exact match
Manual Presisi,20.0,6,EarlyStop_g,0.4,0.4,0.0,0.001,MATCH,Within tolerance
Manual Presisi,20.0,6,WithinTolerance,1,1,,EXACT,MATCH,Exact match
Manual Presisi,20.0,7,Scenario,Manual Presisi,Manual Presisi,,EXACT,MATCH,Exact match
Manual Presisi,20.0,7,Controller,Manual Presisi,Manual Presisi,,EXACT,MATCH,Exact match
Manual Presisi,20.0,7,Setpoint_g,20.0,20.0,,EXACT,MATCH,Exact match
Manual Presisi,20.0,7,TrialNo,7,7,,EXACT,MATCH,Exact match
Manual Presisi,20.0,7,FileName,ManualPresisi_SP20_trial07.txt,ManualPresisi_SP20_trial07.txt,,EXACT,MATCH,Exact match
Manual Presisi,20.0,7,FinalMass_g,19.95,19.95,0.0,0.005,MATCH,Within tolerance
Manual Presisi,20.0,7,FinalError_g,-0.05,-0.05,0.0,0.005,MATCH,Within tolerance
Manual Presisi,20.0,7,FinalError_pct,-0.26,-0.26,0.0,0.005,MATCH,Within tolerance
Manual Presisi,20.0,7,AbsError_g,0.05,0.05,0.0,0.005,MATCH,Within tolerance
Manual Presisi,20.0,7,AbsError_pct,0.26,0.26,0.0,0.005,MATCH,Within tolerance
Manual Presisi,20.0,7,MaxOvershoot_g,0.0,0.0,0.0,0.005,MATCH,Within tolerance
Manual Presisi,20.0,7,MaxOvershoot_pct,0.0,0.0,0.0,0.005,MATCH,Within tolerance
Manual Presisi,20.0,7,Duration_s,44.89,44.89,0.0,0.001,MATCH,Within tolerance
Manual Presisi,20.0,7,TimeTo90_s,44.635,44.635,0.0,0.001,MATCH,Within tolerance
Manual Presisi,20.0,7,RiseTime_10_90_s,40.027,40.027,0.0,0.001,MATCH,Within tolerance
Manual Presisi,20.0,7,SettlingTime_s,44.635,44.635,0.0,0.005,MATCH,Within tolerance
Manual Presisi,20.0,7,BridgingCount,7,7,,EXACT,MATCH,Exact match
Manual Presisi,20.0,7,Status,AKURAT,AKURAT,,EXACT,MATCH,Exact match
Manual Presisi,20.0,7,Valid,True,True,,EXACT,MATCH,Exact match
Manual Presisi,20.0,7,StopReason,TARGET,TARGET,,EXACT,MATCH,Exact match
Manual Presisi,20.0,7,EarlyStop_g,0.4,0.4,0.0,0.001,MATCH,Within tolerance
Manual Presisi,20.0,7,WithinTolerance,1,1,,EXACT,MATCH,Exact match
Manual Presisi,20.0,8,Scenario,Manual Presisi,Manual Presisi,,EXACT,MATCH,Exact match
Manual Presisi,20.0,8,Controller,Manual Presisi,Manual Presisi,,EXACT,MATCH,Exact match
Manual Presisi,20.0,8,Setpoint_g,20.0,20.0,,EXACT,MATCH,Exact match
Manual Presisi,20.0,8,TrialNo,8,8,,EXACT,MATCH,Exact match
Manual Presisi,20.0,8,FileName,ManualPresisi_SP20_trial08.txt,ManualPresisi_SP20_trial08.txt,,EXACT,MATCH,Exact match
Manual Presisi,20.0,8,FinalMass_g,21.06,21.06,0.0,0.005,MATCH,Within tolerance
Manual Presisi,20.0,8,FinalError_g,1.06,1.06,0.0,0.005,MATCH,Within tolerance
Manual Presisi,20.0,8,FinalError_pct,5.29,5.29,0.0,0.005,MATCH,Within tolerance
Manual Presisi,20.0,8,AbsError_g,1.06,1.06,0.0,0.005,MATCH,Within tolerance
Manual Presisi,20.0,8,AbsError_pct,5.29,5.29,0.0,0.005,MATCH,Within tolerance
Manual Presisi,20.0,8,MaxOvershoot_g,1.06,1.06,0.0,0.005,MATCH,Within tolerance
Manual Presisi,20.0,8,MaxOvershoot_pct,5.29,5.29,0.0,0.005,MATCH,Within tolerance
Manual Presisi,20.0,8,Duration_s,65.04,65.04,0.0,0.001,MATCH,Within tolerance
Manual Presisi,20.0,8,TimeTo90_s,64.525,64.525,0.0,0.001,MATCH,Within tolerance
Manual Presisi,20.0,8,RiseTime_10_90_s,57.334,57.334,0.0,0.001,MATCH,Within tolerance
Manual Presisi,20.0,8,SettlingTime_s,,,0.0,0.005,MATCH,Both NaN
Manual Presisi,20.0,8,BridgingCount,2,2,,EXACT,MATCH,Exact match
Manual Presisi,20.0,8,Status,OVERSHOOT,OVERSHOOT,,EXACT,MATCH,Exact match
Manual Presisi,20.0,8,Valid,True,True,,EXACT,MATCH,Exact match
Manual Presisi,20.0,8,StopReason,TARGET,TARGET,,EXACT,MATCH,Exact match
Manual Presisi,20.0,8,EarlyStop_g,0.4,0.4,0.0,0.001,MATCH,Within tolerance
Manual Presisi,20.0,8,WithinTolerance,0,0,,EXACT,MATCH,Exact match
Manual Presisi,20.0,9,Scenario,Manual Presisi,Manual Presisi,,EXACT,MATCH,Exact match
Manual Presisi,20.0,9,Controller,Manual Presisi,Manual Presisi,,EXACT,MATCH,Exact match
Manual Presisi,20.0,9,Setpoint_g,20.0,20.0,,EXACT,MATCH,Exact match
Manual Presisi,20.0,9,TrialNo,9,9,,EXACT,MATCH,Exact match
Manual Presisi,20.0,9,FileName,ManualPresisi_SP20_trial09.txt,ManualPresisi_SP20_trial09.txt,,EXACT,MATCH,Exact match
Manual Presisi,20.0,9,FinalMass_g,19.38,19.38,0.0,0.005,MATCH,Within tolerance
Manual Presisi,20.0,9,FinalError_g,-0.62,-0.62,0.0,0.005,MATCH,Within tolerance
Manual Presisi,20.0,9,FinalError_pct,-3.09,-3.09,0.0,0.005,MATCH,Within tolerance
Manual Presisi,20.0,9,AbsError_g,0.62,0.62,0.0,0.005,MATCH,Within tolerance
Manual Presisi,20.0,9,AbsError_pct,3.09,3.09,0.0,0.005,MATCH,Within tolerance
Manual Presisi,20.0,9,MaxOvershoot_g,0.0,0.0,0.0,0.005,MATCH,Within tolerance
Manual Presisi,20.0,9,MaxOvershoot_pct,0.0,0.0,0.0,0.005,MATCH,Within tolerance
Manual Presisi,20.0,9,Duration_s,28.88,28.88,0.0,0.001,MATCH,Within tolerance
Manual Presisi,20.0,9,TimeTo90_s,28.365,28.365,0.0,0.001,MATCH,Within tolerance
Manual Presisi,20.0,9,RiseTime_10_90_s,21.175,21.175,0.0,0.001,MATCH,Within tolerance
Manual Presisi,20.0,9,SettlingTime_s,28.624,28.624,0.0,0.005,MATCH,Within tolerance
Manual Presisi,20.0,9,BridgingCount,3,3,,EXACT,MATCH,Exact match
Manual Presisi,20.0,9,Status,AKURAT,AKURAT,,EXACT,MATCH,Exact match
Manual Presisi,20.0,9,Valid,True,True,,EXACT,MATCH,Exact match
Manual Presisi,20.0,9,StopReason,TARGET,TARGET,,EXACT,MATCH,Exact match
Manual Presisi,20.0,9,EarlyStop_g,0.4,0.4,0.0,0.001,MATCH,Within tolerance
Manual Presisi,20.0,9,WithinTolerance,1,1,,EXACT,MATCH,Exact match
Manual Presisi,20.0,10,Scenario,Manual Presisi,Manual Presisi,,EXACT,MATCH,Exact match
Manual Presisi,20.0,10,Controller,Manual Presisi,Manual Presisi,,EXACT,MATCH,Exact match
Manual Presisi,20.0,10,Setpoint_g,20.0,20.0,,EXACT,MATCH,Exact match
Manual Presisi,20.0,10,TrialNo,10,10,,EXACT,MATCH,Exact match
Manual Presisi,20.0,10,FileName,ManualPresisi_SP20_trial10.txt,ManualPresisi_SP20_trial10.txt,,EXACT,MATCH,Exact match
Manual Presisi,20.0,10,FinalMass_g,20.01,20.01,0.0,0.005,MATCH,Within tolerance
Manual Presisi,20.0,10,FinalError_g,0.01,0.01,0.0,0.005,MATCH,Within tolerance
Manual Presisi,20.0,10,FinalError_pct,0.04,0.04,0.0,0.005,MATCH,Within tolerance
Manual Presisi,20.0,10,AbsError_g,0.01,0.01,0.0,0.005,MATCH,Within tolerance
Manual Presisi,20.0,10,AbsError_pct,0.04,0.04,0.0,0.005,MATCH,Within tolerance
Manual Presisi,20.0,10,MaxOvershoot_g,0.01,0.01,0.0,0.005,MATCH,Within tolerance
Manual Presisi,20.0,10,MaxOvershoot_pct,0.04,0.04,0.0,0.005,MATCH,Within tolerance
Manual Presisi,20.0,10,Duration_s,42.05,42.05,0.0,0.001,MATCH,Within tolerance
Manual Presisi,20.0,10,TimeTo90_s,20.361,20.361,0.0,0.001,MATCH,Within tolerance
Manual Presisi,20.0,10,RiseTime_10_90_s,13.171,13.171,0.0,0.001,MATCH,Within tolerance
Manual Presisi,20.0,10,SettlingTime_s,37.664,37.664,0.0,0.005,MATCH,Within tolerance
Manual Presisi,20.0,10,BridgingCount,1,1,,EXACT,MATCH,Exact match
Manual Presisi,20.0,10,Status,AKURAT,AKURAT,,EXACT,MATCH,Exact match
Manual Presisi,20.0,10,Valid,True,True,,EXACT,MATCH,Exact match
Manual Presisi,20.0,10,StopReason,TARGET,TARGET,,EXACT,MATCH,Exact match
Manual Presisi,20.0,10,EarlyStop_g,0.4,0.4,0.0,0.001,MATCH,Within tolerance
Manual Presisi,20.0,10,WithinTolerance,1,1,,EXACT,MATCH,Exact match
Manual Presisi,25.0,1,Scenario,Manual Presisi,Manual Presisi,,EXACT,MATCH,Exact match
Manual Presisi,25.0,1,Controller,Manual Presisi,Manual Presisi,,EXACT,MATCH,Exact match
Manual Presisi,25.0,1,Setpoint_g,25.0,25.0,,EXACT,MATCH,Exact match
Manual Presisi,25.0,1,TrialNo,1,1,,EXACT,MATCH,Exact match
Manual Presisi,25.0,1,FileName,ManualPresisi_SP25_trial01.txt,ManualPresisi_SP25_trial01.txt,,EXACT,MATCH,Exact match
Manual Presisi,25.0,1,FinalMass_g,24.78,24.78,0.0,0.005,MATCH,Within tolerance
Manual Presisi,25.0,1,FinalError_g,-0.22,-0.22,0.0,0.005,MATCH,Within tolerance
Manual Presisi,25.0,1,FinalError_pct,-0.86,-0.86,0.0,0.005,MATCH,Within tolerance
Manual Presisi,25.0,1,AbsError_g,0.22,0.22,0.0,0.005,MATCH,Within tolerance
Manual Presisi,25.0,1,AbsError_pct,0.86,0.86,0.0,0.005,MATCH,Within tolerance
Manual Presisi,25.0,1,MaxOvershoot_g,0.0,0.0,0.0,0.005,MATCH,Within tolerance
Manual Presisi,25.0,1,MaxOvershoot_pct,0.0,0.0,0.0,0.005,MATCH,Within tolerance
Manual Presisi,25.0,1,Duration_s,81.58,81.58,0.0,0.001,MATCH,Within tolerance
Manual Presisi,25.0,1,TimeTo90_s,42.577,42.577,0.0,0.001,MATCH,Within tolerance
Manual Presisi,25.0,1,RiseTime_10_90_s,37.71,37.71,0.0,0.001,MATCH,Within tolerance
Manual Presisi,25.0,1,SettlingTime_s,81.323,81.323,0.0,0.005,MATCH,Within tolerance
Manual Presisi,25.0,1,BridgingCount,3,3,,EXACT,MATCH,Exact match
Manual Presisi,25.0,1,Status,AKURAT,AKURAT,,EXACT,MATCH,Exact match
Manual Presisi,25.0,1,Valid,True,True,,EXACT,MATCH,Exact match
Manual Presisi,25.0,1,StopReason,TARGET,TARGET,,EXACT,MATCH,Exact match
Manual Presisi,25.0,1,EarlyStop_g,0.4,0.4,0.0,0.001,MATCH,Within tolerance
Manual Presisi,25.0,1,WithinTolerance,1,1,,EXACT,MATCH,Exact match
Manual Presisi,25.0,2,Scenario,Manual Presisi,Manual Presisi,,EXACT,MATCH,Exact match
Manual Presisi,25.0,2,Controller,Manual Presisi,Manual Presisi,,EXACT,MATCH,Exact match
Manual Presisi,25.0,2,Setpoint_g,25.0,25.0,,EXACT,MATCH,Exact match
Manual Presisi,25.0,2,TrialNo,2,2,,EXACT,MATCH,Exact match
Manual Presisi,25.0,2,FileName,ManualPresisi_SP25_trial02.txt,ManualPresisi_SP25_trial02.txt,,EXACT,MATCH,Exact match
Manual Presisi,25.0,2,FinalMass_g,27.38,27.38,0.0,0.005,MATCH,Within tolerance
Manual Presisi,25.0,2,FinalError_g,2.38,2.38,0.0,0.005,MATCH,Within tolerance
Manual Presisi,25.0,2,FinalError_pct,9.53,9.53,0.0,0.005,MATCH,Within tolerance
Manual Presisi,25.0,2,AbsError_g,2.38,2.38,0.0,0.005,MATCH,Within tolerance
Manual Presisi,25.0,2,AbsError_pct,9.53,9.53,0.0,0.005,MATCH,Within tolerance
Manual Presisi,25.0,2,MaxOvershoot_g,2.38,2.38,0.0,0.005,MATCH,Within tolerance
Manual Presisi,25.0,2,MaxOvershoot_pct,9.53,9.53,0.0,0.005,MATCH,Within tolerance
Manual Presisi,25.0,2,Duration_s,32.51,32.51,0.0,0.001,MATCH,Within tolerance
Manual Presisi,25.0,2,TimeTo90_s,32.248,32.248,0.0,0.001,MATCH,Within tolerance
Manual Presisi,25.0,2,RiseTime_10_90_s,24.798,24.798,0.0,0.001,MATCH,Within tolerance
Manual Presisi,25.0,2,SettlingTime_s,,,0.0,0.005,MATCH,Both NaN
Manual Presisi,25.0,2,BridgingCount,4,4,,EXACT,MATCH,Exact match
Manual Presisi,25.0,2,Status,OVERSHOOT,OVERSHOOT,,EXACT,MATCH,Exact match
Manual Presisi,25.0,2,Valid,True,True,,EXACT,MATCH,Exact match
Manual Presisi,25.0,2,StopReason,TARGET,TARGET,,EXACT,MATCH,Exact match
Manual Presisi,25.0,2,EarlyStop_g,0.4,0.4,0.0,0.001,MATCH,Within tolerance
Manual Presisi,25.0,2,WithinTolerance,0,0,,EXACT,MATCH,Exact match
Manual Presisi,25.0,3,Scenario,Manual Presisi,Manual Presisi,,EXACT,MATCH,Exact match
Manual Presisi,25.0,3,Controller,Manual Presisi,Manual Presisi,,EXACT,MATCH,Exact match
Manual Presisi,25.0,3,Setpoint_g,25.0,25.0,,EXACT,MATCH,Exact match
Manual Presisi,25.0,3,TrialNo,3,3,,EXACT,MATCH,Exact match
Manual Presisi,25.0,3,FileName,ManualPresisi_SP25_trial03.txt,ManualPresisi_SP25_trial03.txt,,EXACT,MATCH,Exact match
Manual Presisi,25.0,3,FinalMass_g,32.6,32.6,0.0,0.005,MATCH,Within tolerance
Manual Presisi,25.0,3,FinalError_g,7.6,7.6,0.0,0.005,MATCH,Within tolerance
Manual Presisi,25.0,3,FinalError_pct,30.4,30.4,0.0,0.005,MATCH,Within tolerance
Manual Presisi,25.0,3,AbsError_g,7.6,7.6,0.0,0.005,MATCH,Within tolerance
Manual Presisi,25.0,3,AbsError_pct,30.4,30.4,0.0,0.005,MATCH,Within tolerance
Manual Presisi,25.0,3,MaxOvershoot_g,7.6,7.6,0.0,0.005,MATCH,Within tolerance
Manual Presisi,25.0,3,MaxOvershoot_pct,30.4,30.4,0.0,0.005,MATCH,Within tolerance
Manual Presisi,25.0,3,Duration_s,38.96,38.96,0.0,0.001,MATCH,Within tolerance
Manual Presisi,25.0,3,TimeTo90_s,38.448,38.448,0.0,0.001,MATCH,Within tolerance
Manual Presisi,25.0,3,RiseTime_10_90_s,30.998,30.998,0.0,0.001,MATCH,Within tolerance
Manual Presisi,25.0,3,SettlingTime_s,,,0.0,0.005,MATCH,Both NaN
Manual Presisi,25.0,3,BridgingCount,6,6,,EXACT,MATCH,Exact match
Manual Presisi,25.0,3,Status,OVERSHOOT,OVERSHOOT,,EXACT,MATCH,Exact match
Manual Presisi,25.0,3,Valid,True,True,,EXACT,MATCH,Exact match
Manual Presisi,25.0,3,StopReason,TARGET,TARGET,,EXACT,MATCH,Exact match
Manual Presisi,25.0,3,EarlyStop_g,0.4,0.4,0.0,0.001,MATCH,Within tolerance
Manual Presisi,25.0,3,WithinTolerance,0,0,,EXACT,MATCH,Exact match
Manual Presisi,25.0,4,Scenario,Manual Presisi,Manual Presisi,,EXACT,MATCH,Exact match
Manual Presisi,25.0,4,Controller,Manual Presisi,Manual Presisi,,EXACT,MATCH,Exact match
Manual Presisi,25.0,4,Setpoint_g,25.0,25.0,,EXACT,MATCH,Exact match
Manual Presisi,25.0,4,TrialNo,4,4,,EXACT,MATCH,Exact match
Manual Presisi,25.0,4,FileName,ManualPresisi_SP25_trial04.txt,ManualPresisi_SP25_trial04.txt,,EXACT,MATCH,Exact match
Manual Presisi,25.0,4,FinalMass_g,30.12,30.12,0.0,0.005,MATCH,Within tolerance
Manual Presisi,25.0,4,FinalError_g,5.12,5.12,0.0,0.005,MATCH,Within tolerance
Manual Presisi,25.0,4,FinalError_pct,20.46,20.46,0.0,0.005,MATCH,Within tolerance
Manual Presisi,25.0,4,AbsError_g,5.12,5.12,0.0,0.005,MATCH,Within tolerance
Manual Presisi,25.0,4,AbsError_pct,20.46,20.46,0.0,0.005,MATCH,Within tolerance
Manual Presisi,25.0,4,MaxOvershoot_g,5.12,5.12,0.0,0.005,MATCH,Within tolerance
Manual Presisi,25.0,4,MaxOvershoot_pct,20.46,20.46,0.0,0.005,MATCH,Within tolerance
Manual Presisi,25.0,4,Duration_s,20.37,20.37,0.0,0.001,MATCH,Within tolerance
Manual Presisi,25.0,4,TimeTo90_s,19.85,19.85,0.0,0.001,MATCH,Within tolerance
Manual Presisi,25.0,4,RiseTime_10_90_s,12.658,12.658,0.0,0.001,MATCH,Within tolerance
Manual Presisi,25.0,4,SettlingTime_s,,,0.0,0.005,MATCH,Both NaN
Manual Presisi,25.0,4,BridgingCount,3,3,,EXACT,MATCH,Exact match
Manual Presisi,25.0,4,Status,OVERSHOOT,OVERSHOOT,,EXACT,MATCH,Exact match
Manual Presisi,25.0,4,Valid,True,True,,EXACT,MATCH,Exact match
Manual Presisi,25.0,4,StopReason,TARGET,TARGET,,EXACT,MATCH,Exact match
Manual Presisi,25.0,4,EarlyStop_g,0.4,0.4,0.0,0.001,MATCH,Within tolerance
Manual Presisi,25.0,4,WithinTolerance,0,0,,EXACT,MATCH,Exact match
Manual Presisi,25.0,5,Scenario,Manual Presisi,Manual Presisi,,EXACT,MATCH,Exact match
Manual Presisi,25.0,5,Controller,Manual Presisi,Manual Presisi,,EXACT,MATCH,Exact match
Manual Presisi,25.0,5,Setpoint_g,25.0,25.0,,EXACT,MATCH,Exact match
Manual Presisi,25.0,5,TrialNo,5,5,,EXACT,MATCH,Exact match
Manual Presisi,25.0,5,FileName,ManualPresisi_SP25_trial05.txt,ManualPresisi_SP25_trial05.txt,,EXACT,MATCH,Exact match
Manual Presisi,25.0,5,FinalMass_g,24.9,24.9,0.0,0.005,MATCH,Within tolerance
Manual Presisi,25.0,5,FinalError_g,-0.1,-0.1,0.0,0.005,MATCH,Within tolerance
Manual Presisi,25.0,5,FinalError_pct,-0.4,-0.4,0.0,0.005,MATCH,Within tolerance
Manual Presisi,25.0,5,AbsError_g,0.1,0.1,0.0,0.005,MATCH,Within tolerance
Manual Presisi,25.0,5,AbsError_pct,0.4,0.4,0.0,0.005,MATCH,Within tolerance
Manual Presisi,25.0,5,MaxOvershoot_g,0.0,0.0,0.0,0.005,MATCH,Within tolerance
Manual Presisi,25.0,5,MaxOvershoot_pct,0.0,0.0,0.0,0.005,MATCH,Within tolerance
Manual Presisi,25.0,5,Duration_s,40.25,40.25,0.0,0.001,MATCH,Within tolerance
Manual Presisi,25.0,5,TimeTo90_s,39.738,39.738,0.0,0.001,MATCH,Within tolerance
Manual Presisi,25.0,5,RiseTime_10_90_s,32.288,32.288,0.0,0.001,MATCH,Within tolerance
Manual Presisi,25.0,5,SettlingTime_s,39.996,39.996,0.0,0.005,MATCH,Within tolerance
Manual Presisi,25.0,5,BridgingCount,6,6,,EXACT,MATCH,Exact match
Manual Presisi,25.0,5,Status,AKURAT,AKURAT,,EXACT,MATCH,Exact match
Manual Presisi,25.0,5,Valid,True,True,,EXACT,MATCH,Exact match
Manual Presisi,25.0,5,StopReason,TARGET,TARGET,,EXACT,MATCH,Exact match
Manual Presisi,25.0,5,EarlyStop_g,0.4,0.4,0.0,0.001,MATCH,Within tolerance
Manual Presisi,25.0,5,WithinTolerance,1,1,,EXACT,MATCH,Exact match
Manual Presisi,25.0,6,Scenario,Manual Presisi,Manual Presisi,,EXACT,MATCH,Exact match
Manual Presisi,25.0,6,Controller,Manual Presisi,Manual Presisi,,EXACT,MATCH,Exact match
Manual Presisi,25.0,6,Setpoint_g,25.0,25.0,,EXACT,MATCH,Exact match
Manual Presisi,25.0,6,TrialNo,6,6,,EXACT,MATCH,Exact match
Manual Presisi,25.0,6,FileName,ManualPresisi_SP25_trial06.txt,ManualPresisi_SP25_trial06.txt,,EXACT,MATCH,Exact match
Manual Presisi,25.0,6,FinalMass_g,27.72,27.72,0.0,0.005,MATCH,Within tolerance
Manual Presisi,25.0,6,FinalError_g,2.72,2.72,0.0,0.005,MATCH,Within tolerance
Manual Presisi,25.0,6,FinalError_pct,10.87,10.87,0.0,0.005,MATCH,Within tolerance
Manual Presisi,25.0,6,AbsError_g,2.72,2.72,0.0,0.005,MATCH,Within tolerance
Manual Presisi,25.0,6,AbsError_pct,10.87,10.87,0.0,0.005,MATCH,Within tolerance
Manual Presisi,25.0,6,MaxOvershoot_g,2.72,2.72,0.0,0.005,MATCH,Within tolerance
Manual Presisi,25.0,6,MaxOvershoot_pct,10.87,10.87,0.0,0.005,MATCH,Within tolerance
Manual Presisi,25.0,6,Duration_s,45.16,45.16,0.0,0.001,MATCH,Within tolerance
Manual Presisi,25.0,6,TimeTo90_s,44.904,44.904,0.0,0.001,MATCH,Within tolerance
Manual Presisi,25.0,6,RiseTime_10_90_s,40.553,40.553,0.0,0.001,MATCH,Within tolerance
Manual Presisi,25.0,6,SettlingTime_s,,,0.0,0.005,MATCH,Both NaN
Manual Presisi,25.0,6,BridgingCount,8,8,,EXACT,MATCH,Exact match
Manual Presisi,25.0,6,Status,OVERSHOOT,OVERSHOOT,,EXACT,MATCH,Exact match
Manual Presisi,25.0,6,Valid,True,True,,EXACT,MATCH,Exact match
Manual Presisi,25.0,6,StopReason,TARGET,TARGET,,EXACT,MATCH,Exact match
Manual Presisi,25.0,6,EarlyStop_g,0.4,0.4,0.0,0.001,MATCH,Within tolerance
Manual Presisi,25.0,6,WithinTolerance,0,0,,EXACT,MATCH,Exact match
Manual Presisi,25.0,7,Scenario,Manual Presisi,Manual Presisi,,EXACT,MATCH,Exact match
Manual Presisi,25.0,7,Controller,Manual Presisi,Manual Presisi,,EXACT,MATCH,Exact match
Manual Presisi,25.0,7,Setpoint_g,25.0,25.0,,EXACT,MATCH,Exact match
Manual Presisi,25.0,7,TrialNo,7,7,,EXACT,MATCH,Exact match
Manual Presisi,25.0,7,FileName,ManualPresisi_SP25_trial07.txt,ManualPresisi_SP25_trial07.txt,,EXACT,MATCH,Exact match
Manual Presisi,25.0,7,FinalMass_g,24.67,24.67,0.0,0.005,MATCH,Within tolerance
Manual Presisi,25.0,7,FinalError_g,-0.33,-0.33,0.0,0.005,MATCH,Within tolerance
Manual Presisi,25.0,7,FinalError_pct,-1.34,-1.34,0.0,0.005,MATCH,Within tolerance
Manual Presisi,25.0,7,AbsError_g,0.33,0.33,0.0,0.005,MATCH,Within tolerance
Manual Presisi,25.0,7,AbsError_pct,1.34,1.34,0.0,0.005,MATCH,Within tolerance
Manual Presisi,25.0,7,MaxOvershoot_g,0.0,0.0,0.0,0.005,MATCH,Within tolerance
Manual Presisi,25.0,7,MaxOvershoot_pct,0.0,0.0,0.0,0.005,MATCH,Within tolerance
Manual Presisi,25.0,7,Duration_s,51.88,51.88,0.0,0.001,MATCH,Within tolerance
Manual Presisi,25.0,7,TimeTo90_s,44.643,44.643,0.0,0.001,MATCH,Within tolerance
Manual Presisi,25.0,7,RiseTime_10_90_s,40.293,40.293,0.0,0.001,MATCH,Within tolerance
Manual Presisi,25.0,7,SettlingTime_s,48.0,48.0,0.0,0.005,MATCH,Within tolerance
Manual Presisi,25.0,7,BridgingCount,6,6,,EXACT,MATCH,Exact match
Manual Presisi,25.0,7,Status,AKURAT,AKURAT,,EXACT,MATCH,Exact match
Manual Presisi,25.0,7,Valid,True,True,,EXACT,MATCH,Exact match
Manual Presisi,25.0,7,StopReason,TARGET,TARGET,,EXACT,MATCH,Exact match
Manual Presisi,25.0,7,EarlyStop_g,0.4,0.4,0.0,0.001,MATCH,Within tolerance
Manual Presisi,25.0,7,WithinTolerance,1,1,,EXACT,MATCH,Exact match
Manual Presisi,25.0,8,Scenario,Manual Presisi,Manual Presisi,,EXACT,MATCH,Exact match
Manual Presisi,25.0,8,Controller,Manual Presisi,Manual Presisi,,EXACT,MATCH,Exact match
Manual Presisi,25.0,8,Setpoint_g,25.0,25.0,,EXACT,MATCH,Exact match
Manual Presisi,25.0,8,TrialNo,8,8,,EXACT,MATCH,Exact match
Manual Presisi,25.0,8,FileName,ManualPresisi_SP25_trial08.txt,ManualPresisi_SP25_trial08.txt,,EXACT,MATCH,Exact match
Manual Presisi,25.0,8,FinalMass_g,24.88,24.88,0.0,0.005,MATCH,Within tolerance
Manual Presisi,25.0,8,FinalError_g,-0.12,-0.12,0.0,0.005,MATCH,Within tolerance
Manual Presisi,25.0,8,FinalError_pct,-0.47,-0.47,0.0,0.005,MATCH,Within tolerance
Manual Presisi,25.0,8,AbsError_g,0.12,0.12,0.0,0.005,MATCH,Within tolerance
Manual Presisi,25.0,8,AbsError_pct,0.47,0.47,0.0,0.005,MATCH,Within tolerance
Manual Presisi,25.0,8,MaxOvershoot_g,0.0,0.0,0.0,0.005,MATCH,Within tolerance
Manual Presisi,25.0,8,MaxOvershoot_pct,0.0,0.0,0.0,0.005,MATCH,Within tolerance
Manual Presisi,25.0,8,Duration_s,60.92,60.92,0.0,0.001,MATCH,Within tolerance
Manual Presisi,25.0,8,TimeTo90_s,41.546,41.546,0.0,0.001,MATCH,Within tolerance
Manual Presisi,25.0,8,RiseTime_10_90_s,37.196,37.196,0.0,0.001,MATCH,Within tolerance
Manual Presisi,25.0,8,SettlingTime_s,54.203,54.203,0.0,0.005,MATCH,Within tolerance
Manual Presisi,25.0,8,BridgingCount,5,5,,EXACT,MATCH,Exact match
Manual Presisi,25.0,8,Status,AKURAT,AKURAT,,EXACT,MATCH,Exact match
Manual Presisi,25.0,8,Valid,True,True,,EXACT,MATCH,Exact match
Manual Presisi,25.0,8,StopReason,TARGET,TARGET,,EXACT,MATCH,Exact match
Manual Presisi,25.0,8,EarlyStop_g,0.4,0.4,0.0,0.001,MATCH,Within tolerance
Manual Presisi,25.0,8,WithinTolerance,1,1,,EXACT,MATCH,Exact match
Manual Presisi,25.0,9,Scenario,Manual Presisi,Manual Presisi,,EXACT,MATCH,Exact match
Manual Presisi,25.0,9,Controller,Manual Presisi,Manual Presisi,,EXACT,MATCH,Exact match
Manual Presisi,25.0,9,Setpoint_g,25.0,25.0,,EXACT,MATCH,Exact match
Manual Presisi,25.0,9,TrialNo,9,9,,EXACT,MATCH,Exact match
Manual Presisi,25.0,9,FileName,ManualPresisi_SP25_trial09.txt,ManualPresisi_SP25_trial09.txt,,EXACT,MATCH,Exact match
Manual Presisi,25.0,9,FinalMass_g,24.84,24.84,0.0,0.005,MATCH,Within tolerance
Manual Presisi,25.0,9,FinalError_g,-0.16,-0.16,0.0,0.005,MATCH,Within tolerance
Manual Presisi,25.0,9,FinalError_pct,-0.65,-0.65,0.0,0.005,MATCH,Within tolerance
Manual Presisi,25.0,9,AbsError_g,0.16,0.16,0.0,0.005,MATCH,Within tolerance
Manual Presisi,25.0,9,AbsError_pct,0.65,0.65,0.0,0.005,MATCH,Within tolerance
Manual Presisi,25.0,9,MaxOvershoot_g,0.0,0.0,0.0,0.005,MATCH,Within tolerance
Manual Presisi,25.0,9,MaxOvershoot_pct,0.0,0.0,0.0,0.005,MATCH,Within tolerance
Manual Presisi,25.0,9,Duration_s,69.19,69.19,0.0,0.001,MATCH,Within tolerance
Manual Presisi,25.0,9,TimeTo90_s,63.245,63.245,0.0,0.001,MATCH,Within tolerance
Manual Presisi,25.0,9,RiseTime_10_90_s,55.795,55.795,0.0,0.001,MATCH,Within tolerance
Manual Presisi,25.0,9,SettlingTime_s,66.862,66.862,0.0,0.005,MATCH,Within tolerance
Manual Presisi,25.0,9,BridgingCount,10,10,,EXACT,MATCH,Exact match
Manual Presisi,25.0,9,Status,AKURAT,AKURAT,,EXACT,MATCH,Exact match
Manual Presisi,25.0,9,Valid,True,True,,EXACT,MATCH,Exact match
Manual Presisi,25.0,9,StopReason,TARGET,TARGET,,EXACT,MATCH,Exact match
Manual Presisi,25.0,9,EarlyStop_g,0.4,0.4,0.0,0.001,MATCH,Within tolerance
Manual Presisi,25.0,9,WithinTolerance,1,1,,EXACT,MATCH,Exact match
Manual Presisi,25.0,10,Scenario,Manual Presisi,Manual Presisi,,EXACT,MATCH,Exact match
Manual Presisi,25.0,10,Controller,Manual Presisi,Manual Presisi,,EXACT,MATCH,Exact match
Manual Presisi,25.0,10,Setpoint_g,25.0,25.0,,EXACT,MATCH,Exact match
Manual Presisi,25.0,10,TrialNo,10,10,,EXACT,MATCH,Exact match
Manual Presisi,25.0,10,FileName,ManualPresisi_SP25_trial10.txt,ManualPresisi_SP25_trial10.txt,,EXACT,MATCH,Exact match
Manual Presisi,25.0,10,FinalMass_g,24.77,24.77,0.0,0.005,MATCH,Within tolerance
Manual Presisi,25.0,10,FinalError_g,-0.23,-0.23,0.0,0.005,MATCH,Within tolerance
Manual Presisi,25.0,10,FinalError_pct,-0.91,-0.91,0.0,0.005,MATCH,Within tolerance
Manual Presisi,25.0,10,AbsError_g,0.23,0.23,0.0,0.005,MATCH,Within tolerance
Manual Presisi,25.0,10,AbsError_pct,0.91,0.91,0.0,0.005,MATCH,Within tolerance
Manual Presisi,25.0,10,MaxOvershoot_g,0.0,0.0,0.0,0.005,MATCH,Within tolerance
Manual Presisi,25.0,10,MaxOvershoot_pct,0.0,0.0,0.0,0.005,MATCH,Within tolerance
Manual Presisi,25.0,10,Duration_s,83.66,83.66,0.0,0.001,MATCH,Within tolerance
Manual Presisi,25.0,10,TimeTo90_s,60.147,60.147,0.0,0.001,MATCH,Within tolerance
Manual Presisi,25.0,10,RiseTime_10_90_s,49.597,49.597,0.0,0.001,MATCH,Within tolerance
Manual Presisi,25.0,10,SettlingTime_s,79.006,79.006,0.0,0.005,MATCH,Within tolerance
Manual Presisi,25.0,10,BridgingCount,10,10,,EXACT,MATCH,Exact match
Manual Presisi,25.0,10,Status,AKURAT,AKURAT,,EXACT,MATCH,Exact match
Manual Presisi,25.0,10,Valid,True,True,,EXACT,MATCH,Exact match
Manual Presisi,25.0,10,StopReason,TARGET,TARGET,,EXACT,MATCH,Exact match
Manual Presisi,25.0,10,EarlyStop_g,0.4,0.4,0.0,0.001,MATCH,Within tolerance
Manual Presisi,25.0,10,WithinTolerance,1,1,,EXACT,MATCH,Exact match
Manual Presisi,30.0,1,Scenario,Manual Presisi,Manual Presisi,,EXACT,MATCH,Exact match
Manual Presisi,30.0,1,Controller,Manual Presisi,Manual Presisi,,EXACT,MATCH,Exact match
Manual Presisi,30.0,1,Setpoint_g,30.0,30.0,,EXACT,MATCH,Exact match
Manual Presisi,30.0,1,TrialNo,1,1,,EXACT,MATCH,Exact match
Manual Presisi,30.0,1,FileName,ManualPresisi_SP30_trial01.txt,ManualPresisi_SP30_trial01.txt,,EXACT,MATCH,Exact match
Manual Presisi,30.0,1,FinalMass_g,31.11,31.11,0.0,0.005,MATCH,Within tolerance
Manual Presisi,30.0,1,FinalError_g,1.11,1.11,0.0,0.005,MATCH,Within tolerance
Manual Presisi,30.0,1,FinalError_pct,3.69,3.69,0.0,0.005,MATCH,Within tolerance
Manual Presisi,30.0,1,AbsError_g,1.11,1.11,0.0,0.005,MATCH,Within tolerance
Manual Presisi,30.0,1,AbsError_pct,3.69,3.69,0.0,0.005,MATCH,Within tolerance
Manual Presisi,30.0,1,MaxOvershoot_g,1.11,1.11,0.0,0.005,MATCH,Within tolerance
Manual Presisi,30.0,1,MaxOvershoot_pct,3.69,3.69,0.0,0.005,MATCH,Within tolerance
Manual Presisi,30.0,1,Duration_s,72.8,72.8,0.0,0.001,MATCH,Within tolerance
Manual Presisi,30.0,1,TimeTo90_s,72.283,72.283,0.0,0.001,MATCH,Within tolerance
Manual Presisi,30.0,1,RiseTime_10_90_s,63.283,63.283,0.0,0.001,MATCH,Within tolerance
Manual Presisi,30.0,1,SettlingTime_s,72.541,72.541,0.0,0.005,MATCH,Within tolerance
Manual Presisi,30.0,1,BridgingCount,11,11,,EXACT,MATCH,Exact match
Manual Presisi,30.0,1,Status,AKURAT,AKURAT,,EXACT,MATCH,Exact match
Manual Presisi,30.0,1,Valid,True,True,,EXACT,MATCH,Exact match
Manual Presisi,30.0,1,StopReason,TARGET,TARGET,,EXACT,MATCH,Exact match
Manual Presisi,30.0,1,EarlyStop_g,0.4,0.4,0.0,0.001,MATCH,Within tolerance
Manual Presisi,30.0,1,WithinTolerance,1,1,,EXACT,MATCH,Exact match
Manual Presisi,30.0,2,Scenario,Manual Presisi,Manual Presisi,,EXACT,MATCH,Exact match
Manual Presisi,30.0,2,Controller,Manual Presisi,Manual Presisi,,EXACT,MATCH,Exact match
Manual Presisi,30.0,2,Setpoint_g,30.0,30.0,,EXACT,MATCH,Exact match
Manual Presisi,30.0,2,TrialNo,2,2,,EXACT,MATCH,Exact match
Manual Presisi,30.0,2,FileName,ManualPresisi_SP30_trial02.txt,ManualPresisi_SP30_trial02.txt,,EXACT,MATCH,Exact match
Manual Presisi,30.0,2,FinalMass_g,30.14,30.14,0.0,0.005,MATCH,Within tolerance
Manual Presisi,30.0,2,FinalError_g,0.14,0.14,0.0,0.005,MATCH,Within tolerance
Manual Presisi,30.0,2,FinalError_pct,0.47,0.47,0.0,0.005,MATCH,Within tolerance
Manual Presisi,30.0,2,AbsError_g,0.14,0.14,0.0,0.005,MATCH,Within tolerance
Manual Presisi,30.0,2,AbsError_pct,0.47,0.47,0.0,0.005,MATCH,Within tolerance
Manual Presisi,30.0,2,MaxOvershoot_g,0.14,0.14,0.0,0.005,MATCH,Within tolerance
Manual Presisi,30.0,2,MaxOvershoot_pct,0.47,0.47,0.0,0.005,MATCH,Within tolerance
Manual Presisi,30.0,2,Duration_s,52.4,52.4,0.0,0.001,MATCH,Within tolerance
Manual Presisi,30.0,2,TimeTo90_s,37.93,37.93,0.0,0.001,MATCH,Within tolerance
Manual Presisi,30.0,2,RiseTime_10_90_s,30.48,30.48,0.0,0.001,MATCH,Within tolerance
Manual Presisi,30.0,2,SettlingTime_s,50.071,50.071,0.0,0.005,MATCH,Within tolerance
Manual Presisi,30.0,2,BridgingCount,4,4,,EXACT,MATCH,Exact match
Manual Presisi,30.0,2,Status,AKURAT,AKURAT,,EXACT,MATCH,Exact match
Manual Presisi,30.0,2,Valid,True,True,,EXACT,MATCH,Exact match
Manual Presisi,30.0,2,StopReason,TARGET,TARGET,,EXACT,MATCH,Exact match
Manual Presisi,30.0,2,EarlyStop_g,0.4,0.4,0.0,0.001,MATCH,Within tolerance
Manual Presisi,30.0,2,WithinTolerance,1,1,,EXACT,MATCH,Exact match
Manual Presisi,30.0,3,Scenario,Manual Presisi,Manual Presisi,,EXACT,MATCH,Exact match
Manual Presisi,30.0,3,Controller,Manual Presisi,Manual Presisi,,EXACT,MATCH,Exact match
Manual Presisi,30.0,3,Setpoint_g,30.0,30.0,,EXACT,MATCH,Exact match
Manual Presisi,30.0,3,TrialNo,3,3,,EXACT,MATCH,Exact match
Manual Presisi,30.0,3,FileName,ManualPresisi_SP30_trial03.txt,ManualPresisi_SP30_trial03.txt,,EXACT,MATCH,Exact match
Manual Presisi,30.0,3,FinalMass_g,30.0,30.0,0.0,0.005,MATCH,Within tolerance
Manual Presisi,30.0,3,FinalError_g,0.0,0.0,0.0,0.005,MATCH,Within tolerance
Manual Presisi,30.0,3,FinalError_pct,0.01,0.01,0.0,0.005,MATCH,Within tolerance
Manual Presisi,30.0,3,AbsError_g,0.0,0.0,0.0,0.005,MATCH,Within tolerance
Manual Presisi,30.0,3,AbsError_pct,0.01,0.01,0.0,0.005,MATCH,Within tolerance
Manual Presisi,30.0,3,MaxOvershoot_g,0.0,0.0,0.0,0.005,MATCH,Within tolerance
Manual Presisi,30.0,3,MaxOvershoot_pct,0.01,0.01,0.0,0.005,MATCH,Within tolerance
Manual Presisi,30.0,3,Duration_s,51.88,51.88,0.0,0.001,MATCH,Within tolerance
Manual Presisi,30.0,3,TimeTo90_s,51.363,51.363,0.0,0.001,MATCH,Within tolerance
Manual Presisi,30.0,3,RiseTime_10_90_s,43.912,43.912,0.0,0.001,MATCH,Within tolerance
Manual Presisi,30.0,3,SettlingTime_s,51.363,51.363,0.0,0.005,MATCH,Within tolerance
Manual Presisi,30.0,3,BridgingCount,6,6,,EXACT,MATCH,Exact match
Manual Presisi,30.0,3,Status,AKURAT,AKURAT,,EXACT,MATCH,Exact match
Manual Presisi,30.0,3,Valid,True,True,,EXACT,MATCH,Exact match
Manual Presisi,30.0,3,StopReason,TARGET,TARGET,,EXACT,MATCH,Exact match
Manual Presisi,30.0,3,EarlyStop_g,0.4,0.4,0.0,0.001,MATCH,Within tolerance
Manual Presisi,30.0,3,WithinTolerance,1,1,,EXACT,MATCH,Exact match
Manual Presisi,30.0,4,Scenario,Manual Presisi,Manual Presisi,,EXACT,MATCH,Exact match
Manual Presisi,30.0,4,Controller,Manual Presisi,Manual Presisi,,EXACT,MATCH,Exact match
Manual Presisi,30.0,4,Setpoint_g,30.0,30.0,,EXACT,MATCH,Exact match
Manual Presisi,30.0,4,TrialNo,4,4,,EXACT,MATCH,Exact match
Manual Presisi,30.0,4,FileName,ManualPresisi_SP30_trial04.txt,ManualPresisi_SP30_trial04.txt,,EXACT,MATCH,Exact match
Manual Presisi,30.0,4,FinalMass_g,30.46,30.46,0.0,0.005,MATCH,Within tolerance
Manual Presisi,30.0,4,FinalError_g,0.46,0.46,0.0,0.005,MATCH,Within tolerance
Manual Presisi,30.0,4,FinalError_pct,1.53,1.53,0.0,0.005,MATCH,Within tolerance
Manual Presisi,30.0,4,AbsError_g,0.46,0.46,0.0,0.005,MATCH,Within tolerance
Manual Presisi,30.0,4,AbsError_pct,1.53,1.53,0.0,0.005,MATCH,Within tolerance
Manual Presisi,30.0,4,MaxOvershoot_g,0.46,0.46,0.0,0.005,MATCH,Within tolerance
Manual Presisi,30.0,4,MaxOvershoot_pct,1.53,1.53,0.0,0.005,MATCH,Within tolerance
Manual Presisi,30.0,4,Duration_s,44.13,44.13,0.0,0.001,MATCH,Within tolerance
Manual Presisi,30.0,4,TimeTo90_s,29.147,29.147,0.0,0.001,MATCH,Within tolerance
Manual Presisi,30.0,4,RiseTime_10_90_s,22.472,22.472,0.0,0.001,MATCH,Within tolerance
Manual Presisi,30.0,4,SettlingTime_s,41.805,41.805,0.0,0.005,MATCH,Within tolerance
Manual Presisi,30.0,4,BridgingCount,4,4,,EXACT,MATCH,Exact match
Manual Presisi,30.0,4,Status,AKURAT,AKURAT,,EXACT,MATCH,Exact match
Manual Presisi,30.0,4,Valid,True,True,,EXACT,MATCH,Exact match
Manual Presisi,30.0,4,StopReason,TARGET,TARGET,,EXACT,MATCH,Exact match
Manual Presisi,30.0,4,EarlyStop_g,0.4,0.4,0.0,0.001,MATCH,Within tolerance
Manual Presisi,30.0,4,WithinTolerance,1,1,,EXACT,MATCH,Exact match
Manual Presisi,30.0,5,Scenario,Manual Presisi,Manual Presisi,,EXACT,MATCH,Exact match
Manual Presisi,30.0,5,Controller,Manual Presisi,Manual Presisi,,EXACT,MATCH,Exact match
Manual Presisi,30.0,5,Setpoint_g,30.0,30.0,,EXACT,MATCH,Exact match
Manual Presisi,30.0,5,TrialNo,5,5,,EXACT,MATCH,Exact match
Manual Presisi,30.0,5,FileName,ManualPresisi_SP30_trial05.txt,ManualPresisi_SP30_trial05.txt,,EXACT,MATCH,Exact match
Manual Presisi,30.0,5,FinalMass_g,32.24,32.24,0.0,0.005,MATCH,Within tolerance
Manual Presisi,30.0,5,FinalError_g,2.24,2.24,0.0,0.005,MATCH,Within tolerance
Manual Presisi,30.0,5,FinalError_pct,7.46,7.46,0.0,0.005,MATCH,Within tolerance
Manual Presisi,30.0,5,AbsError_g,2.24,2.24,0.0,0.005,MATCH,Within tolerance
Manual Presisi,30.0,5,AbsError_pct,7.46,7.46,0.0,0.005,MATCH,Within tolerance
Manual Presisi,30.0,5,MaxOvershoot_g,2.24,2.24,0.0,0.005,MATCH,Within tolerance
Manual Presisi,30.0,5,MaxOvershoot_pct,7.46,7.46,0.0,0.005,MATCH,Within tolerance
Manual Presisi,30.0,5,Duration_s,81.58,81.58,0.0,0.001,MATCH,Within tolerance
Manual Presisi,30.0,5,TimeTo90_s,69.441,69.441,0.0,0.001,MATCH,Within tolerance
Manual Presisi,30.0,5,RiseTime_10_90_s,65.091,65.091,0.0,0.001,MATCH,Within tolerance
Manual Presisi,30.0,5,SettlingTime_s,,,0.0,0.005,MATCH,Both NaN
Manual Presisi,30.0,5,BridgingCount,16,16,,EXACT,MATCH,Exact match
Manual Presisi,30.0,5,Status,OVERSHOOT,OVERSHOOT,,EXACT,MATCH,Exact match
Manual Presisi,30.0,5,Valid,True,True,,EXACT,MATCH,Exact match
Manual Presisi,30.0,5,StopReason,TARGET,TARGET,,EXACT,MATCH,Exact match
Manual Presisi,30.0,5,EarlyStop_g,0.4,0.4,0.0,0.001,MATCH,Within tolerance
Manual Presisi,30.0,5,WithinTolerance,0,0,,EXACT,MATCH,Exact match
Manual Presisi,30.0,6,Scenario,Manual Presisi,Manual Presisi,,EXACT,MATCH,Exact match
Manual Presisi,30.0,6,Controller,Manual Presisi,Manual Presisi,,EXACT,MATCH,Exact match
Manual Presisi,30.0,6,Setpoint_g,30.0,30.0,,EXACT,MATCH,Exact match
Manual Presisi,30.0,6,TrialNo,6,6,,EXACT,MATCH,Exact match
Manual Presisi,30.0,6,FileName,ManualPresisi_SP30_trial06.txt,ManualPresisi_SP30_trial06.txt,,EXACT,MATCH,Exact match
Manual Presisi,30.0,6,FinalMass_g,31.33,31.33,0.0,0.005,MATCH,Within tolerance
Manual Presisi,30.0,6,FinalError_g,1.33,1.33,0.0,0.005,MATCH,Within tolerance
Manual Presisi,30.0,6,FinalError_pct,4.42,4.42,0.0,0.005,MATCH,Within tolerance
Manual Presisi,30.0,6,AbsError_g,1.33,1.33,0.0,0.005,MATCH,Within tolerance
Manual Presisi,30.0,6,AbsError_pct,4.42,4.42,0.0,0.005,MATCH,Within tolerance
Manual Presisi,30.0,6,MaxOvershoot_g,1.33,1.33,0.0,0.005,MATCH,Within tolerance
Manual Presisi,30.0,6,MaxOvershoot_pct,4.42,4.42,0.0,0.005,MATCH,Within tolerance
Manual Presisi,30.0,6,Duration_s,62.72,62.72,0.0,0.001,MATCH,Within tolerance
Manual Presisi,30.0,6,TimeTo90_s,56.781,56.781,0.0,0.001,MATCH,Within tolerance
Manual Presisi,30.0,6,RiseTime_10_90_s,43.39,43.39,0.0,0.001,MATCH,Within tolerance
Manual Presisi,30.0,6,SettlingTime_s,57.039,57.039,0.0,0.005,MATCH,Within tolerance
Manual Presisi,30.0,6,BridgingCount,7,7,,EXACT,MATCH,Exact match
Manual Presisi,30.0,6,Status,AKURAT,AKURAT,,EXACT,MATCH,Exact match
Manual Presisi,30.0,6,Valid,True,True,,EXACT,MATCH,Exact match
Manual Presisi,30.0,6,StopReason,TARGET,TARGET,,EXACT,MATCH,Exact match
Manual Presisi,30.0,6,EarlyStop_g,0.4,0.4,0.0,0.001,MATCH,Within tolerance
Manual Presisi,30.0,6,WithinTolerance,1,1,,EXACT,MATCH,Exact match
Manual Presisi,30.0,7,Scenario,Manual Presisi,Manual Presisi,,EXACT,MATCH,Exact match
Manual Presisi,30.0,7,Controller,Manual Presisi,Manual Presisi,,EXACT,MATCH,Exact match
Manual Presisi,30.0,7,Setpoint_g,30.0,30.0,,EXACT,MATCH,Exact match
Manual Presisi,30.0,7,TrialNo,7,7,,EXACT,MATCH,Exact match
Manual Presisi,30.0,7,FileName,ManualPresisi_SP30_trial07.txt,ManualPresisi_SP30_trial07.txt,,EXACT,MATCH,Exact match
Manual Presisi,30.0,7,FinalMass_g,37.25,37.25,0.0,0.005,MATCH,Within tolerance
Manual Presisi,30.0,7,FinalError_g,7.25,7.25,0.0,0.005,MATCH,Within tolerance
Manual Presisi,30.0,7,FinalError_pct,24.18,24.18,0.0,0.005,MATCH,Within tolerance
Manual Presisi,30.0,7,AbsError_g,7.25,7.25,0.0,0.005,MATCH,Within tolerance
Manual Presisi,30.0,7,AbsError_pct,24.18,24.18,0.0,0.005,MATCH,Within tolerance
Manual Presisi,30.0,7,MaxOvershoot_g,7.25,7.25,0.0,0.005,MATCH,Within tolerance
Manual Presisi,30.0,7,MaxOvershoot_pct,24.18,24.18,0.0,0.005,MATCH,Within tolerance
Manual Presisi,30.0,7,Duration_s,82.09,82.09,0.0,0.001,MATCH,Within tolerance
Manual Presisi,30.0,7,TimeTo90_s,81.578,81.578,0.0,0.001,MATCH,Within tolerance
Manual Presisi,30.0,7,RiseTime_10_90_s,75.42,75.42,0.0,0.001,MATCH,Within tolerance
Manual Presisi,30.0,7,SettlingTime_s,,,0.0,0.005,MATCH,Both NaN
Manual Presisi,30.0,7,BridgingCount,13,13,,EXACT,MATCH,Exact match
Manual Presisi,30.0,7,Status,OVERSHOOT,OVERSHOOT,,EXACT,MATCH,Exact match
Manual Presisi,30.0,7,Valid,True,True,,EXACT,MATCH,Exact match
Manual Presisi,30.0,7,StopReason,TARGET,TARGET,,EXACT,MATCH,Exact match
Manual Presisi,30.0,7,EarlyStop_g,0.4,0.4,0.0,0.001,MATCH,Within tolerance
Manual Presisi,30.0,7,WithinTolerance,0,0,,EXACT,MATCH,Exact match
Manual Presisi,30.0,8,Scenario,Manual Presisi,Manual Presisi,,EXACT,MATCH,Exact match
Manual Presisi,30.0,8,Controller,Manual Presisi,Manual Presisi,,EXACT,MATCH,Exact match
Manual Presisi,30.0,8,Setpoint_g,30.0,30.0,,EXACT,MATCH,Exact match
Manual Presisi,30.0,8,TrialNo,8,8,,EXACT,MATCH,Exact match
Manual Presisi,30.0,8,FileName,ManualPresisi_SP30_trial08.txt,ManualPresisi_SP30_trial08.txt,,EXACT,MATCH,Exact match
Manual Presisi,30.0,8,FinalMass_g,29.96,29.96,0.0,0.005,MATCH,Within tolerance
Manual Presisi,30.0,8,FinalError_g,-0.04,-0.04,0.0,0.005,MATCH,Within tolerance
Manual Presisi,30.0,8,FinalError_pct,-0.15,-0.15,0.0,0.005,MATCH,Within tolerance
Manual Presisi,30.0,8,AbsError_g,0.04,0.04,0.0,0.005,MATCH,Within tolerance
Manual Presisi,30.0,8,AbsError_pct,0.15,0.15,0.0,0.005,MATCH,Within tolerance
Manual Presisi,30.0,8,MaxOvershoot_g,0.0,0.0,0.0,0.005,MATCH,Within tolerance
Manual Presisi,30.0,8,MaxOvershoot_pct,0.0,0.0,0.0,0.005,MATCH,Within tolerance
Manual Presisi,30.0,8,Duration_s,42.06,42.06,0.0,0.001,MATCH,Within tolerance
Manual Presisi,30.0,8,TimeTo90_s,41.546,41.546,0.0,0.001,MATCH,Within tolerance
Manual Presisi,30.0,8,RiseTime_10_90_s,34.096,34.096,0.0,0.001,MATCH,Within tolerance
Manual Presisi,30.0,8,SettlingTime_s,41.546,41.546,0.0,0.005,MATCH,Within tolerance
Manual Presisi,30.0,8,BridgingCount,5,5,,EXACT,MATCH,Exact match
Manual Presisi,30.0,8,Status,AKURAT,AKURAT,,EXACT,MATCH,Exact match
Manual Presisi,30.0,8,Valid,True,True,,EXACT,MATCH,Exact match
Manual Presisi,30.0,8,StopReason,TARGET,TARGET,,EXACT,MATCH,Exact match
Manual Presisi,30.0,8,EarlyStop_g,0.4,0.4,0.0,0.001,MATCH,Within tolerance
Manual Presisi,30.0,8,WithinTolerance,1,1,,EXACT,MATCH,Exact match
Manual Presisi,30.0,9,Scenario,Manual Presisi,Manual Presisi,,EXACT,MATCH,Exact match
Manual Presisi,30.0,9,Controller,Manual Presisi,Manual Presisi,,EXACT,MATCH,Exact match
Manual Presisi,30.0,9,Setpoint_g,30.0,30.0,,EXACT,MATCH,Exact match
Manual Presisi,30.0,9,TrialNo,9,9,,EXACT,MATCH,Exact match
Manual Presisi,30.0,9,FileName,ManualPresisi_SP30_trial09.txt,ManualPresisi_SP30_trial09.txt,,EXACT,MATCH,Exact match
Manual Presisi,30.0,9,FinalMass_g,29.65,29.65,0.0,0.005,MATCH,Within tolerance
Manual Presisi,30.0,9,FinalError_g,-0.35,-0.35,0.0,0.005,MATCH,Within tolerance
Manual Presisi,30.0,9,FinalError_pct,-1.16,-1.16,0.0,0.005,MATCH,Within tolerance
Manual Presisi,30.0,9,AbsError_g,0.35,0.35,0.0,0.005,MATCH,Within tolerance
Manual Presisi,30.0,9,AbsError_pct,1.16,1.16,0.0,0.005,MATCH,Within tolerance
Manual Presisi,30.0,9,MaxOvershoot_g,0.0,0.0,0.0,0.005,MATCH,Within tolerance
Manual Presisi,30.0,9,MaxOvershoot_pct,0.0,0.0,0.0,0.005,MATCH,Within tolerance
Manual Presisi,30.0,9,Duration_s,56.01,56.01,0.0,0.001,MATCH,Within tolerance
Manual Presisi,30.0,9,TimeTo90_s,53.941,53.941,0.0,0.001,MATCH,Within tolerance
Manual Presisi,30.0,9,RiseTime_10_90_s,46.491,46.491,0.0,0.001,MATCH,Within tolerance
Manual Presisi,30.0,9,SettlingTime_s,53.941,53.941,0.0,0.005,MATCH,Within tolerance
Manual Presisi,30.0,9,BridgingCount,8,8,,EXACT,MATCH,Exact match
Manual Presisi,30.0,9,Status,AKURAT,AKURAT,,EXACT,MATCH,Exact match
Manual Presisi,30.0,9,Valid,True,True,,EXACT,MATCH,Exact match
Manual Presisi,30.0,9,StopReason,TARGET,TARGET,,EXACT,MATCH,Exact match
Manual Presisi,30.0,9,EarlyStop_g,0.4,0.4,0.0,0.001,MATCH,Within tolerance
Manual Presisi,30.0,9,WithinTolerance,1,1,,EXACT,MATCH,Exact match
Manual Presisi,30.0,10,Scenario,Manual Presisi,Manual Presisi,,EXACT,MATCH,Exact match
Manual Presisi,30.0,10,Controller,Manual Presisi,Manual Presisi,,EXACT,MATCH,Exact match
Manual Presisi,30.0,10,Setpoint_g,30.0,30.0,,EXACT,MATCH,Exact match
Manual Presisi,30.0,10,TrialNo,10,10,,EXACT,MATCH,Exact match
Manual Presisi,30.0,10,FileName,ManualPresisi_SP30_trial10.txt,ManualPresisi_SP30_trial10.txt,,EXACT,MATCH,Exact match
Manual Presisi,30.0,10,FinalMass_g,31.59,31.59,0.0,0.005,MATCH,Within tolerance
Manual Presisi,30.0,10,FinalError_g,1.59,1.59,0.0,0.005,MATCH,Within tolerance
Manual Presisi,30.0,10,FinalError_pct,5.29,5.29,0.0,0.005,MATCH,Within tolerance
Manual Presisi,30.0,10,AbsError_g,1.59,1.59,0.0,0.005,MATCH,Within tolerance
Manual Presisi,30.0,10,AbsError_pct,5.29,5.29,0.0,0.005,MATCH,Within tolerance
Manual Presisi,30.0,10,MaxOvershoot_g,1.59,1.59,0.0,0.005,MATCH,Within tolerance
Manual Presisi,30.0,10,MaxOvershoot_pct,5.29,5.29,0.0,0.005,MATCH,Within tolerance
Manual Presisi,30.0,10,Duration_s,72.8,72.8,0.0,0.001,MATCH,Within tolerance
Manual Presisi,30.0,10,TimeTo90_s,72.281,72.281,0.0,0.001,MATCH,Within tolerance
Manual Presisi,30.0,10,RiseTime_10_90_s,55.79,55.79,0.0,0.001,MATCH,Within tolerance
Manual Presisi,30.0,10,SettlingTime_s,,,0.0,0.005,MATCH,Both NaN
Manual Presisi,30.0,10,BridgingCount,11,11,,EXACT,MATCH,Exact match
Manual Presisi,30.0,10,Status,OVERSHOOT,OVERSHOOT,,EXACT,MATCH,Exact match
Manual Presisi,30.0,10,Valid,True,True,,EXACT,MATCH,Exact match
Manual Presisi,30.0,10,StopReason,TARGET,TARGET,,EXACT,MATCH,Exact match
Manual Presisi,30.0,10,EarlyStop_g,0.4,0.4,0.0,0.001,MATCH,Within tolerance
Manual Presisi,30.0,10,WithinTolerance,0,0,,EXACT,MATCH,Exact match
