Scenario,Setpoint_g,TrialNo,LogPath,Column,LogValue,DatasetValue,AbsoluteDifference,Tolerance,Status,Notes
Fixed PID,15.0,1,data/pengujian_final/log_160_trial/fixed_pid/SP15/Fixed PID_SP15_trial01.txt,FinalMass_g,14.89,14.89,0.0,0.01,MATCH,Within tolerance
Fixed PID,15.0,1,data/pengujian_final/log_160_trial/fixed_pid/SP15/Fixed PID_SP15_trial01.txt,FinalError_g,-0.10999999999999943,-0.11,5.689893001203927e-16,0.01,MATCH,Within tolerance
Fixed PID,15.0,1,data/pengujian_final/log_160_trial/fixed_pid/SP15/Fixed PID_SP15_trial01.txt,AbsError_pct,0.7333333333333295,0.73,0.0033333333333295245,0.01,MATCH,Within tolerance
Fixed PID,15.0,1,data/pengujian_final/log_160_trial/fixed_pid/SP15/Fixed PID_SP15_trial01.txt,MaxOvershoot_pct,0.0,0.0,0.0,0.01,MATCH,Within tolerance
Fixed PID,15.0,1,data/pengujian_final/log_160_trial/fixed_pid/SP15/Fixed PID_SP15_trial01.txt,Duration_s,33.18,33.18,0.0,0.01,MATCH,Within tolerance
Fixed PID,15.0,1,data/pengujian_final/log_160_trial/fixed_pid/SP15/Fixed PID_SP15_trial01.txt,RiseTime_10_90_s,21.172,21.172,0.0,0.01,MATCH,Within tolerance
Fixed PID,15.0,1,data/pengujian_final/log_160_trial/fixed_pid/SP15/Fixed PID_SP15_trial01.txt,SettlingTime_s,,31.718,,0.01,MISMATCH,One is NaN
Fixed PID,15.0,1,data/pengujian_final/log_160_trial/fixed_pid/SP15/Fixed PID_SP15_trial01.txt,BridgingCount,1,1,,EXACT,MATCH,Exact match
Fixed PID,15.0,1,data/pengujian_final/log_160_trial/fixed_pid/SP15/Fixed PID_SP15_trial01.txt,WithinTolerance,True,1,,EXACT,MATCH,Exact match
Fixed PID,15.0,1,data/pengujian_final/log_160_trial/fixed_pid/SP15/Fixed PID_SP15_trial01.txt,StopReason,TARGET,TARGET,,EXACT,MATCH,Exact match
Fixed PID,15.0,2,data/pengujian_final/log_160_trial/fixed_pid/SP15/Fixed PID_SP15_trial02.txt,FinalMass_g,14.54,14.54,0.0,0.01,MATCH,Within tolerance
Fixed PID,15.0,2,data/pengujian_final/log_160_trial/fixed_pid/SP15/Fixed PID_SP15_trial02.txt,FinalError_g,-0.46000000000000085,-0.46,8.326672684688674e-16,0.01,MATCH,Within tolerance
Fixed PID,15.0,2,data/pengujian_final/log_160_trial/fixed_pid/SP15/Fixed PID_SP15_trial02.txt,AbsError_pct,3.066666666666672,3.07,0.003333333333327637,0.01,MATCH,Within tolerance
Fixed PID,15.0,2,data/pengujian_final/log_160_trial/fixed_pid/SP15/Fixed PID_SP15_trial02.txt,MaxOvershoot_pct,0.0,0.0,0.0,0.01,MATCH,Within tolerance
Fixed PID,15.0,2,data/pengujian_final/log_160_trial/fixed_pid/SP15/Fixed PID_SP15_trial02.txt,Duration_s,15.881,15.88,0.0009999999999994458,0.01,MATCH,Within tolerance
Fixed PID,15.0,2,data/pengujian_final/log_160_trial/fixed_pid/SP15/Fixed PID_SP15_trial02.txt,RiseTime_10_90_s,11.102,11.102,0.0,0.01,MATCH,Within tolerance
Fixed PID,15.0,2,data/pengujian_final/log_160_trial/fixed_pid/SP15/Fixed PID_SP15_trial02.txt,SettlingTime_s,13.902,13.902,0.0,0.01,MATCH,Within tolerance
Fixed PID,15.0,2,data/pengujian_final/log_160_trial/fixed_pid/SP15/Fixed PID_SP15_trial02.txt,BridgingCount,1,1,,EXACT,MATCH,Exact match
Fixed PID,15.0,2,data/pengujian_final/log_160_trial/fixed_pid/SP15/Fixed PID_SP15_trial02.txt,WithinTolerance,True,1,,EXACT,MATCH,Exact match
Fixed PID,15.0,2,data/pengujian_final/log_160_trial/fixed_pid/SP15/Fixed PID_SP15_trial02.txt,StopReason,TARGET,TARGET,,EXACT,MATCH,Exact match
Fixed PID,15.0,3,data/pengujian_final/log_160_trial/fixed_pid/SP15/Fixed PID_SP15_trial03.txt,FinalMass_g,14.75,14.75,0.0,0.01,MATCH,Within tolerance
Fixed PID,15.0,3,data/pengujian_final/log_160_trial/fixed_pid/SP15/Fixed PID_SP15_trial03.txt,FinalError_g,-0.25,-0.25,0.0,0.01,MATCH,Within tolerance
Fixed PID,15.0,3,data/pengujian_final/log_160_trial/fixed_pid/SP15/Fixed PID_SP15_trial03.txt,AbsError_pct,1.6666666666666667,1.7,0.033333333333333215,0.01,MISMATCH,Outside tolerance
Fixed PID,15.0,3,data/pengujian_final/log_160_trial/fixed_pid/SP15/Fixed PID_SP15_trial03.txt,MaxOvershoot_pct,0.0,0.0,0.0,0.01,MATCH,Within tolerance
Fixed PID,15.0,3,data/pengujian_final/log_160_trial/fixed_pid/SP15/Fixed PID_SP15_trial03.txt,Duration_s,26.981,26.98,0.0010000000000012221,0.01,MATCH,Within tolerance
Fixed PID,15.0,3,data/pengujian_final/log_160_trial/fixed_pid/SP15/Fixed PID_SP15_trial03.txt,RiseTime_10_90_s,20.654,20.654,0.0,0.01,MATCH,Within tolerance
Fixed PID,15.0,3,data/pengujian_final/log_160_trial/fixed_pid/SP15/Fixed PID_SP15_trial03.txt,SettlingTime_s,25.261,25.261,0.0,0.01,MATCH,Within tolerance
Fixed PID,15.0,3,data/pengujian_final/log_160_trial/fixed_pid/SP15/Fixed PID_SP15_trial03.txt,BridgingCount,3,3,,EXACT,MATCH,Exact match
Fixed PID,15.0,3,data/pengujian_final/log_160_trial/fixed_pid/SP15/Fixed PID_SP15_trial03.txt,WithinTolerance,True,1,,EXACT,MATCH,Exact match
Fixed PID,15.0,3,data/pengujian_final/log_160_trial/fixed_pid/SP15/Fixed PID_SP15_trial03.txt,StopReason,TARGET,TARGET,,EXACT,MATCH,Exact match
Fixed PID,15.0,4,data/pengujian_final/log_160_trial/fixed_pid/SP15/Fixed PID_SP15_trial04.txt,FinalMass_g,14.84,14.84,0.0,0.01,MATCH,Within tolerance
Fixed PID,15.0,4,data/pengujian_final/log_160_trial/fixed_pid/SP15/Fixed PID_SP15_trial04.txt,FinalError_g,-0.16000000000000014,-0.16,1.3877787807814457e-16,0.01,MATCH,Within tolerance
Fixed PID,15.0,4,data/pengujian_final/log_160_trial/fixed_pid/SP15/Fixed PID_SP15_trial04.txt,AbsError_pct,1.0666666666666678,1.06,0.006666666666667709,0.01,MATCH,Within tolerance
Fixed PID,15.0,4,data/pengujian_final/log_160_trial/fixed_pid/SP15/Fixed PID_SP15_trial04.txt,MaxOvershoot_pct,0.0,0.0,0.0,0.01,MATCH,Within tolerance
Fixed PID,15.0,4,data/pengujian_final/log_160_trial/fixed_pid/SP15/Fixed PID_SP15_trial04.txt,Duration_s,18.719,18.72,0.0009999999999976694,0.01,MATCH,Within tolerance
Fixed PID,15.0,4,data/pengujian_final/log_160_trial/fixed_pid/SP15/Fixed PID_SP15_trial04.txt,RiseTime_10_90_s,12.392,12.392,0.0,0.01,MATCH,Within tolerance
Fixed PID,15.0,4,data/pengujian_final/log_160_trial/fixed_pid/SP15/Fixed PID_SP15_trial04.txt,SettlingTime_s,16.999,16.999,0.0,0.01,MATCH,Within tolerance
Fixed PID,15.0,4,data/pengujian_final/log_160_trial/fixed_pid/SP15/Fixed PID_SP15_trial04.txt,BridgingCount,2,2,,EXACT,MATCH,Exact match
Fixed PID,15.0,4,data/pengujian_final/log_160_trial/fixed_pid/SP15/Fixed PID_SP15_trial04.txt,WithinTolerance,True,1,,EXACT,MATCH,Exact match
Fixed PID,15.0,4,data/pengujian_final/log_160_trial/fixed_pid/SP15/Fixed PID_SP15_trial04.txt,StopReason,TARGET,TARGET,,EXACT,MATCH,Exact match
Fixed PID,15.0,5,data/pengujian_final/log_160_trial/fixed_pid/SP15/Fixed PID_SP15_trial05.txt,FinalMass_g,14.44,14.44,0.0,0.01,MATCH,Within tolerance
Fixed PID,15.0,5,data/pengujian_final/log_160_trial/fixed_pid/SP15/Fixed PID_SP15_trial05.txt,FinalError_g,-0.5600000000000005,-0.56,4.440892098500626e-16,0.01,MATCH,Within tolerance
Fixed PID,15.0,5,data/pengujian_final/log_160_trial/fixed_pid/SP15/Fixed PID_SP15_trial05.txt,AbsError_pct,3.7333333333333365,3.73,0.003333333333336519,0.01,MATCH,Within tolerance
Fixed PID,15.0,5,data/pengujian_final/log_160_trial/fixed_pid/SP15/Fixed PID_SP15_trial05.txt,MaxOvershoot_pct,0.0,0.0,0.0,0.01,MATCH,Within tolerance
Fixed PID,15.0,5,data/pengujian_final/log_160_trial/fixed_pid/SP15/Fixed PID_SP15_trial05.txt,Duration_s,15.105,15.11,0.004999999999999005,0.01,MATCH,Within tolerance
Fixed PID,15.0,5,data/pengujian_final/log_160_trial/fixed_pid/SP15/Fixed PID_SP15_trial05.txt,RiseTime_10_90_s,10.328,10.328,0.0,0.01,MATCH,Within tolerance
Fixed PID,15.0,5,data/pengujian_final/log_160_trial/fixed_pid/SP15/Fixed PID_SP15_trial05.txt,SettlingTime_s,13.127,13.127,0.0,0.01,MATCH,Within tolerance
Fixed PID,15.0,5,data/pengujian_final/log_160_trial/fixed_pid/SP15/Fixed PID_SP15_trial05.txt,BridgingCount,0,0,,EXACT,MATCH,Exact match
Fixed PID,15.0,5,data/pengujian_final/log_160_trial/fixed_pid/SP15/Fixed PID_SP15_trial05.txt,WithinTolerance,True,1,,EXACT,MATCH,Exact match
Fixed PID,15.0,5,data/pengujian_final/log_160_trial/fixed_pid/SP15/Fixed PID_SP15_trial05.txt,StopReason,TARGET,TARGET,,EXACT,MATCH,Exact match
Fixed PID,15.0,6,data/pengujian_final/log_160_trial/fixed_pid/SP15/Fixed PID_SP15_trial06.txt,FinalMass_g,16.82,16.82,0.0,0.01,MATCH,Within tolerance
Fixed PID,15.0,6,data/pengujian_final/log_160_trial/fixed_pid/SP15/Fixed PID_SP15_trial06.txt,FinalError_g,1.8200000000000003,1.82,2.220446049250313e-16,0.01,MATCH,Within tolerance
Fixed PID,15.0,6,data/pengujian_final/log_160_trial/fixed_pid/SP15/Fixed PID_SP15_trial06.txt,AbsError_pct,12.133333333333335,12.1,0.03333333333333499,0.01,MISMATCH,Outside tolerance
Fixed PID,15.0,6,data/pengujian_final/log_160_trial/fixed_pid/SP15/Fixed PID_SP15_trial06.txt,MaxOvershoot_pct,0.0,12.88,12.88,0.01,MISMATCH,Outside tolerance
Fixed PID,15.0,6,data/pengujian_final/log_160_trial/fixed_pid/SP15/Fixed PID_SP15_trial06.txt,Duration_s,15.88,15.88,0.0,0.01,MATCH,Within tolerance
Fixed PID,15.0,6,data/pengujian_final/log_160_trial/fixed_pid/SP15/Fixed PID_SP15_trial06.txt,RiseTime_10_90_s,11.617,11.617,0.0,0.01,MATCH,Within tolerance
Fixed PID,15.0,6,data/pengujian_final/log_160_trial/fixed_pid/SP15/Fixed PID_SP15_trial06.txt,SettlingTime_s,14.159,,,0.01,MISMATCH,One is NaN
Fixed PID,15.0,6,data/pengujian_final/log_160_trial/fixed_pid/SP15/Fixed PID_SP15_trial06.txt,BridgingCount,1,1,,EXACT,MATCH,Exact match
Fixed PID,15.0,6,data/pengujian_final/log_160_trial/fixed_pid/SP15/Fixed PID_SP15_trial06.txt,WithinTolerance,False,0,,EXACT,MATCH,Exact match
Fixed PID,15.0,6,data/pengujian_final/log_160_trial/fixed_pid/SP15/Fixed PID_SP15_trial06.txt,StopReason,TARGET,TARGET,,EXACT,MATCH,Exact match
Fixed PID,15.0,7,data/pengujian_final/log_160_trial/fixed_pid/SP15/Fixed PID_SP15_trial07.txt,FinalMass_g,15.34,15.34,0.0,0.01,MATCH,Within tolerance
Fixed PID,15.0,7,data/pengujian_final/log_160_trial/fixed_pid/SP15/Fixed PID_SP15_trial07.txt,FinalError_g,0.33999999999999986,0.34,1.6653345369377348e-16,0.01,MATCH,Within tolerance
Fixed PID,15.0,7,data/pengujian_final/log_160_trial/fixed_pid/SP15/Fixed PID_SP15_trial07.txt,AbsError_pct,2.2666666666666657,2.27,0.0033333333333342985,0.01,MATCH,Within tolerance
Fixed PID,15.0,7,data/pengujian_final/log_160_trial/fixed_pid/SP15/Fixed PID_SP15_trial07.txt,MaxOvershoot_pct,0.0,3.03,3.03,0.01,MISMATCH,Outside tolerance
Fixed PID,15.0,7,data/pengujian_final/log_160_trial/fixed_pid/SP15/Fixed PID_SP15_trial07.txt,Duration_s,27.242,27.24,0.0020000000000024443,0.01,MATCH,Within tolerance
Fixed PID,15.0,7,data/pengujian_final/log_160_trial/fixed_pid/SP15/Fixed PID_SP15_trial07.txt,RiseTime_10_90_s,20.914,20.914,0.0,0.01,MATCH,Within tolerance
Fixed PID,15.0,7,data/pengujian_final/log_160_trial/fixed_pid/SP15/Fixed PID_SP15_trial07.txt,SettlingTime_s,25.522,25.522,0.0,0.01,MATCH,Within tolerance
Fixed PID,15.0,7,data/pengujian_final/log_160_trial/fixed_pid/SP15/Fixed PID_SP15_trial07.txt,BridgingCount,0,0,,EXACT,MATCH,Exact match
Fixed PID,15.0,7,data/pengujian_final/log_160_trial/fixed_pid/SP15/Fixed PID_SP15_trial07.txt,WithinTolerance,True,1,,EXACT,MATCH,Exact match
Fixed PID,15.0,7,data/pengujian_final/log_160_trial/fixed_pid/SP15/Fixed PID_SP15_trial07.txt,StopReason,TARGET,TARGET,,EXACT,MATCH,Exact match
Fixed PID,15.0,8,data/pengujian_final/log_160_trial/fixed_pid/SP15/Fixed PID_SP15_trial08.txt,FinalMass_g,14.95,14.95,0.0,0.01,MATCH,Within tolerance
Fixed PID,15.0,8,data/pengujian_final/log_160_trial/fixed_pid/SP15/Fixed PID_SP15_trial08.txt,FinalError_g,-0.05000000000000071,-0.05,7.077671781985373e-16,0.01,MATCH,Within tolerance
Fixed PID,15.0,8,data/pengujian_final/log_160_trial/fixed_pid/SP15/Fixed PID_SP15_trial08.txt,AbsError_pct,0.3333333333333381,0.36,0.026666666666661898,0.01,MISMATCH,Outside tolerance
Fixed PID,15.0,8,data/pengujian_final/log_160_trial/fixed_pid/SP15/Fixed PID_SP15_trial08.txt,MaxOvershoot_pct,0.0,0.0,0.0,0.01,MATCH,Within tolerance
Fixed PID,15.0,8,data/pengujian_final/log_160_trial/fixed_pid/SP15/Fixed PID_SP15_trial08.txt,Duration_s,24.66,24.66,0.0,0.01,MATCH,Within tolerance
Fixed PID,15.0,8,data/pengujian_final/log_160_trial/fixed_pid/SP15/Fixed PID_SP15_trial08.txt,RiseTime_10_90_s,11.102,11.102,0.0,0.01,MATCH,Within tolerance
Fixed PID,15.0,8,data/pengujian_final/log_160_trial/fixed_pid/SP15/Fixed PID_SP15_trial08.txt,SettlingTime_s,,23.198,,0.01,MISMATCH,One is NaN
Fixed PID,15.0,8,data/pengujian_final/log_160_trial/fixed_pid/SP15/Fixed PID_SP15_trial08.txt,BridgingCount,1,1,,EXACT,MATCH,Exact match
Fixed PID,15.0,8,data/pengujian_final/log_160_trial/fixed_pid/SP15/Fixed PID_SP15_trial08.txt,WithinTolerance,True,1,,EXACT,MATCH,Exact match
Fixed PID,15.0,8,data/pengujian_final/log_160_trial/fixed_pid/SP15/Fixed PID_SP15_trial08.txt,StopReason,TARGET,TARGET,,EXACT,MATCH,Exact match
Fixed PID,15.0,9,data/pengujian_final/log_160_trial/fixed_pid/SP15/Fixed PID_SP15_trial09.txt,FinalMass_g,16.04,16.04,0.0,0.01,MATCH,Within tolerance
Fixed PID,15.0,9,data/pengujian_final/log_160_trial/fixed_pid/SP15/Fixed PID_SP15_trial09.txt,FinalError_g,1.0399999999999991,1.04,8.881784197001252e-16,0.01,MATCH,Within tolerance
Fixed PID,15.0,9,data/pengujian_final/log_160_trial/fixed_pid/SP15/Fixed PID_SP15_trial09.txt,AbsError_pct,6.933333333333327,6.96,0.02666666666667261,0.01,MISMATCH,Outside tolerance
Fixed PID,15.0,9,data/pengujian_final/log_160_trial/fixed_pid/SP15/Fixed PID_SP15_trial09.txt,MaxOvershoot_pct,0.0,6.96,6.96,0.01,MISMATCH,Outside tolerance
Fixed PID,15.0,9,data/pengujian_final/log_160_trial/fixed_pid/SP15/Fixed PID_SP15_trial09.txt,Duration_s,16.656,16.66,0.004000000000001336,0.01,MATCH,Within tolerance
Fixed PID,15.0,9,data/pengujian_final/log_160_trial/fixed_pid/SP15/Fixed PID_SP15_trial09.txt,RiseTime_10_90_s,8.52,8.52,0.0,0.01,MATCH,Within tolerance
Fixed PID,15.0,9,data/pengujian_final/log_160_trial/fixed_pid/SP15/Fixed PID_SP15_trial09.txt,SettlingTime_s,14.935,,,0.01,MISMATCH,One is NaN
Fixed PID,15.0,9,data/pengujian_final/log_160_trial/fixed_pid/SP15/Fixed PID_SP15_trial09.txt,BridgingCount,0,0,,EXACT,MATCH,Exact match
Fixed PID,15.0,9,data/pengujian_final/log_160_trial/fixed_pid/SP15/Fixed PID_SP15_trial09.txt,WithinTolerance,False,0,,EXACT,MATCH,Exact match
Fixed PID,15.0,9,data/pengujian_final/log_160_trial/fixed_pid/SP15/Fixed PID_SP15_trial09.txt,StopReason,TARGET,TARGET,,EXACT,MATCH,Exact match
Fixed PID,15.0,10,data/pengujian_final/log_160_trial/fixed_pid/SP15/Fixed PID_SP15_trial10.txt,FinalMass_g,19.28,19.28,0.0,0.01,MATCH,Within tolerance
Fixed PID,15.0,10,data/pengujian_final/log_160_trial/fixed_pid/SP15/Fixed PID_SP15_trial10.txt,FinalError_g,4.280000000000001,4.28,8.881784197001252e-16,0.01,MATCH,Within tolerance
Fixed PID,15.0,10,data/pengujian_final/log_160_trial/fixed_pid/SP15/Fixed PID_SP15_trial10.txt,AbsError_pct,28.53333333333334,28.51,0.02333333333333698,0.01,MISMATCH,Outside tolerance
Fixed PID,15.0,10,data/pengujian_final/log_160_trial/fixed_pid/SP15/Fixed PID_SP15_trial10.txt,MaxOvershoot_pct,0.0,28.51,28.51,0.01,MISMATCH,Outside tolerance
Fixed PID,15.0,10,data/pengujian_final/log_160_trial/fixed_pid/SP15/Fixed PID_SP15_trial10.txt,Duration_s,15.106,15.11,0.0039999999999995595,0.01,MATCH,Within tolerance
Fixed PID,15.0,10,data/pengujian_final/log_160_trial/fixed_pid/SP15/Fixed PID_SP15_trial10.txt,RiseTime_10_90_s,,11.102,,0.01,MISMATCH,One is NaN
Fixed PID,15.0,10,data/pengujian_final/log_160_trial/fixed_pid/SP15/Fixed PID_SP15_trial10.txt,SettlingTime_s,,,0.0,0.01,MATCH,Both NaN
Fixed PID,15.0,10,data/pengujian_final/log_160_trial/fixed_pid/SP15/Fixed PID_SP15_trial10.txt,BridgingCount,1,1,,EXACT,MATCH,Exact match
Fixed PID,15.0,10,data/pengujian_final/log_160_trial/fixed_pid/SP15/Fixed PID_SP15_trial10.txt,WithinTolerance,False,0,,EXACT,MATCH,Exact match
Fixed PID,15.0,10,data/pengujian_final/log_160_trial/fixed_pid/SP15/Fixed PID_SP15_trial10.txt,StopReason,TARGET,TARGET,,EXACT,MATCH,Exact match
Fixed PID,20.0,1,data/pengujian_final/log_160_trial/fixed_pid/SP20/Fixed PID_SP20_trial01.txt,FinalMass_g,19.03,20.72,1.6899999999999977,0.01,MISMATCH,Outside tolerance
Fixed PID,20.0,1,data/pengujian_final/log_160_trial/fixed_pid/SP20/Fixed PID_SP20_trial01.txt,FinalError_g,-0.9699999999999989,0.72,1.6899999999999988,0.01,MISMATCH,Outside tolerance
Fixed PID,20.0,1,data/pengujian_final/log_160_trial/fixed_pid/SP20/Fixed PID_SP20_trial01.txt,AbsError_pct,4.849999999999994,3.58,1.2699999999999942,0.01,MISMATCH,Outside tolerance
Fixed PID,20.0,1,data/pengujian_final/log_160_trial/fixed_pid/SP20/Fixed PID_SP20_trial01.txt,MaxOvershoot_pct,0.0,3.58,3.58,0.01,MISMATCH,Outside tolerance
Fixed PID,20.0,1,data/pengujian_final/log_160_trial/fixed_pid/SP20/Fixed PID_SP20_trial01.txt,Duration_s,22.941,24.66,1.7190000000000012,0.01,MISMATCH,Outside tolerance
Fixed PID,20.0,1,data/pengujian_final/log_160_trial/fixed_pid/SP20/Fixed PID_SP20_trial01.txt,RiseTime_10_90_s,16.526,16.526,0.0,0.01,MATCH,Within tolerance
Fixed PID,20.0,1,data/pengujian_final/log_160_trial/fixed_pid/SP20/Fixed PID_SP20_trial01.txt,SettlingTime_s,21.65,21.65,0.0,0.01,MATCH,Within tolerance
Fixed PID,20.0,1,data/pengujian_final/log_160_trial/fixed_pid/SP20/Fixed PID_SP20_trial01.txt,BridgingCount,0,0,,EXACT,MATCH,Exact match
Fixed PID,20.0,1,data/pengujian_final/log_160_trial/fixed_pid/SP20/Fixed PID_SP20_trial01.txt,WithinTolerance,True,1,,EXACT,MATCH,Exact match
Fixed PID,20.0,1,data/pengujian_final/log_160_trial/fixed_pid/SP20/Fixed PID_SP20_trial01.txt,StopReason,TARGET,TARGET,,EXACT,MATCH,Exact match
Fixed PID,20.0,2,data/pengujian_final/log_160_trial/fixed_pid/SP20/Fixed PID_SP20_trial02.txt,FinalMass_g,19.82,19.82,0.0,0.01,MATCH,Within tolerance
Fixed PID,20.0,2,data/pengujian_final/log_160_trial/fixed_pid/SP20/Fixed PID_SP20_trial02.txt,FinalError_g,-0.17999999999999972,-0.18,2.7755575615628914e-16,0.01,MATCH,Within tolerance
Fixed PID,20.0,2,data/pengujian_final/log_160_trial/fixed_pid/SP20/Fixed PID_SP20_trial02.txt,AbsError_pct,0.8999999999999986,0.89,0.009999999999998566,0.01,MATCH,Within tolerance
Fixed PID,20.0,2,data/pengujian_final/log_160_trial/fixed_pid/SP20/Fixed PID_SP20_trial02.txt,MaxOvershoot_pct,0.0,0.0,0.0,0.01,MATCH,Within tolerance
Fixed PID,20.0,2,data/pengujian_final/log_160_trial/fixed_pid/SP20/Fixed PID_SP20_trial02.txt,Duration_s,56.153,56.15,0.0030000000000001137,0.01,MATCH,Within tolerance
Fixed PID,20.0,2,data/pengujian_final/log_160_trial/fixed_pid/SP20/Fixed PID_SP20_trial02.txt,RiseTime_10_90_s,49.826,49.826,0.0,0.01,MATCH,Within tolerance
Fixed PID,20.0,2,data/pengujian_final/log_160_trial/fixed_pid/SP20/Fixed PID_SP20_trial02.txt,SettlingTime_s,54.433,54.433,0.0,0.01,MATCH,Within tolerance
Fixed PID,20.0,2,data/pengujian_final/log_160_trial/fixed_pid/SP20/Fixed PID_SP20_trial02.txt,BridgingCount,5,5,,EXACT,MATCH,Exact match
Fixed PID,20.0,2,data/pengujian_final/log_160_trial/fixed_pid/SP20/Fixed PID_SP20_trial02.txt,WithinTolerance,True,1,,EXACT,MATCH,Exact match
Fixed PID,20.0,2,data/pengujian_final/log_160_trial/fixed_pid/SP20/Fixed PID_SP20_trial02.txt,StopReason,TARGET,TARGET,,EXACT,MATCH,Exact match
Fixed PID,20.0,3,data/pengujian_final/log_160_trial/fixed_pid/SP20/Fixed PID_SP20_trial03.txt,FinalMass_g,21.87,21.87,0.0,0.01,MATCH,Within tolerance
Fixed PID,20.0,3,data/pengujian_final/log_160_trial/fixed_pid/SP20/Fixed PID_SP20_trial03.txt,FinalError_g,1.870000000000001,1.87,8.881784197001252e-16,0.01,MATCH,Within tolerance
Fixed PID,20.0,3,data/pengujian_final/log_160_trial/fixed_pid/SP20/Fixed PID_SP20_trial03.txt,AbsError_pct,9.350000000000005,9.37,0.019999999999994245,0.01,MISMATCH,Outside tolerance
Fixed PID,20.0,3,data/pengujian_final/log_160_trial/fixed_pid/SP20/Fixed PID_SP20_trial03.txt,MaxOvershoot_pct,0.0,9.37,9.37,0.01,MISMATCH,Outside tolerance
Fixed PID,20.0,3,data/pengujian_final/log_160_trial/fixed_pid/SP20/Fixed PID_SP20_trial03.txt,Duration_s,20.527,20.53,0.0030000000000001137,0.01,MATCH,Within tolerance
Fixed PID,20.0,3,data/pengujian_final/log_160_trial/fixed_pid/SP20/Fixed PID_SP20_trial03.txt,RiseTime_10_90_s,14.457,14.457,0.0,0.01,MATCH,Within tolerance
Fixed PID,20.0,3,data/pengujian_final/log_160_trial/fixed_pid/SP20/Fixed PID_SP20_trial03.txt,SettlingTime_s,,,0.0,0.01,MATCH,Both NaN
Fixed PID,20.0,3,data/pengujian_final/log_160_trial/fixed_pid/SP20/Fixed PID_SP20_trial03.txt,BridgingCount,0,0,,EXACT,MATCH,Exact match
Fixed PID,20.0,3,data/pengujian_final/log_160_trial/fixed_pid/SP20/Fixed PID_SP20_trial03.txt,WithinTolerance,False,0,,EXACT,MATCH,Exact match
Fixed PID,20.0,3,data/pengujian_final/log_160_trial/fixed_pid/SP20/Fixed PID_SP20_trial03.txt,StopReason,TARGET,TARGET,,EXACT,MATCH,Exact match
Fixed PID,20.0,4,data/pengujian_final/log_160_trial/fixed_pid/SP20/Fixed PID_SP20_trial04.txt,FinalMass_g,20.23,20.23,0.0,0.01,MATCH,Within tolerance
Fixed PID,20.0,4,data/pengujian_final/log_160_trial/fixed_pid/SP20/Fixed PID_SP20_trial04.txt,FinalError_g,0.23000000000000043,0.23,4.163336342344337e-16,0.01,MATCH,Within tolerance
Fixed PID,20.0,4,data/pengujian_final/log_160_trial/fixed_pid/SP20/Fixed PID_SP20_trial04.txt,AbsError_pct,1.1500000000000021,1.14,0.01000000000000223,0.01,MISMATCH,Outside tolerance
Fixed PID,20.0,4,data/pengujian_final/log_160_trial/fixed_pid/SP20/Fixed PID_SP20_trial04.txt,MaxOvershoot_pct,0.0,1.14,1.14,0.01,MISMATCH,Outside tolerance
Fixed PID,20.0,4,data/pengujian_final/log_160_trial/fixed_pid/SP20/Fixed PID_SP20_trial04.txt,Duration_s,31.117,31.12,0.0030000000000001137,0.01,MATCH,Within tolerance
Fixed PID,20.0,4,data/pengujian_final/log_160_trial/fixed_pid/SP20/Fixed PID_SP20_trial04.txt,RiseTime_10_90_s,23.24,23.24,0.0,0.01,MATCH,Within tolerance
Fixed PID,20.0,4,data/pengujian_final/log_160_trial/fixed_pid/SP20/Fixed PID_SP20_trial04.txt,SettlingTime_s,,29.655,,0.01,MISMATCH,One is NaN
Fixed PID,20.0,4,data/pengujian_final/log_160_trial/fixed_pid/SP20/Fixed PID_SP20_trial04.txt,BridgingCount,1,1,,EXACT,MATCH,Exact match
Fixed PID,20.0,4,data/pengujian_final/log_160_trial/fixed_pid/SP20/Fixed PID_SP20_trial04.txt,WithinTolerance,True,1,,EXACT,MATCH,Exact match
Fixed PID,20.0,4,data/pengujian_final/log_160_trial/fixed_pid/SP20/Fixed PID_SP20_trial04.txt,StopReason,TARGET,TARGET,,EXACT,MATCH,Exact match
Fixed PID,20.0,5,data/pengujian_final/log_160_trial/fixed_pid/SP20/Fixed PID_SP20_trial05.txt,FinalMass_g,29.05,29.05,0.0,0.01,MATCH,Within tolerance
Fixed PID,20.0,5,data/pengujian_final/log_160_trial/fixed_pid/SP20/Fixed PID_SP20_trial05.txt,FinalError_g,9.05,9.05,0.0,0.01,MATCH,Within tolerance
Fixed PID,20.0,5,data/pengujian_final/log_160_trial/fixed_pid/SP20/Fixed PID_SP20_trial05.txt,AbsError_pct,45.25,45.26,0.00999999999999801,0.01,MATCH,Within tolerance
Fixed PID,20.0,5,data/pengujian_final/log_160_trial/fixed_pid/SP20/Fixed PID_SP20_trial05.txt,MaxOvershoot_pct,0.0,45.26,45.26,0.01,MISMATCH,Outside tolerance
Fixed PID,20.0,5,data/pengujian_final/log_160_trial/fixed_pid/SP20/Fixed PID_SP20_trial05.txt,Duration_s,27.501,27.5,0.0010000000000012221,0.01,MATCH,Within tolerance
Fixed PID,20.0,5,data/pengujian_final/log_160_trial/fixed_pid/SP20/Fixed PID_SP20_trial05.txt,RiseTime_10_90_s,,23.239,,0.01,MISMATCH,One is NaN
Fixed PID,20.0,5,data/pengujian_final/log_160_trial/fixed_pid/SP20/Fixed PID_SP20_trial05.txt,SettlingTime_s,,,0.0,0.01,MATCH,Both NaN
Fixed PID,20.0,5,data/pengujian_final/log_160_trial/fixed_pid/SP20/Fixed PID_SP20_trial05.txt,BridgingCount,2,2,,EXACT,MATCH,Exact match
Fixed PID,20.0,5,data/pengujian_final/log_160_trial/fixed_pid/SP20/Fixed PID_SP20_trial05.txt,WithinTolerance,False,0,,EXACT,MATCH,Exact match
Fixed PID,20.0,5,data/pengujian_final/log_160_trial/fixed_pid/SP20/Fixed PID_SP20_trial05.txt,StopReason,TARGET,TARGET,,EXACT,MATCH,Exact match
Fixed PID,20.0,6,data/pengujian_final/log_160_trial/fixed_pid/SP20/Fixed PID_SP20_trial06.txt,FinalMass_g,19.47,19.47,0.0,0.01,MATCH,Within tolerance
Fixed PID,20.0,6,data/pengujian_final/log_160_trial/fixed_pid/SP20/Fixed PID_SP20_trial06.txt,FinalError_g,-0.5300000000000011,-0.53,1.1102230246251565e-15,0.01,MATCH,Within tolerance
Fixed PID,20.0,6,data/pengujian_final/log_160_trial/fixed_pid/SP20/Fixed PID_SP20_trial06.txt,AbsError_pct,2.6500000000000057,2.67,0.019999999999994245,0.01,MISMATCH,Outside tolerance
Fixed PID,20.0,6,data/pengujian_final/log_160_trial/fixed_pid/SP20/Fixed PID_SP20_trial06.txt,MaxOvershoot_pct,0.0,0.0,0.0,0.01,MATCH,Within tolerance
Fixed PID,20.0,6,data/pengujian_final/log_160_trial/fixed_pid/SP20/Fixed PID_SP20_trial06.txt,Duration_s,33.699,33.7,0.0010000000000047748,0.01,MATCH,Within tolerance
Fixed PID,20.0,6,data/pengujian_final/log_160_trial/fixed_pid/SP20/Fixed PID_SP20_trial06.txt,RiseTime_10_90_s,24.53,24.53,0.0,0.01,MATCH,Within tolerance
Fixed PID,20.0,6,data/pengujian_final/log_160_trial/fixed_pid/SP20/Fixed PID_SP20_trial06.txt,SettlingTime_s,27.331,27.331,0.0,0.01,MATCH,Within tolerance
Fixed PID,20.0,6,data/pengujian_final/log_160_trial/fixed_pid/SP20/Fixed PID_SP20_trial06.txt,BridgingCount,1,1,,EXACT,MATCH,Exact match
Fixed PID,20.0,6,data/pengujian_final/log_160_trial/fixed_pid/SP20/Fixed PID_SP20_trial06.txt,WithinTolerance,True,1,,EXACT,MATCH,Exact match
Fixed PID,20.0,6,data/pengujian_final/log_160_trial/fixed_pid/SP20/Fixed PID_SP20_trial06.txt,StopReason,TARGET,TARGET,,EXACT,MATCH,Exact match
Fixed PID,20.0,7,data/pengujian_final/log_160_trial/fixed_pid/SP20/Fixed PID_SP20_trial07.txt,FinalMass_g,20.85,20.85,0.0,0.01,MATCH,Within tolerance
Fixed PID,20.0,7,data/pengujian_final/log_160_trial/fixed_pid/SP20/Fixed PID_SP20_trial07.txt,FinalError_g,0.8500000000000014,0.85,1.4432899320127035e-15,0.01,MATCH,Within tolerance
Fixed PID,20.0,7,data/pengujian_final/log_160_trial/fixed_pid/SP20/Fixed PID_SP20_trial07.txt,AbsError_pct,4.250000000000007,4.25,7.105427357601002e-15,0.01,MATCH,Within tolerance
Fixed PID,20.0,7,data/pengujian_final/log_160_trial/fixed_pid/SP20/Fixed PID_SP20_trial07.txt,MaxOvershoot_pct,0.0,4.25,4.25,0.01,MISMATCH,Outside tolerance
Fixed PID,20.0,7,data/pengujian_final/log_160_trial/fixed_pid/SP20/Fixed PID_SP20_trial07.txt,Duration_s,16.399,16.4,0.0009999999999976694,0.01,MATCH,Within tolerance
Fixed PID,20.0,7,data/pengujian_final/log_160_trial/fixed_pid/SP20/Fixed PID_SP20_trial07.txt,RiseTime_10_90_s,10.587,10.587,0.0,0.01,MATCH,Within tolerance
Fixed PID,20.0,7,data/pengujian_final/log_160_trial/fixed_pid/SP20/Fixed PID_SP20_trial07.txt,SettlingTime_s,,14.936,,0.01,MISMATCH,One is NaN
Fixed PID,20.0,7,data/pengujian_final/log_160_trial/fixed_pid/SP20/Fixed PID_SP20_trial07.txt,BridgingCount,0,0,,EXACT,MATCH,Exact match
Fixed PID,20.0,7,data/pengujian_final/log_160_trial/fixed_pid/SP20/Fixed PID_SP20_trial07.txt,WithinTolerance,True,1,,EXACT,MATCH,Exact match
Fixed PID,20.0,7,data/pengujian_final/log_160_trial/fixed_pid/SP20/Fixed PID_SP20_trial07.txt,StopReason,TARGET,TARGET,,EXACT,MATCH,Exact match
Fixed PID,20.0,8,data/pengujian_final/log_160_trial/fixed_pid/SP20/Fixed PID_SP20_trial08.txt,FinalMass_g,19.58,19.58,0.0,0.01,MATCH,Within tolerance
Fixed PID,20.0,8,data/pengujian_final/log_160_trial/fixed_pid/SP20/Fixed PID_SP20_trial08.txt,FinalError_g,-0.4200000000000017,-0.42,1.7208456881689926e-15,0.01,MATCH,Within tolerance
Fixed PID,20.0,8,data/pengujian_final/log_160_trial/fixed_pid/SP20/Fixed PID_SP20_trial08.txt,AbsError_pct,2.1000000000000085,2.08,0.020000000000008455,0.01,MISMATCH,Outside tolerance
Fixed PID,20.0,8,data/pengujian_final/log_160_trial/fixed_pid/SP20/Fixed PID_SP20_trial08.txt,MaxOvershoot_pct,0.0,0.0,0.0,0.01,MATCH,Within tolerance
Fixed PID,20.0,8,data/pengujian_final/log_160_trial/fixed_pid/SP20/Fixed PID_SP20_trial08.txt,Duration_s,33.956,33.96,0.003999999999997783,0.01,MATCH,Within tolerance
Fixed PID,20.0,8,data/pengujian_final/log_160_trial/fixed_pid/SP20/Fixed PID_SP20_trial08.txt,RiseTime_10_90_s,,31.76,,0.01,MISMATCH,One is NaN
Fixed PID,20.0,8,data/pengujian_final/log_160_trial/fixed_pid/SP20/Fixed PID_SP20_trial08.txt,SettlingTime_s,,32.494,,0.01,MISMATCH,One is NaN
Fixed PID,20.0,8,data/pengujian_final/log_160_trial/fixed_pid/SP20/Fixed PID_SP20_trial08.txt,BridgingCount,4,4,,EXACT,MATCH,Exact match
Fixed PID,20.0,8,data/pengujian_final/log_160_trial/fixed_pid/SP20/Fixed PID_SP20_trial08.txt,WithinTolerance,True,1,,EXACT,MATCH,Exact match
Fixed PID,20.0,8,data/pengujian_final/log_160_trial/fixed_pid/SP20/Fixed PID_SP20_trial08.txt,StopReason,TARGET,TARGET,,EXACT,MATCH,Exact match
Fixed PID,20.0,9,data/pengujian_final/log_160_trial/fixed_pid/SP20/Fixed PID_SP20_trial09.txt,FinalMass_g,20.14,20.14,0.0,0.01,MATCH,Within tolerance
Fixed PID,20.0,9,data/pengujian_final/log_160_trial/fixed_pid/SP20/Fixed PID_SP20_trial09.txt,FinalError_g,0.14000000000000057,0.14,5.551115123125783e-16,0.01,MATCH,Within tolerance
Fixed PID,20.0,9,data/pengujian_final/log_160_trial/fixed_pid/SP20/Fixed PID_SP20_trial09.txt,AbsError_pct,0.7000000000000028,0.68,0.020000000000002793,0.01,MISMATCH,Outside tolerance
Fixed PID,20.0,9,data/pengujian_final/log_160_trial/fixed_pid/SP20/Fixed PID_SP20_trial09.txt,MaxOvershoot_pct,0.0,0.68,0.68,0.01,MISMATCH,Outside tolerance
Fixed PID,20.0,9,data/pengujian_final/log_160_trial/fixed_pid/SP20/Fixed PID_SP20_trial09.txt,Duration_s,22.853,22.85,0.0030000000000001137,0.01,MATCH,Within tolerance
Fixed PID,20.0,9,data/pengujian_final/log_160_trial/fixed_pid/SP20/Fixed PID_SP20_trial09.txt,RiseTime_10_90_s,16.525,16.525,0.0,0.01,MATCH,Within tolerance
Fixed PID,20.0,9,data/pengujian_final/log_160_trial/fixed_pid/SP20/Fixed PID_SP20_trial09.txt,SettlingTime_s,21.132,21.132,0.0,0.01,MATCH,Within tolerance
Fixed PID,20.0,9,data/pengujian_final/log_160_trial/fixed_pid/SP20/Fixed PID_SP20_trial09.txt,BridgingCount,0,0,,EXACT,MATCH,Exact match
Fixed PID,20.0,9,data/pengujian_final/log_160_trial/fixed_pid/SP20/Fixed PID_SP20_trial09.txt,WithinTolerance,True,1,,EXACT,MATCH,Exact match
Fixed PID,20.0,9,data/pengujian_final/log_160_trial/fixed_pid/SP20/Fixed PID_SP20_trial09.txt,StopReason,TARGET,TARGET,,EXACT,MATCH,Exact match
Fixed PID,20.0,10,data/pengujian_final/log_160_trial/fixed_pid/SP20/Fixed PID_SP20_trial10.txt,FinalMass_g,20.92,20.92,0.0,0.01,MATCH,Within tolerance
Fixed PID,20.0,10,data/pengujian_final/log_160_trial/fixed_pid/SP20/Fixed PID_SP20_trial10.txt,FinalError_g,0.9200000000000017,0.92,1.6653345369377348e-15,0.01,MATCH,Within tolerance
Fixed PID,20.0,10,data/pengujian_final/log_160_trial/fixed_pid/SP20/Fixed PID_SP20_trial10.txt,AbsError_pct,4.6000000000000085,4.58,0.020000000000008455,0.01,MISMATCH,Outside tolerance
Fixed PID,20.0,10,data/pengujian_final/log_160_trial/fixed_pid/SP20/Fixed PID_SP20_trial10.txt,MaxOvershoot_pct,0.0,4.58,4.58,0.01,MISMATCH,Outside tolerance
Fixed PID,20.0,10,data/pengujian_final/log_160_trial/fixed_pid/SP20/Fixed PID_SP20_trial10.txt,Duration_s,21.303,21.3,0.0030000000000001137,0.01,MATCH,Within tolerance
Fixed PID,20.0,10,data/pengujian_final/log_160_trial/fixed_pid/SP20/Fixed PID_SP20_trial10.txt,RiseTime_10_90_s,,19.107,,0.01,MISMATCH,One is NaN
Fixed PID,20.0,10,data/pengujian_final/log_160_trial/fixed_pid/SP20/Fixed PID_SP20_trial10.txt,SettlingTime_s,,19.841,,0.01,MISMATCH,One is NaN
Fixed PID,20.0,10,data/pengujian_final/log_160_trial/fixed_pid/SP20/Fixed PID_SP20_trial10.txt,BridgingCount,2,2,,EXACT,MATCH,Exact match
Fixed PID,20.0,10,data/pengujian_final/log_160_trial/fixed_pid/SP20/Fixed PID_SP20_trial10.txt,WithinTolerance,True,1,,EXACT,MATCH,Exact match
Fixed PID,20.0,10,data/pengujian_final/log_160_trial/fixed_pid/SP20/Fixed PID_SP20_trial10.txt,StopReason,TARGET,TARGET,,EXACT,MATCH,Exact match
Fixed PID,25.0,1,data/pengujian_final/log_160_trial/fixed_pid/SP25/Fixed PID_SP25_trial01.txt,FinalMass_g,24.86,24.86,0.0,0.01,MATCH,Within tolerance
Fixed PID,25.0,1,data/pengujian_final/log_160_trial/fixed_pid/SP25/Fixed PID_SP25_trial01.txt,FinalError_g,-0.14000000000000057,-0.14,5.551115123125783e-16,0.01,MATCH,Within tolerance
Fixed PID,25.0,1,data/pengujian_final/log_160_trial/fixed_pid/SP25/Fixed PID_SP25_trial01.txt,AbsError_pct,0.5600000000000023,0.56,2.220446049250313e-15,0.01,MATCH,Within tolerance
Fixed PID,25.0,1,data/pengujian_final/log_160_trial/fixed_pid/SP25/Fixed PID_SP25_trial01.txt,MaxOvershoot_pct,0.0,0.0,0.0,0.01,MATCH,Within tolerance
Fixed PID,25.0,1,data/pengujian_final/log_160_trial/fixed_pid/SP25/Fixed PID_SP25_trial01.txt,Duration_s,41.448,41.45,0.0020000000000024443,0.01,MATCH,Within tolerance
Fixed PID,25.0,1,data/pengujian_final/log_160_trial/fixed_pid/SP25/Fixed PID_SP25_trial01.txt,RiseTime_10_90_s,35.119,35.119,0.0,0.01,MATCH,Within tolerance
Fixed PID,25.0,1,data/pengujian_final/log_160_trial/fixed_pid/SP25/Fixed PID_SP25_trial01.txt,SettlingTime_s,37.661,37.661,0.0,0.01,MATCH,Within tolerance
Fixed PID,25.0,1,data/pengujian_final/log_160_trial/fixed_pid/SP25/Fixed PID_SP25_trial01.txt,BridgingCount,4,4,,EXACT,MATCH,Exact match
Fixed PID,25.0,1,data/pengujian_final/log_160_trial/fixed_pid/SP25/Fixed PID_SP25_trial01.txt,WithinTolerance,True,1,,EXACT,MATCH,Exact match
Fixed PID,25.0,1,data/pengujian_final/log_160_trial/fixed_pid/SP25/Fixed PID_SP25_trial01.txt,StopReason,TARGET,TARGET,,EXACT,MATCH,Exact match
Fixed PID,25.0,2,data/pengujian_final/log_160_trial/fixed_pid/SP25/Fixed PID_SP25_trial02.txt,FinalMass_g,24.75,24.75,0.0,0.01,MATCH,Within tolerance
Fixed PID,25.0,2,data/pengujian_final/log_160_trial/fixed_pid/SP25/Fixed PID_SP25_trial02.txt,FinalError_g,-0.25,-0.25,0.0,0.01,MATCH,Within tolerance
Fixed PID,25.0,2,data/pengujian_final/log_160_trial/fixed_pid/SP25/Fixed PID_SP25_trial02.txt,AbsError_pct,1.0,1.01,0.010000000000000009,0.01,MISMATCH,Outside tolerance
Fixed PID,25.0,2,data/pengujian_final/log_160_trial/fixed_pid/SP25/Fixed PID_SP25_trial02.txt,MaxOvershoot_pct,0.0,0.0,0.0,0.01,MATCH,Within tolerance
Fixed PID,25.0,2,data/pengujian_final/log_160_trial/fixed_pid/SP25/Fixed PID_SP25_trial02.txt,Duration_s,24.922,24.92,0.0019999999999988916,0.01,MATCH,Within tolerance
Fixed PID,25.0,2,data/pengujian_final/log_160_trial/fixed_pid/SP25/Fixed PID_SP25_trial02.txt,RiseTime_10_90_s,18.593,18.593,0.0,0.01,MATCH,Within tolerance
Fixed PID,25.0,2,data/pengujian_final/log_160_trial/fixed_pid/SP25/Fixed PID_SP25_trial02.txt,SettlingTime_s,23.201,23.201,0.0,0.01,MATCH,Within tolerance
Fixed PID,25.0,2,data/pengujian_final/log_160_trial/fixed_pid/SP25/Fixed PID_SP25_trial02.txt,BridgingCount,1,1,,EXACT,MATCH,Exact match
Fixed PID,25.0,2,data/pengujian_final/log_160_trial/fixed_pid/SP25/Fixed PID_SP25_trial02.txt,WithinTolerance,True,1,,EXACT,MATCH,Exact match
Fixed PID,25.0,2,data/pengujian_final/log_160_trial/fixed_pid/SP25/Fixed PID_SP25_trial02.txt,StopReason,TARGET,TARGET,,EXACT,MATCH,Exact match
Fixed PID,25.0,3,data/pengujian_final/log_160_trial/fixed_pid/SP25/Fixed PID_SP25_trial03.txt,FinalMass_g,24.77,24.77,0.0,0.01,MATCH,Within tolerance
Fixed PID,25.0,3,data/pengujian_final/log_160_trial/fixed_pid/SP25/Fixed PID_SP25_trial03.txt,FinalError_g,-0.23000000000000043,-0.23,4.163336342344337e-16,0.01,MATCH,Within tolerance
Fixed PID,25.0,3,data/pengujian_final/log_160_trial/fixed_pid/SP25/Fixed PID_SP25_trial03.txt,AbsError_pct,0.9200000000000017,0.93,0.009999999999998344,0.01,MATCH,Within tolerance
Fixed PID,25.0,3,data/pengujian_final/log_160_trial/fixed_pid/SP25/Fixed PID_SP25_trial03.txt,MaxOvershoot_pct,0.0,0.0,0.0,0.01,MATCH,Within tolerance
Fixed PID,25.0,3,data/pengujian_final/log_160_trial/fixed_pid/SP25/Fixed PID_SP25_trial03.txt,Duration_s,64.172,64.17,0.001999999999995339,0.01,MATCH,Within tolerance
Fixed PID,25.0,3,data/pengujian_final/log_160_trial/fixed_pid/SP25/Fixed PID_SP25_trial03.txt,RiseTime_10_90_s,48.289,48.289,0.0,0.01,MATCH,Within tolerance
Fixed PID,25.0,3,data/pengujian_final/log_160_trial/fixed_pid/SP25/Fixed PID_SP25_trial03.txt,SettlingTime_s,57.803,57.803,0.0,0.01,MATCH,Within tolerance
Fixed PID,25.0,3,data/pengujian_final/log_160_trial/fixed_pid/SP25/Fixed PID_SP25_trial03.txt,BridgingCount,7,7,,EXACT,MATCH,Exact match
Fixed PID,25.0,3,data/pengujian_final/log_160_trial/fixed_pid/SP25/Fixed PID_SP25_trial03.txt,WithinTolerance,True,1,,EXACT,MATCH,Exact match
Fixed PID,25.0,3,data/pengujian_final/log_160_trial/fixed_pid/SP25/Fixed PID_SP25_trial03.txt,StopReason,TARGET,TARGET,,EXACT,MATCH,Exact match
Fixed PID,25.0,4,data/pengujian_final/log_160_trial/fixed_pid/SP25/Fixed PID_SP25_trial04.txt,FinalMass_g,24.38,24.38,0.0,0.01,MATCH,Within tolerance
Fixed PID,25.0,4,data/pengujian_final/log_160_trial/fixed_pid/SP25/Fixed PID_SP25_trial04.txt,FinalError_g,-0.620000000000001,-0.62,9.992007221626409e-16,0.01,MATCH,Within tolerance
Fixed PID,25.0,4,data/pengujian_final/log_160_trial/fixed_pid/SP25/Fixed PID_SP25_trial04.txt,AbsError_pct,2.480000000000004,2.47,0.010000000000003784,0.01,MISMATCH,Outside tolerance
Fixed PID,25.0,4,data/pengujian_final/log_160_trial/fixed_pid/SP25/Fixed PID_SP25_trial04.txt,MaxOvershoot_pct,0.0,0.0,0.0,0.01,MATCH,Within tolerance
Fixed PID,25.0,4,data/pengujian_final/log_160_trial/fixed_pid/SP25/Fixed PID_SP25_trial04.txt,Duration_s,52.041,52.04,0.0009999999999976694,0.01,MATCH,Within tolerance
Fixed PID,25.0,4,data/pengujian_final/log_160_trial/fixed_pid/SP25/Fixed PID_SP25_trial04.txt,RiseTime_10_90_s,18.595,18.595,0.0,0.01,MATCH,Within tolerance
Fixed PID,25.0,4,data/pengujian_final/log_160_trial/fixed_pid/SP25/Fixed PID_SP25_trial04.txt,SettlingTime_s,45.93,45.93,0.0,0.01,MATCH,Within tolerance
Fixed PID,25.0,4,data/pengujian_final/log_160_trial/fixed_pid/SP25/Fixed PID_SP25_trial04.txt,BridgingCount,0,0,,EXACT,MATCH,Exact match
Fixed PID,25.0,4,data/pengujian_final/log_160_trial/fixed_pid/SP25/Fixed PID_SP25_trial04.txt,WithinTolerance,True,1,,EXACT,MATCH,Exact match
Fixed PID,25.0,4,data/pengujian_final/log_160_trial/fixed_pid/SP25/Fixed PID_SP25_trial04.txt,StopReason,TARGET,TARGET,,EXACT,MATCH,Exact match
Fixed PID,25.0,5,data/pengujian_final/log_160_trial/fixed_pid/SP25/Fixed PID_SP25_trial05.txt,FinalMass_g,26.19,26.19,0.0,0.01,MATCH,Within tolerance
Fixed PID,25.0,5,data/pengujian_final/log_160_trial/fixed_pid/SP25/Fixed PID_SP25_trial05.txt,FinalError_g,1.1900000000000013,1.19,1.3322676295501878e-15,0.01,MATCH,Within tolerance
Fixed PID,25.0,5,data/pengujian_final/log_160_trial/fixed_pid/SP25/Fixed PID_SP25_trial05.txt,AbsError_pct,4.760000000000005,4.78,0.019999999999995133,0.01,MISMATCH,Outside tolerance
Fixed PID,25.0,5,data/pengujian_final/log_160_trial/fixed_pid/SP25/Fixed PID_SP25_trial05.txt,MaxOvershoot_pct,0.0,4.78,4.78,0.01,MISMATCH,Outside tolerance
Fixed PID,25.0,5,data/pengujian_final/log_160_trial/fixed_pid/SP25/Fixed PID_SP25_trial05.txt,Duration_s,31.119,31.12,0.0010000000000012221,0.01,MATCH,Within tolerance
Fixed PID,25.0,5,data/pengujian_final/log_160_trial/fixed_pid/SP25/Fixed PID_SP25_trial05.txt,RiseTime_10_90_s,,27.115,,0.01,MISMATCH,One is NaN
Fixed PID,25.0,5,data/pengujian_final/log_160_trial/fixed_pid/SP25/Fixed PID_SP25_trial05.txt,SettlingTime_s,,29.657,,0.01,MISMATCH,One is NaN
Fixed PID,25.0,5,data/pengujian_final/log_160_trial/fixed_pid/SP25/Fixed PID_SP25_trial05.txt,BridgingCount,4,4,,EXACT,MATCH,Exact match
Fixed PID,25.0,5,data/pengujian_final/log_160_trial/fixed_pid/SP25/Fixed PID_SP25_trial05.txt,WithinTolerance,True,1,,EXACT,MATCH,Exact match
Fixed PID,25.0,5,data/pengujian_final/log_160_trial/fixed_pid/SP25/Fixed PID_SP25_trial05.txt,StopReason,TARGET,TARGET,,EXACT,MATCH,Exact match
Fixed PID,25.0,6,data/pengujian_final/log_160_trial/fixed_pid/SP25/Fixed PID_SP25_trial06.txt,FinalMass_g,25.6,25.6,0.0,0.01,MATCH,Within tolerance
Fixed PID,25.0,6,data/pengujian_final/log_160_trial/fixed_pid/SP25/Fixed PID_SP25_trial06.txt,FinalError_g,0.6000000000000014,0.6,1.4432899320127035e-15,0.01,MATCH,Within tolerance
Fixed PID,25.0,6,data/pengujian_final/log_160_trial/fixed_pid/SP25/Fixed PID_SP25_trial06.txt,AbsError_pct,2.4000000000000057,2.4,5.773159728050814e-15,0.01,MATCH,Within tolerance
Fixed PID,25.0,6,data/pengujian_final/log_160_trial/fixed_pid/SP25/Fixed PID_SP25_trial06.txt,MaxOvershoot_pct,0.0,2.4,2.4,0.01,MISMATCH,Outside tolerance
Fixed PID,25.0,6,data/pengujian_final/log_160_trial/fixed_pid/SP25/Fixed PID_SP25_trial06.txt,Duration_s,30.863,30.86,0.0030000000000001137,0.01,MATCH,Within tolerance
Fixed PID,25.0,6,data/pengujian_final/log_160_trial/fixed_pid/SP25/Fixed PID_SP25_trial06.txt,RiseTime_10_90_s,20.919,20.919,0.0,0.01,MATCH,Within tolerance
Fixed PID,25.0,6,data/pengujian_final/log_160_trial/fixed_pid/SP25/Fixed PID_SP25_trial06.txt,SettlingTime_s,28.368,28.368,0.0,0.01,MATCH,Within tolerance
Fixed PID,25.0,6,data/pengujian_final/log_160_trial/fixed_pid/SP25/Fixed PID_SP25_trial06.txt,BridgingCount,0,0,,EXACT,MATCH,Exact match
Fixed PID,25.0,6,data/pengujian_final/log_160_trial/fixed_pid/SP25/Fixed PID_SP25_trial06.txt,WithinTolerance,True,1,,EXACT,MATCH,Exact match
Fixed PID,25.0,6,data/pengujian_final/log_160_trial/fixed_pid/SP25/Fixed PID_SP25_trial06.txt,StopReason,TARGET,TARGET,,EXACT,MATCH,Exact match
Fixed PID,25.0,7,data/pengujian_final/log_160_trial/fixed_pid/SP25/Fixed PID_SP25_trial07.txt,FinalMass_g,31.19,31.19,0.0,0.01,MATCH,Within tolerance
Fixed PID,25.0,7,data/pengujian_final/log_160_trial/fixed_pid/SP25/Fixed PID_SP25_trial07.txt,FinalError_g,6.190000000000001,6.19,8.881784197001252e-16,0.01,MATCH,Within tolerance
Fixed PID,25.0,7,data/pengujian_final/log_160_trial/fixed_pid/SP25/Fixed PID_SP25_trial07.txt,AbsError_pct,24.760000000000005,24.78,0.01999999999999602,0.01,MISMATCH,Outside tolerance
Fixed PID,25.0,7,data/pengujian_final/log_160_trial/fixed_pid/SP25/Fixed PID_SP25_trial07.txt,MaxOvershoot_pct,0.0,24.78,24.78,0.01,MISMATCH,Outside tolerance
Fixed PID,25.0,7,data/pengujian_final/log_160_trial/fixed_pid/SP25/Fixed PID_SP25_trial07.txt,Duration_s,58.491,58.49,0.0009999999999976694,0.01,MATCH,Within tolerance
Fixed PID,25.0,7,data/pengujian_final/log_160_trial/fixed_pid/SP25/Fixed PID_SP25_trial07.txt,RiseTime_10_90_s,52.163,52.163,0.0,0.01,MATCH,Within tolerance
Fixed PID,25.0,7,data/pengujian_final/log_160_trial/fixed_pid/SP25/Fixed PID_SP25_trial07.txt,SettlingTime_s,,,0.0,0.01,MATCH,Both NaN
Fixed PID,25.0,7,data/pengujian_final/log_160_trial/fixed_pid/SP25/Fixed PID_SP25_trial07.txt,BridgingCount,10,10,,EXACT,MATCH,Exact match
Fixed PID,25.0,7,data/pengujian_final/log_160_trial/fixed_pid/SP25/Fixed PID_SP25_trial07.txt,WithinTolerance,False,0,,EXACT,MATCH,Exact match
Fixed PID,25.0,7,data/pengujian_final/log_160_trial/fixed_pid/SP25/Fixed PID_SP25_trial07.txt,StopReason,TARGET,TARGET,,EXACT,MATCH,Exact match
Fixed PID,25.0,8,data/pengujian_final/log_160_trial/fixed_pid/SP25/Fixed PID_SP25_trial08.txt,FinalMass_g,25.59,25.59,0.0,0.01,MATCH,Within tolerance
Fixed PID,25.0,8,data/pengujian_final/log_160_trial/fixed_pid/SP25/Fixed PID_SP25_trial08.txt,FinalError_g,0.5899999999999999,0.59,1.1102230246251565e-16,0.01,MATCH,Within tolerance
Fixed PID,25.0,8,data/pengujian_final/log_160_trial/fixed_pid/SP25/Fixed PID_SP25_trial08.txt,AbsError_pct,2.3599999999999994,2.38,0.020000000000000462,0.01,MISMATCH,Outside tolerance
Fixed PID,25.0,8,data/pengujian_final/log_160_trial/fixed_pid/SP25/Fixed PID_SP25_trial08.txt,MaxOvershoot_pct,0.0,2.38,2.38,0.01,MISMATCH,Outside tolerance
Fixed PID,25.0,8,data/pengujian_final/log_160_trial/fixed_pid/SP25/Fixed PID_SP25_trial08.txt,Duration_s,70.111,70.11,0.0010000000000047748,0.01,MATCH,Within tolerance
Fixed PID,25.0,8,data/pengujian_final/log_160_trial/fixed_pid/SP25/Fixed PID_SP25_trial08.txt,RiseTime_10_90_s,45.706,45.706,0.0,0.01,MATCH,Within tolerance
Fixed PID,25.0,8,data/pengujian_final/log_160_trial/fixed_pid/SP25/Fixed PID_SP25_trial08.txt,SettlingTime_s,66.325,66.583,0.25799999999999557,0.01,MISMATCH,Outside tolerance
Fixed PID,25.0,8,data/pengujian_final/log_160_trial/fixed_pid/SP25/Fixed PID_SP25_trial08.txt,BridgingCount,6,6,,EXACT,MATCH,Exact match
Fixed PID,25.0,8,data/pengujian_final/log_160_trial/fixed_pid/SP25/Fixed PID_SP25_trial08.txt,WithinTolerance,True,1,,EXACT,MATCH,Exact match
Fixed PID,25.0,8,data/pengujian_final/log_160_trial/fixed_pid/SP25/Fixed PID_SP25_trial08.txt,StopReason,TARGET,TARGET,,EXACT,MATCH,Exact match
Fixed PID,25.0,9,data/pengujian_final/log_160_trial/fixed_pid/SP25/Fixed PID_SP25_trial09.txt,FinalMass_g,25.37,25.37,0.0,0.01,MATCH,Within tolerance
Fixed PID,25.0,9,data/pengujian_final/log_160_trial/fixed_pid/SP25/Fixed PID_SP25_trial09.txt,FinalError_g,0.370000000000001,0.37,9.992007221626409e-16,0.01,MATCH,Within tolerance
Fixed PID,25.0,9,data/pengujian_final/log_160_trial/fixed_pid/SP25/Fixed PID_SP25_trial09.txt,AbsError_pct,1.480000000000004,1.48,3.9968028886505635e-15,0.01,MATCH,Within tolerance
Fixed PID,25.0,9,data/pengujian_final/log_160_trial/fixed_pid/SP25/Fixed PID_SP25_trial09.txt,MaxOvershoot_pct,0.0,1.48,1.48,0.01,MISMATCH,Outside tolerance
Fixed PID,25.0,9,data/pengujian_final/log_160_trial/fixed_pid/SP25/Fixed PID_SP25_trial09.txt,Duration_s,49.455,49.46,0.005000000000002558,0.01,MATCH,Within tolerance
Fixed PID,25.0,9,data/pengujian_final/log_160_trial/fixed_pid/SP25/Fixed PID_SP25_trial09.txt,RiseTime_10_90_s,,45.45,,0.01,MISMATCH,One is NaN
Fixed PID,25.0,9,data/pengujian_final/log_160_trial/fixed_pid/SP25/Fixed PID_SP25_trial09.txt,SettlingTime_s,,47.992,,0.01,MISMATCH,One is NaN
Fixed PID,25.0,9,data/pengujian_final/log_160_trial/fixed_pid/SP25/Fixed PID_SP25_trial09.txt,BridgingCount,8,8,,EXACT,MATCH,Exact match
Fixed PID,25.0,9,data/pengujian_final/log_160_trial/fixed_pid/SP25/Fixed PID_SP25_trial09.txt,WithinTolerance,True,1,,EXACT,MATCH,Exact match
Fixed PID,25.0,9,data/pengujian_final/log_160_trial/fixed_pid/SP25/Fixed PID_SP25_trial09.txt,StopReason,TARGET,TARGET,,EXACT,MATCH,Exact match
Fixed PID,25.0,10,data/pengujian_final/log_160_trial/fixed_pid/SP25/Fixed PID_SP25_trial10.txt,FinalMass_g,25.03,25.03,0.0,0.01,MATCH,Within tolerance
Fixed PID,25.0,10,data/pengujian_final/log_160_trial/fixed_pid/SP25/Fixed PID_SP25_trial10.txt,FinalError_g,0.030000000000001137,0.03,1.1379786002407855e-15,0.01,MATCH,Within tolerance
Fixed PID,25.0,10,data/pengujian_final/log_160_trial/fixed_pid/SP25/Fixed PID_SP25_trial10.txt,AbsError_pct,0.12000000000000455,0.11,0.010000000000004547,0.01,MISMATCH,Outside tolerance
Fixed PID,25.0,10,data/pengujian_final/log_160_trial/fixed_pid/SP25/Fixed PID_SP25_trial10.txt,MaxOvershoot_pct,0.0,0.11,0.11,0.01,MISMATCH,Outside tolerance
Fixed PID,25.0,10,data/pengujian_final/log_160_trial/fixed_pid/SP25/Fixed PID_SP25_trial10.txt,Duration_s,45.326,45.33,0.003999999999997783,0.01,MATCH,Within tolerance
Fixed PID,25.0,10,data/pengujian_final/log_160_trial/fixed_pid/SP25/Fixed PID_SP25_trial10.txt,RiseTime_10_90_s,33.057,33.057,0.0,0.01,MATCH,Within tolerance
Fixed PID,25.0,10,data/pengujian_final/log_160_trial/fixed_pid/SP25/Fixed PID_SP25_trial10.txt,SettlingTime_s,41.797,41.797,0.0,0.01,MATCH,Within tolerance
Fixed PID,25.0,10,data/pengujian_final/log_160_trial/fixed_pid/SP25/Fixed PID_SP25_trial10.txt,BridgingCount,4,4,,EXACT,MATCH,Exact match
Fixed PID,25.0,10,data/pengujian_final/log_160_trial/fixed_pid/SP25/Fixed PID_SP25_trial10.txt,WithinTolerance,True,1,,EXACT,MATCH,Exact match
Fixed PID,25.0,10,data/pengujian_final/log_160_trial/fixed_pid/SP25/Fixed PID_SP25_trial10.txt,StopReason,TARGET,TARGET,,EXACT,MATCH,Exact match
Fixed PID,30.0,1,data/pengujian_final/log_160_trial/fixed_pid/SP30/Fixed_PID_SP30_trial01.txt,FinalMass_g,29.78,29.78,0.0,0.01,MATCH,Within tolerance
Fixed PID,30.0,1,data/pengujian_final/log_160_trial/fixed_pid/SP30/Fixed_PID_SP30_trial01.txt,FinalError_g,-0.21999999999999886,-0.22,1.1379786002407855e-15,0.01,MATCH,Within tolerance
Fixed PID,30.0,1,data/pengujian_final/log_160_trial/fixed_pid/SP30/Fixed_PID_SP30_trial01.txt,AbsError_pct,0.7333333333333295,0.72,0.013333333333329533,0.01,MISMATCH,Outside tolerance
Fixed PID,30.0,1,data/pengujian_final/log_160_trial/fixed_pid/SP30/Fixed_PID_SP30_trial01.txt,MaxOvershoot_pct,0.0,0.0,0.0,0.01,MATCH,Within tolerance
Fixed PID,30.0,1,data/pengujian_final/log_160_trial/fixed_pid/SP30/Fixed_PID_SP30_trial01.txt,Duration_s,80.692,80.69,0.001999999999995339,0.01,MATCH,Within tolerance
Fixed PID,30.0,1,data/pengujian_final/log_160_trial/fixed_pid/SP30/Fixed_PID_SP30_trial01.txt,RiseTime_10_90_s,13.685,13.685,0.0,0.01,MATCH,Within tolerance
Fixed PID,30.0,1,data/pengujian_final/log_160_trial/fixed_pid/SP30/Fixed_PID_SP30_trial01.txt,SettlingTime_s,76.649,76.649,0.0,0.01,MATCH,Within tolerance
Fixed PID,30.0,1,data/pengujian_final/log_160_trial/fixed_pid/SP30/Fixed_PID_SP30_trial01.txt,BridgingCount,1,1,,EXACT,MATCH,Exact match
Fixed PID,30.0,1,data/pengujian_final/log_160_trial/fixed_pid/SP30/Fixed_PID_SP30_trial01.txt,WithinTolerance,True,1,,EXACT,MATCH,Exact match
Fixed PID,30.0,1,data/pengujian_final/log_160_trial/fixed_pid/SP30/Fixed_PID_SP30_trial01.txt,StopReason,TARGET,TARGET,,EXACT,MATCH,Exact match
Fixed PID,30.0,2,data/pengujian_final/log_160_trial/fixed_pid/SP30/Fixed_PID_SP30_trial02.txt,FinalMass_g,29.96,29.96,0.0,0.01,MATCH,Within tolerance
Fixed PID,30.0,2,data/pengujian_final/log_160_trial/fixed_pid/SP30/Fixed_PID_SP30_trial02.txt,FinalError_g,-0.03999999999999915,-0.04,8.534839501805891e-16,0.01,MATCH,Within tolerance
Fixed PID,30.0,2,data/pengujian_final/log_160_trial/fixed_pid/SP30/Fixed_PID_SP30_trial02.txt,AbsError_pct,0.1333333333333305,0.12,0.013333333333330505,0.01,MISMATCH,Outside tolerance
Fixed PID,30.0,2,data/pengujian_final/log_160_trial/fixed_pid/SP30/Fixed_PID_SP30_trial02.txt,MaxOvershoot_pct,0.0,0.0,0.0,0.01,MATCH,Within tolerance
Fixed PID,30.0,2,data/pengujian_final/log_160_trial/fixed_pid/SP30/Fixed_PID_SP30_trial02.txt,Duration_s,39.113,39.11,0.0030000000000001137,0.01,MATCH,Within tolerance
Fixed PID,30.0,2,data/pengujian_final/log_160_trial/fixed_pid/SP30/Fixed_PID_SP30_trial02.txt,RiseTime_10_90_s,30.721,30.721,0.0,0.01,MATCH,Within tolerance
Fixed PID,30.0,2,data/pengujian_final/log_160_trial/fixed_pid/SP30/Fixed_PID_SP30_trial02.txt,SettlingTime_s,35.844,35.844,0.0,0.01,MATCH,Within tolerance
Fixed PID,30.0,2,data/pengujian_final/log_160_trial/fixed_pid/SP30/Fixed_PID_SP30_trial02.txt,BridgingCount,4,4,,EXACT,MATCH,Exact match
Fixed PID,30.0,2,data/pengujian_final/log_160_trial/fixed_pid/SP30/Fixed_PID_SP30_trial02.txt,WithinTolerance,True,1,,EXACT,MATCH,Exact match
Fixed PID,30.0,2,data/pengujian_final/log_160_trial/fixed_pid/SP30/Fixed_PID_SP30_trial02.txt,StopReason,TARGET,TARGET,,EXACT,MATCH,Exact match
Fixed PID,30.0,3,data/pengujian_final/log_160_trial/fixed_pid/SP30/Fixed_PID_SP30_trial03.txt,FinalMass_g,29.63,29.63,0.0,0.01,MATCH,Within tolerance
Fixed PID,30.0,3,data/pengujian_final/log_160_trial/fixed_pid/SP30/Fixed_PID_SP30_trial03.txt,FinalError_g,-0.370000000000001,-0.37,9.992007221626409e-16,0.01,MATCH,Within tolerance
Fixed PID,30.0,3,data/pengujian_final/log_160_trial/fixed_pid/SP30/Fixed_PID_SP30_trial03.txt,AbsError_pct,1.2333333333333367,1.23,0.003333333333336741,0.01,MATCH,Within tolerance
Fixed PID,30.0,3,data/pengujian_final/log_160_trial/fixed_pid/SP30/Fixed_PID_SP30_trial03.txt,MaxOvershoot_pct,0.0,0.0,0.0,0.01,MATCH,Within tolerance
Fixed PID,30.0,3,data/pengujian_final/log_160_trial/fixed_pid/SP30/Fixed_PID_SP30_trial03.txt,Duration_s,24.92,24.92,0.0,0.01,MATCH,Within tolerance
Fixed PID,30.0,3,data/pengujian_final/log_160_trial/fixed_pid/SP30/Fixed_PID_SP30_trial03.txt,RiseTime_10_90_s,22.206,22.206,0.0,0.01,MATCH,Within tolerance
Fixed PID,30.0,3,data/pengujian_final/log_160_trial/fixed_pid/SP30/Fixed_PID_SP30_trial03.txt,SettlingTime_s,23.199,23.199,0.0,0.01,MATCH,Within tolerance
Fixed PID,30.0,3,data/pengujian_final/log_160_trial/fixed_pid/SP30/Fixed_PID_SP30_trial03.txt,BridgingCount,2,2,,EXACT,MATCH,Exact match
Fixed PID,30.0,3,data/pengujian_final/log_160_trial/fixed_pid/SP30/Fixed_PID_SP30_trial03.txt,WithinTolerance,True,1,,EXACT,MATCH,Exact match
Fixed PID,30.0,3,data/pengujian_final/log_160_trial/fixed_pid/SP30/Fixed_PID_SP30_trial03.txt,StopReason,TARGET,TARGET,,EXACT,MATCH,Exact match
Fixed PID,30.0,4,data/pengujian_final/log_160_trial/fixed_pid/SP30/Fixed_PID_SP30_trial04.txt,FinalMass_g,30.14,30.14,0.0,0.01,MATCH,Within tolerance
Fixed PID,30.0,4,data/pengujian_final/log_160_trial/fixed_pid/SP30/Fixed_PID_SP30_trial04.txt,FinalError_g,0.14000000000000057,0.14,5.551115123125783e-16,0.01,MATCH,Within tolerance
Fixed PID,30.0,4,data/pengujian_final/log_160_trial/fixed_pid/SP30/Fixed_PID_SP30_trial04.txt,AbsError_pct,0.4666666666666685,0.46,0.006666666666668486,0.01,MATCH,Within tolerance
Fixed PID,30.0,4,data/pengujian_final/log_160_trial/fixed_pid/SP30/Fixed_PID_SP30_trial04.txt,MaxOvershoot_pct,0.0,0.46,0.46,0.01,MISMATCH,Outside tolerance
Fixed PID,30.0,4,data/pengujian_final/log_160_trial/fixed_pid/SP30/Fixed_PID_SP30_trial04.txt,Duration_s,33.183,33.18,0.0030000000000001137,0.01,MATCH,Within tolerance
Fixed PID,30.0,4,data/pengujian_final/log_160_trial/fixed_pid/SP30/Fixed_PID_SP30_trial04.txt,RiseTime_10_90_s,18.591,18.591,0.0,0.01,MATCH,Within tolerance
Fixed PID,30.0,4,data/pengujian_final/log_160_trial/fixed_pid/SP30/Fixed_PID_SP30_trial04.txt,SettlingTime_s,29.655,29.655,0.0,0.01,MATCH,Within tolerance
Fixed PID,30.0,4,data/pengujian_final/log_160_trial/fixed_pid/SP30/Fixed_PID_SP30_trial04.txt,BridgingCount,1,1,,EXACT,MATCH,Exact match
Fixed PID,30.0,4,data/pengujian_final/log_160_trial/fixed_pid/SP30/Fixed_PID_SP30_trial04.txt,WithinTolerance,True,1,,EXACT,MATCH,Exact match
Fixed PID,30.0,4,data/pengujian_final/log_160_trial/fixed_pid/SP30/Fixed_PID_SP30_trial04.txt,StopReason,TARGET,TARGET,,EXACT,MATCH,Exact match
Fixed PID,30.0,5,data/pengujian_final/log_160_trial/fixed_pid/SP30/Fixed_PID_SP30_trial05.txt,FinalMass_g,30.06,30.06,0.0,0.01,MATCH,Within tolerance
Fixed PID,30.0,5,data/pengujian_final/log_160_trial/fixed_pid/SP30/Fixed_PID_SP30_trial05.txt,FinalError_g,0.05999999999999872,0.06,1.27675647831893e-15,0.01,MATCH,Within tolerance
Fixed PID,30.0,5,data/pengujian_final/log_160_trial/fixed_pid/SP30/Fixed_PID_SP30_trial05.txt,AbsError_pct,0.19999999999999576,0.21,0.010000000000004228,0.01,MISMATCH,Outside tolerance
Fixed PID,30.0,5,data/pengujian_final/log_160_trial/fixed_pid/SP30/Fixed_PID_SP30_trial05.txt,MaxOvershoot_pct,0.0,0.21,0.21,0.01,MISMATCH,Outside tolerance
Fixed PID,30.0,5,data/pengujian_final/log_160_trial/fixed_pid/SP30/Fixed_PID_SP30_trial05.txt,Duration_s,20.53,20.53,0.0,0.01,MATCH,Within tolerance
Fixed PID,30.0,5,data/pengujian_final/log_160_trial/fixed_pid/SP30/Fixed_PID_SP30_trial05.txt,RiseTime_10_90_s,16.268,16.268,0.0,0.01,MATCH,Within tolerance
Fixed PID,30.0,5,data/pengujian_final/log_160_trial/fixed_pid/SP30/Fixed_PID_SP30_trial05.txt,SettlingTime_s,17.26,17.26,0.0,0.01,MATCH,Within tolerance
Fixed PID,30.0,5,data/pengujian_final/log_160_trial/fixed_pid/SP30/Fixed_PID_SP30_trial05.txt,BridgingCount,1,1,,EXACT,MATCH,Exact match
Fixed PID,30.0,5,data/pengujian_final/log_160_trial/fixed_pid/SP30/Fixed_PID_SP30_trial05.txt,WithinTolerance,True,1,,EXACT,MATCH,Exact match
Fixed PID,30.0,5,data/pengujian_final/log_160_trial/fixed_pid/SP30/Fixed_PID_SP30_trial05.txt,StopReason,TARGET,TARGET,,EXACT,MATCH,Exact match
Fixed PID,30.0,6,data/pengujian_final/log_160_trial/fixed_pid/SP30/Fixed_PID_SP30_trial06.txt,FinalMass_g,30.21,30.21,0.0,0.01,MATCH,Within tolerance
Fixed PID,30.0,6,data/pengujian_final/log_160_trial/fixed_pid/SP30/Fixed_PID_SP30_trial06.txt,FinalError_g,0.21000000000000085,0.21,8.604228440844963e-16,0.01,MATCH,Within tolerance
Fixed PID,30.0,6,data/pengujian_final/log_160_trial/fixed_pid/SP30/Fixed_PID_SP30_trial06.txt,AbsError_pct,0.7000000000000028,0.7,2.886579864025407e-15,0.01,MATCH,Within tolerance
Fixed PID,30.0,6,data/pengujian_final/log_160_trial/fixed_pid/SP30/Fixed_PID_SP30_trial06.txt,MaxOvershoot_pct,0.0,0.7,0.7,0.01,MISMATCH,Outside tolerance
Fixed PID,30.0,6,data/pengujian_final/log_160_trial/fixed_pid/SP30/Fixed_PID_SP30_trial06.txt,Duration_s,24.661,24.66,0.0010000000000012221,0.01,MATCH,Within tolerance
Fixed PID,30.0,6,data/pengujian_final/log_160_trial/fixed_pid/SP30/Fixed_PID_SP30_trial06.txt,RiseTime_10_90_s,17.559,17.559,0.0,0.01,MATCH,Within tolerance
Fixed PID,30.0,6,data/pengujian_final/log_160_trial/fixed_pid/SP30/Fixed_PID_SP30_trial06.txt,SettlingTime_s,20.359,20.359,0.0,0.01,MATCH,Within tolerance
Fixed PID,30.0,6,data/pengujian_final/log_160_trial/fixed_pid/SP30/Fixed_PID_SP30_trial06.txt,BridgingCount,1,1,,EXACT,MATCH,Exact match
Fixed PID,30.0,6,data/pengujian_final/log_160_trial/fixed_pid/SP30/Fixed_PID_SP30_trial06.txt,WithinTolerance,True,1,,EXACT,MATCH,Exact match
Fixed PID,30.0,6,data/pengujian_final/log_160_trial/fixed_pid/SP30/Fixed_PID_SP30_trial06.txt,StopReason,TARGET,TARGET,,EXACT,MATCH,Exact match
Fixed PID,30.0,7,data/pengujian_final/log_160_trial/fixed_pid/SP30/Fixed_PID_SP30_trial07.txt,FinalMass_g,29.04,29.04,0.0,0.01,MATCH,Within tolerance
Fixed PID,30.0,7,data/pengujian_final/log_160_trial/fixed_pid/SP30/Fixed_PID_SP30_trial07.txt,FinalError_g,-0.9600000000000009,-0.96,8.881784197001252e-16,0.01,MATCH,Within tolerance
Fixed PID,30.0,7,data/pengujian_final/log_160_trial/fixed_pid/SP30/Fixed_PID_SP30_trial07.txt,AbsError_pct,3.200000000000003,3.19,0.010000000000002895,0.01,MISMATCH,Outside tolerance
Fixed PID,30.0,7,data/pengujian_final/log_160_trial/fixed_pid/SP30/Fixed_PID_SP30_trial07.txt,MaxOvershoot_pct,0.0,0.0,0.0,0.01,MATCH,Within tolerance
Fixed PID,30.0,7,data/pengujian_final/log_160_trial/fixed_pid/SP30/Fixed_PID_SP30_trial07.txt,Duration_s,24.918,24.92,0.0020000000000024443,0.01,MATCH,Within tolerance
Fixed PID,30.0,7,data/pengujian_final/log_160_trial/fixed_pid/SP30/Fixed_PID_SP30_trial07.txt,RiseTime_10_90_s,19.107,19.107,0.0,0.01,MATCH,Within tolerance
Fixed PID,30.0,7,data/pengujian_final/log_160_trial/fixed_pid/SP30/Fixed_PID_SP30_trial07.txt,SettlingTime_s,19.841,19.841,0.0,0.01,MATCH,Within tolerance
Fixed PID,30.0,7,data/pengujian_final/log_160_trial/fixed_pid/SP30/Fixed_PID_SP30_trial07.txt,BridgingCount,1,1,,EXACT,MATCH,Exact match
Fixed PID,30.0,7,data/pengujian_final/log_160_trial/fixed_pid/SP30/Fixed_PID_SP30_trial07.txt,WithinTolerance,True,1,,EXACT,MATCH,Exact match
Fixed PID,30.0,7,data/pengujian_final/log_160_trial/fixed_pid/SP30/Fixed_PID_SP30_trial07.txt,StopReason,TARGET,TARGET,,EXACT,MATCH,Exact match
Fixed PID,30.0,8,data/pengujian_final/log_160_trial/fixed_pid/SP30/Fixed_PID_SP30_trial08.txt,FinalMass_g,30.71,30.71,0.0,0.01,MATCH,Within tolerance
Fixed PID,30.0,8,data/pengujian_final/log_160_trial/fixed_pid/SP30/Fixed_PID_SP30_trial08.txt,FinalError_g,0.7100000000000009,0.71,8.881784197001252e-16,0.01,MATCH,Within tolerance
Fixed PID,30.0,8,data/pengujian_final/log_160_trial/fixed_pid/SP30/Fixed_PID_SP30_trial08.txt,AbsError_pct,2.3666666666666694,2.35,0.016666666666669272,0.01,MISMATCH,Outside tolerance
Fixed PID,30.0,8,data/pengujian_final/log_160_trial/fixed_pid/SP30/Fixed_PID_SP30_trial08.txt,MaxOvershoot_pct,0.0,2.4,2.4,0.01,MISMATCH,Outside tolerance
Fixed PID,30.0,8,data/pengujian_final/log_160_trial/fixed_pid/SP30/Fixed_PID_SP30_trial08.txt,Duration_s,33.18,33.18,0.0,0.01,MATCH,Within tolerance
Fixed PID,30.0,8,data/pengujian_final/log_160_trial/fixed_pid/SP30/Fixed_PID_SP30_trial08.txt,RiseTime_10_90_s,26.852,26.852,0.0,0.01,MATCH,Within tolerance
Fixed PID,30.0,8,data/pengujian_final/log_160_trial/fixed_pid/SP30/Fixed_PID_SP30_trial08.txt,SettlingTime_s,31.46,31.46,0.0,0.01,MATCH,Within tolerance
Fixed PID,30.0,8,data/pengujian_final/log_160_trial/fixed_pid/SP30/Fixed_PID_SP30_trial08.txt,BridgingCount,1,1,,EXACT,MATCH,Exact match
Fixed PID,30.0,8,data/pengujian_final/log_160_trial/fixed_pid/SP30/Fixed_PID_SP30_trial08.txt,WithinTolerance,True,1,,EXACT,MATCH,Exact match
Fixed PID,30.0,8,data/pengujian_final/log_160_trial/fixed_pid/SP30/Fixed_PID_SP30_trial08.txt,StopReason,TARGET,TARGET,,EXACT,MATCH,Exact match
Fixed PID,30.0,9,data/pengujian_final/log_160_trial/fixed_pid/SP30/Fixed_PID_SP30_trial09.txt,FinalMass_g,30.47,30.47,0.0,0.01,MATCH,Within tolerance
Fixed PID,30.0,9,data/pengujian_final/log_160_trial/fixed_pid/SP30/Fixed_PID_SP30_trial09.txt,FinalError_g,0.46999999999999886,0.47,1.1102230246251565e-15,0.01,MATCH,Within tolerance
Fixed PID,30.0,9,data/pengujian_final/log_160_trial/fixed_pid/SP30/Fixed_PID_SP30_trial09.txt,AbsError_pct,1.5666666666666627,1.56,0.006666666666662602,0.01,MATCH,Within tolerance
Fixed PID,30.0,9,data/pengujian_final/log_160_trial/fixed_pid/SP30/Fixed_PID_SP30_trial09.txt,MaxOvershoot_pct,0.0,1.56,1.56,0.01,MISMATCH,Outside tolerance
Fixed PID,30.0,9,data/pengujian_final/log_160_trial/fixed_pid/SP30/Fixed_PID_SP30_trial09.txt,Duration_s,41.447,41.45,0.0030000000000001137,0.01,MATCH,Within tolerance
Fixed PID,30.0,9,data/pengujian_final/log_160_trial/fixed_pid/SP30/Fixed_PID_SP30_trial09.txt,RiseTime_10_90_s,25.306,25.306,0.0,0.01,MATCH,Within tolerance
Fixed PID,30.0,9,data/pengujian_final/log_160_trial/fixed_pid/SP30/Fixed_PID_SP30_trial09.txt,SettlingTime_s,26.298,26.298,0.0,0.01,MATCH,Within tolerance
Fixed PID,30.0,9,data/pengujian_final/log_160_trial/fixed_pid/SP30/Fixed_PID_SP30_trial09.txt,BridgingCount,1,1,,EXACT,MATCH,Exact match
Fixed PID,30.0,9,data/pengujian_final/log_160_trial/fixed_pid/SP30/Fixed_PID_SP30_trial09.txt,WithinTolerance,True,1,,EXACT,MATCH,Exact match
Fixed PID,30.0,9,data/pengujian_final/log_160_trial/fixed_pid/SP30/Fixed_PID_SP30_trial09.txt,StopReason,TARGET,TARGET,,EXACT,MATCH,Exact match
Fixed PID,30.0,10,data/pengujian_final/log_160_trial/fixed_pid/SP30/Fixed_PID_SP30_trial10.txt,FinalMass_g,30.48,30.48,0.0,0.01,MATCH,Within tolerance
Fixed PID,30.0,10,data/pengujian_final/log_160_trial/fixed_pid/SP30/Fixed_PID_SP30_trial10.txt,FinalError_g,0.4800000000000004,0.48,4.440892098500626e-16,0.01,MATCH,Within tolerance
Fixed PID,30.0,10,data/pengujian_final/log_160_trial/fixed_pid/SP30/Fixed_PID_SP30_trial10.txt,AbsError_pct,1.6000000000000014,1.59,0.010000000000001341,0.01,MISMATCH,Outside tolerance
Fixed PID,30.0,10,data/pengujian_final/log_160_trial/fixed_pid/SP30/Fixed_PID_SP30_trial10.txt,MaxOvershoot_pct,0.0,1.59,1.59,0.01,MISMATCH,Outside tolerance
Fixed PID,30.0,10,data/pengujian_final/log_160_trial/fixed_pid/SP30/Fixed_PID_SP30_trial10.txt,Duration_s,22.596,22.6,0.004000000000001336,0.01,MATCH,Within tolerance
Fixed PID,30.0,10,data/pengujian_final/log_160_trial/fixed_pid/SP30/Fixed_PID_SP30_trial10.txt,RiseTime_10_90_s,14.718,14.718,0.0,0.01,MATCH,Within tolerance
Fixed PID,30.0,10,data/pengujian_final/log_160_trial/fixed_pid/SP30/Fixed_PID_SP30_trial10.txt,SettlingTime_s,19.068,19.068,0.0,0.01,MATCH,Within tolerance
Fixed PID,30.0,10,data/pengujian_final/log_160_trial/fixed_pid/SP30/Fixed_PID_SP30_trial10.txt,BridgingCount,0,0,,EXACT,MATCH,Exact match
Fixed PID,30.0,10,data/pengujian_final/log_160_trial/fixed_pid/SP30/Fixed_PID_SP30_trial10.txt,WithinTolerance,True,1,,EXACT,MATCH,Exact match
Fixed PID,30.0,10,data/pengujian_final/log_160_trial/fixed_pid/SP30/Fixed_PID_SP30_trial10.txt,StopReason,TARGET,TARGET,,EXACT,MATCH,Exact match
GS PID,15.0,1,data/pengujian_final/log_160_trial/gs_pid/SP15/GSPID_SSP15_trial01.txt,FinalMass_g,14.63,14.63,0.0,0.01,MATCH,Within tolerance
GS PID,15.0,1,data/pengujian_final/log_160_trial/gs_pid/SP15/GSPID_SSP15_trial01.txt,FinalError_g,-0.3699999999999992,-0.37,7.771561172376096e-16,0.01,MATCH,Within tolerance
GS PID,15.0,1,data/pengujian_final/log_160_trial/gs_pid/SP15/GSPID_SSP15_trial01.txt,AbsError_pct,2.4666666666666615,2.45,0.01666666666666128,0.01,MISMATCH,Outside tolerance
GS PID,15.0,1,data/pengujian_final/log_160_trial/gs_pid/SP15/GSPID_SSP15_trial01.txt,MaxOvershoot_pct,0.0,0.0,0.0,0.01,MATCH,Within tolerance
GS PID,15.0,1,data/pengujian_final/log_160_trial/gs_pid/SP15/GSPID_SSP15_trial01.txt,Duration_s,12.008,12.01,0.002000000000000668,0.01,MATCH,Within tolerance
GS PID,15.0,1,data/pengujian_final/log_160_trial/gs_pid/SP15/GSPID_SSP15_trial01.txt,RiseTime_10_90_s,,9.812,,0.01,MISMATCH,One is NaN
GS PID,15.0,1,data/pengujian_final/log_160_trial/gs_pid/SP15/GSPID_SSP15_trial01.txt,SettlingTime_s,,10.546,,0.01,MISMATCH,One is NaN
GS PID,15.0,1,data/pengujian_final/log_160_trial/gs_pid/SP15/GSPID_SSP15_trial01.txt,BridgingCount,1,1,,EXACT,MATCH,Exact match
GS PID,15.0,1,data/pengujian_final/log_160_trial/gs_pid/SP15/GSPID_SSP15_trial01.txt,WithinTolerance,True,1,,EXACT,MATCH,Exact match
GS PID,15.0,1,data/pengujian_final/log_160_trial/gs_pid/SP15/GSPID_SSP15_trial01.txt,StopReason,TARGET,TARGET,,EXACT,MATCH,Exact match
GS PID,15.0,2,data/pengujian_final/log_160_trial/gs_pid/SP15/GSPID_SSP15_trial02.txt,FinalMass_g,14.76,14.76,0.0,0.01,MATCH,Within tolerance
GS PID,15.0,2,data/pengujian_final/log_160_trial/gs_pid/SP15/GSPID_SSP15_trial02.txt,FinalError_g,-0.2400000000000002,-0.24,2.220446049250313e-16,0.01,MATCH,Within tolerance
GS PID,15.0,2,data/pengujian_final/log_160_trial/gs_pid/SP15/GSPID_SSP15_trial02.txt,AbsError_pct,1.6000000000000014,1.6,1.3322676295501878e-15,0.01,MATCH,Within tolerance
GS PID,15.0,2,data/pengujian_final/log_160_trial/gs_pid/SP15/GSPID_SSP15_trial02.txt,MaxOvershoot_pct,0.0,0.0,0.0,0.01,MATCH,Within tolerance
GS PID,15.0,2,data/pengujian_final/log_160_trial/gs_pid/SP15/GSPID_SSP15_trial02.txt,Duration_s,16.654,16.65,0.004000000000001336,0.01,MATCH,Within tolerance
GS PID,15.0,2,data/pengujian_final/log_160_trial/gs_pid/SP15/GSPID_SSP15_trial02.txt,RiseTime_10_90_s,14.2,14.2,0.0,0.01,MATCH,Within tolerance
GS PID,15.0,2,data/pengujian_final/log_160_trial/gs_pid/SP15/GSPID_SSP15_trial02.txt,SettlingTime_s,,15.192,,0.01,MISMATCH,One is NaN
GS PID,15.0,2,data/pengujian_final/log_160_trial/gs_pid/SP15/GSPID_SSP15_trial02.txt,BridgingCount,0,0,,EXACT,MATCH,Exact match
GS PID,15.0,2,data/pengujian_final/log_160_trial/gs_pid/SP15/GSPID_SSP15_trial02.txt,WithinTolerance,True,1,,EXACT,MATCH,Exact match
GS PID,15.0,2,data/pengujian_final/log_160_trial/gs_pid/SP15/GSPID_SSP15_trial02.txt,StopReason,TARGET,TARGET,,EXACT,MATCH,Exact match
GS PID,15.0,3,data/pengujian_final/log_160_trial/gs_pid/SP15/GSPID_SSP15_trial03.txt,FinalMass_g,15.16,15.16,0.0,0.01,MATCH,Within tolerance
GS PID,15.0,3,data/pengujian_final/log_160_trial/gs_pid/SP15/GSPID_SSP15_trial03.txt,FinalError_g,0.16000000000000014,0.16,1.3877787807814457e-16,0.01,MATCH,Within tolerance
GS PID,15.0,3,data/pengujian_final/log_160_trial/gs_pid/SP15/GSPID_SSP15_trial03.txt,AbsError_pct,1.0666666666666678,1.07,0.0033333333333323,0.01,MATCH,Within tolerance
GS PID,15.0,3,data/pengujian_final/log_160_trial/gs_pid/SP15/GSPID_SSP15_trial03.txt,MaxOvershoot_pct,0.0,1.25,1.25,0.01,MISMATCH,Outside tolerance
GS PID,15.0,3,data/pengujian_final/log_160_trial/gs_pid/SP15/GSPID_SSP15_trial03.txt,Duration_s,13.556,13.56,0.004000000000001336,0.01,MATCH,Within tolerance
GS PID,15.0,3,data/pengujian_final/log_160_trial/gs_pid/SP15/GSPID_SSP15_trial03.txt,RiseTime_10_90_s,10.069,10.069,0.0,0.01,MATCH,Within tolerance
GS PID,15.0,3,data/pengujian_final/log_160_trial/gs_pid/SP15/GSPID_SSP15_trial03.txt,SettlingTime_s,10.803,10.803,0.0,0.01,MATCH,Within tolerance
GS PID,15.0,3,data/pengujian_final/log_160_trial/gs_pid/SP15/GSPID_SSP15_trial03.txt,BridgingCount,1,1,,EXACT,MATCH,Exact match
GS PID,15.0,3,data/pengujian_final/log_160_trial/gs_pid/SP15/GSPID_SSP15_trial03.txt,WithinTolerance,True,1,,EXACT,MATCH,Exact match
GS PID,15.0,3,data/pengujian_final/log_160_trial/gs_pid/SP15/GSPID_SSP15_trial03.txt,StopReason,TARGET,TARGET,,EXACT,MATCH,Exact match
GS PID,15.0,4,data/pengujian_final/log_160_trial/gs_pid/SP15/GSPID_SSP15_trial04.txt,FinalMass_g,14.93,14.93,0.0,0.01,MATCH,Within tolerance
GS PID,15.0,4,data/pengujian_final/log_160_trial/gs_pid/SP15/GSPID_SSP15_trial04.txt,FinalError_g,-0.07000000000000028,-0.07,2.7755575615628914e-16,0.01,MATCH,Within tolerance
GS PID,15.0,4,data/pengujian_final/log_160_trial/gs_pid/SP15/GSPID_SSP15_trial04.txt,AbsError_pct,0.4666666666666685,0.5,0.033333333333331494,0.01,MISMATCH,Outside tolerance
GS PID,15.0,4,data/pengujian_final/log_160_trial/gs_pid/SP15/GSPID_SSP15_trial04.txt,MaxOvershoot_pct,0.0,0.0,0.0,0.01,MATCH,Within tolerance
GS PID,15.0,4,data/pengujian_final/log_160_trial/gs_pid/SP15/GSPID_SSP15_trial04.txt,Duration_s,12.524,12.52,0.0039999999999995595,0.01,MATCH,Within tolerance
GS PID,15.0,4,data/pengujian_final/log_160_trial/gs_pid/SP15/GSPID_SSP15_trial04.txt,RiseTime_10_90_s,8.263,8.263,0.0,0.01,MATCH,Within tolerance
GS PID,15.0,4,data/pengujian_final/log_160_trial/gs_pid/SP15/GSPID_SSP15_trial04.txt,SettlingTime_s,,11.062,,0.01,MISMATCH,One is NaN
GS PID,15.0,4,data/pengujian_final/log_160_trial/gs_pid/SP15/GSPID_SSP15_trial04.txt,BridgingCount,0,0,,EXACT,MATCH,Exact match
GS PID,15.0,4,data/pengujian_final/log_160_trial/gs_pid/SP15/GSPID_SSP15_trial04.txt,WithinTolerance,True,1,,EXACT,MATCH,Exact match
GS PID,15.0,4,data/pengujian_final/log_160_trial/gs_pid/SP15/GSPID_SSP15_trial04.txt,StopReason,TARGET,TARGET,,EXACT,MATCH,Exact match
GS PID,15.0,5,data/pengujian_final/log_160_trial/gs_pid/SP15/GSPID_SSP15_trial05.txt,FinalMass_g,16.03,16.03,0.0,0.01,MATCH,Within tolerance
GS PID,15.0,5,data/pengujian_final/log_160_trial/gs_pid/SP15/GSPID_SSP15_trial05.txt,FinalError_g,1.0300000000000011,1.03,1.1102230246251565e-15,0.01,MATCH,Within tolerance
GS PID,15.0,5,data/pengujian_final/log_160_trial/gs_pid/SP15/GSPID_SSP15_trial05.txt,AbsError_pct,6.866666666666673,6.88,0.013333333333326536,0.01,MISMATCH,Outside tolerance
GS PID,15.0,5,data/pengujian_final/log_160_trial/gs_pid/SP15/GSPID_SSP15_trial05.txt,MaxOvershoot_pct,0.0,7.43,7.43,0.01,MISMATCH,Outside tolerance
GS PID,15.0,5,data/pengujian_final/log_160_trial/gs_pid/SP15/GSPID_SSP15_trial05.txt,Duration_s,12.524,12.52,0.0039999999999995595,0.01,MATCH,Within tolerance
GS PID,15.0,5,data/pengujian_final/log_160_trial/gs_pid/SP15/GSPID_SSP15_trial05.txt,RiseTime_10_90_s,10.069,10.069,0.0,0.01,MATCH,Within tolerance
GS PID,15.0,5,data/pengujian_final/log_160_trial/gs_pid/SP15/GSPID_SSP15_trial05.txt,SettlingTime_s,,,0.0,0.01,MATCH,Both NaN
GS PID,15.0,5,data/pengujian_final/log_160_trial/gs_pid/SP15/GSPID_SSP15_trial05.txt,BridgingCount,1,1,,EXACT,MATCH,Exact match
GS PID,15.0,5,data/pengujian_final/log_160_trial/gs_pid/SP15/GSPID_SSP15_trial05.txt,WithinTolerance,False,0,,EXACT,MATCH,Exact match
GS PID,15.0,5,data/pengujian_final/log_160_trial/gs_pid/SP15/GSPID_SSP15_trial05.txt,StopReason,TARGET,TARGET,,EXACT,MATCH,Exact match
GS PID,15.0,6,data/pengujian_final/log_160_trial/gs_pid/SP15/GSPID_SSP15_trial06.txt,FinalMass_g,14.72,14.72,0.0,0.01,MATCH,Within tolerance
GS PID,15.0,6,data/pengujian_final/log_160_trial/gs_pid/SP15/GSPID_SSP15_trial06.txt,FinalError_g,-0.27999999999999936,-0.28,6.661338147750939e-16,0.01,MATCH,Within tolerance
GS PID,15.0,6,data/pengujian_final/log_160_trial/gs_pid/SP15/GSPID_SSP15_trial06.txt,AbsError_pct,1.8666666666666623,1.84,0.026666666666662175,0.01,MISMATCH,Outside tolerance
GS PID,15.0,6,data/pengujian_final/log_160_trial/gs_pid/SP15/GSPID_SSP15_trial06.txt,MaxOvershoot_pct,0.0,0.0,0.0,0.01,MATCH,Within tolerance
GS PID,15.0,6,data/pengujian_final/log_160_trial/gs_pid/SP15/GSPID_SSP15_trial06.txt,Duration_s,8.134,8.13,0.0039999999999995595,0.01,MATCH,Within tolerance
GS PID,15.0,6,data/pengujian_final/log_160_trial/gs_pid/SP15/GSPID_SSP15_trial06.txt,RiseTime_10_90_s,2.581,2.581,0.0,0.01,MATCH,Within tolerance
GS PID,15.0,6,data/pengujian_final/log_160_trial/gs_pid/SP15/GSPID_SSP15_trial06.txt,SettlingTime_s,,6.672,,0.01,MISMATCH,One is NaN
GS PID,15.0,6,data/pengujian_final/log_160_trial/gs_pid/SP15/GSPID_SSP15_trial06.txt,BridgingCount,0,0,,EXACT,MATCH,Exact match
GS PID,15.0,6,data/pengujian_final/log_160_trial/gs_pid/SP15/GSPID_SSP15_trial06.txt,WithinTolerance,True,1,,EXACT,MATCH,Exact match
GS PID,15.0,6,data/pengujian_final/log_160_trial/gs_pid/SP15/GSPID_SSP15_trial06.txt,StopReason,TARGET,TARGET,,EXACT,MATCH,Exact match
GS PID,15.0,7,data/pengujian_final/log_160_trial/gs_pid/SP15/GSPID_SSP15_trial07.txt,FinalMass_g,15.04,15.04,0.0,0.01,MATCH,Within tolerance
GS PID,15.0,7,data/pengujian_final/log_160_trial/gs_pid/SP15/GSPID_SSP15_trial07.txt,FinalError_g,0.03999999999999915,0.04,8.534839501805891e-16,0.01,MATCH,Within tolerance
GS PID,15.0,7,data/pengujian_final/log_160_trial/gs_pid/SP15/GSPID_SSP15_trial07.txt,AbsError_pct,0.266666666666661,0.24,0.02666666666666101,0.01,MISMATCH,Outside tolerance
GS PID,15.0,7,data/pengujian_final/log_160_trial/gs_pid/SP15/GSPID_SSP15_trial07.txt,MaxOvershoot_pct,0.0,0.24,0.24,0.01,MISMATCH,Outside tolerance
GS PID,15.0,7,data/pengujian_final/log_160_trial/gs_pid/SP15/GSPID_SSP15_trial07.txt,Duration_s,37.318,37.32,0.0020000000000024443,0.01,MATCH,Within tolerance
GS PID,15.0,7,data/pengujian_final/log_160_trial/gs_pid/SP15/GSPID_SSP15_trial07.txt,RiseTime_10_90_s,28.924,28.924,0.0,0.01,MATCH,Within tolerance
GS PID,15.0,7,data/pengujian_final/log_160_trial/gs_pid/SP15/GSPID_SSP15_trial07.txt,SettlingTime_s,33.79,33.79,0.0,0.01,MATCH,Within tolerance
GS PID,15.0,7,data/pengujian_final/log_160_trial/gs_pid/SP15/GSPID_SSP15_trial07.txt,BridgingCount,0,0,,EXACT,MATCH,Exact match
GS PID,15.0,7,data/pengujian_final/log_160_trial/gs_pid/SP15/GSPID_SSP15_trial07.txt,WithinTolerance,True,1,,EXACT,MATCH,Exact match
GS PID,15.0,7,data/pengujian_final/log_160_trial/gs_pid/SP15/GSPID_SSP15_trial07.txt,StopReason,TARGET,TARGET,,EXACT,MATCH,Exact match
GS PID,15.0,8,data/pengujian_final/log_160_trial/gs_pid/SP15/GSPID_SSP15_trial08.txt,FinalMass_g,15.35,15.35,0.0,0.01,MATCH,Within tolerance
GS PID,15.0,8,data/pengujian_final/log_160_trial/gs_pid/SP15/GSPID_SSP15_trial08.txt,FinalError_g,0.34999999999999964,0.35,3.3306690738754696e-16,0.01,MATCH,Within tolerance
GS PID,15.0,8,data/pengujian_final/log_160_trial/gs_pid/SP15/GSPID_SSP15_trial08.txt,AbsError_pct,2.333333333333331,2.36,0.02666666666666906,0.01,MISMATCH,Outside tolerance
GS PID,15.0,8,data/pengujian_final/log_160_trial/gs_pid/SP15/GSPID_SSP15_trial08.txt,MaxOvershoot_pct,0.0,2.76,2.76,0.01,MISMATCH,Outside tolerance
GS PID,15.0,8,data/pengujian_final/log_160_trial/gs_pid/SP15/GSPID_SSP15_trial08.txt,Duration_s,14.592,14.59,0.002000000000000668,0.01,MATCH,Within tolerance
GS PID,15.0,8,data/pengujian_final/log_160_trial/gs_pid/SP15/GSPID_SSP15_trial08.txt,RiseTime_10_90_s,12.395,12.395,0.0,0.01,MATCH,Within tolerance
GS PID,15.0,8,data/pengujian_final/log_160_trial/gs_pid/SP15/GSPID_SSP15_trial08.txt,SettlingTime_s,12.871,12.871,0.0,0.01,MATCH,Within tolerance
GS PID,15.0,8,data/pengujian_final/log_160_trial/gs_pid/SP15/GSPID_SSP15_trial08.txt,BridgingCount,0,0,,EXACT,MATCH,Exact match
GS PID,15.0,8,data/pengujian_final/log_160_trial/gs_pid/SP15/GSPID_SSP15_trial08.txt,WithinTolerance,True,1,,EXACT,MATCH,Exact match
GS PID,15.0,8,data/pengujian_final/log_160_trial/gs_pid/SP15/GSPID_SSP15_trial08.txt,StopReason,TARGET,TARGET,,EXACT,MATCH,Exact match
GS PID,15.0,9,data/pengujian_final/log_160_trial/gs_pid/SP15/GSPID_SSP15_trial09.txt,FinalMass_g,14.82,14.82,0.0,0.01,MATCH,Within tolerance
GS PID,15.0,9,data/pengujian_final/log_160_trial/gs_pid/SP15/GSPID_SSP15_trial09.txt,FinalError_g,-0.17999999999999972,-0.18,2.7755575615628914e-16,0.01,MATCH,Within tolerance
GS PID,15.0,9,data/pengujian_final/log_160_trial/gs_pid/SP15/GSPID_SSP15_trial09.txt,AbsError_pct,1.1999999999999982,1.17,0.02999999999999825,0.01,MISMATCH,Outside tolerance
GS PID,15.0,9,data/pengujian_final/log_160_trial/gs_pid/SP15/GSPID_SSP15_trial09.txt,MaxOvershoot_pct,0.0,0.0,0.0,0.01,MATCH,Within tolerance
GS PID,15.0,9,data/pengujian_final/log_160_trial/gs_pid/SP15/GSPID_SSP15_trial09.txt,Duration_s,10.459,10.46,0.0010000000000012221,0.01,MATCH,Within tolerance
GS PID,15.0,9,data/pengujian_final/log_160_trial/gs_pid/SP15/GSPID_SSP15_trial09.txt,RiseTime_10_90_s,,6.455,,0.01,MISMATCH,One is NaN
GS PID,15.0,9,data/pengujian_final/log_160_trial/gs_pid/SP15/GSPID_SSP15_trial09.txt,SettlingTime_s,,8.996,,0.01,MISMATCH,One is NaN
GS PID,15.0,9,data/pengujian_final/log_160_trial/gs_pid/SP15/GSPID_SSP15_trial09.txt,BridgingCount,0,0,,EXACT,MATCH,Exact match
GS PID,15.0,9,data/pengujian_final/log_160_trial/gs_pid/SP15/GSPID_SSP15_trial09.txt,WithinTolerance,True,1,,EXACT,MATCH,Exact match
GS PID,15.0,9,data/pengujian_final/log_160_trial/gs_pid/SP15/GSPID_SSP15_trial09.txt,StopReason,TARGET,TARGET,,EXACT,MATCH,Exact match
GS PID,15.0,10,data/pengujian_final/log_160_trial/gs_pid/SP15/GSPID_SSP15_trial10.txt,FinalMass_g,14.9,14.9,0.0,0.01,MATCH,Within tolerance
GS PID,15.0,10,data/pengujian_final/log_160_trial/gs_pid/SP15/GSPID_SSP15_trial10.txt,FinalError_g,-0.09999999999999964,-0.1,3.608224830031759e-16,0.01,MATCH,Within tolerance
GS PID,15.0,10,data/pengujian_final/log_160_trial/gs_pid/SP15/GSPID_SSP15_trial10.txt,AbsError_pct,0.6666666666666643,0.65,0.016666666666664276,0.01,MISMATCH,Outside tolerance
GS PID,15.0,10,data/pengujian_final/log_160_trial/gs_pid/SP15/GSPID_SSP15_trial10.txt,MaxOvershoot_pct,0.0,0.6,0.6,0.01,MISMATCH,Outside tolerance
GS PID,15.0,10,data/pengujian_final/log_160_trial/gs_pid/SP15/GSPID_SSP15_trial10.txt,Duration_s,16.657,16.66,0.0030000000000001137,0.01,MATCH,Within tolerance
GS PID,15.0,10,data/pengujian_final/log_160_trial/gs_pid/SP15/GSPID_SSP15_trial10.txt,RiseTime_10_90_s,12.653,12.653,0.0,0.01,MATCH,Within tolerance
GS PID,15.0,10,data/pengujian_final/log_160_trial/gs_pid/SP15/GSPID_SSP15_trial10.txt,SettlingTime_s,14.679,14.679,0.0,0.01,MATCH,Within tolerance
GS PID,15.0,10,data/pengujian_final/log_160_trial/gs_pid/SP15/GSPID_SSP15_trial10.txt,BridgingCount,0,0,,EXACT,MATCH,Exact match
GS PID,15.0,10,data/pengujian_final/log_160_trial/gs_pid/SP15/GSPID_SSP15_trial10.txt,WithinTolerance,True,1,,EXACT,MATCH,Exact match
GS PID,15.0,10,data/pengujian_final/log_160_trial/gs_pid/SP15/GSPID_SSP15_trial10.txt,StopReason,TARGET,TARGET,,EXACT,MATCH,Exact match
GS PID,20.0,1,data/pengujian_final/log_160_trial/gs_pid/SP20/GS_PID_SP20_trial01.txt,FinalMass_g,20.55,20.55,0.0,0.01,MATCH,Within tolerance
GS PID,20.0,1,data/pengujian_final/log_160_trial/gs_pid/SP20/GS_PID_SP20_trial01.txt,FinalError_g,0.5500000000000007,0.55,6.661338147750939e-16,0.01,MATCH,Within tolerance
GS PID,20.0,1,data/pengujian_final/log_160_trial/gs_pid/SP20/GS_PID_SP20_trial01.txt,AbsError_pct,2.7500000000000036,2.74,0.01000000000000334,0.01,MISMATCH,Outside tolerance
GS PID,20.0,1,data/pengujian_final/log_160_trial/gs_pid/SP20/GS_PID_SP20_trial01.txt,MaxOvershoot_pct,0.0,2.74,2.74,0.01,MISMATCH,Outside tolerance
GS PID,20.0,1,data/pengujian_final/log_160_trial/gs_pid/SP20/GS_PID_SP20_trial01.txt,Duration_s,20.536,20.54,0.003999999999997783,0.01,MATCH,Within tolerance
GS PID,20.0,1,data/pengujian_final/log_160_trial/gs_pid/SP20/GS_PID_SP20_trial01.txt,RiseTime_10_90_s,12.397,12.397,0.0,0.01,MATCH,Within tolerance
GS PID,20.0,1,data/pengujian_final/log_160_trial/gs_pid/SP20/GS_PID_SP20_trial01.txt,SettlingTime_s,14.94,14.94,0.0,0.01,MATCH,Within tolerance
GS PID,20.0,1,data/pengujian_final/log_160_trial/gs_pid/SP20/GS_PID_SP20_trial01.txt,BridgingCount,0,0,,EXACT,MATCH,Exact match
GS PID,20.0,1,data/pengujian_final/log_160_trial/gs_pid/SP20/GS_PID_SP20_trial01.txt,WithinTolerance,True,1,,EXACT,MATCH,Exact match
GS PID,20.0,1,data/pengujian_final/log_160_trial/gs_pid/SP20/GS_PID_SP20_trial01.txt,StopReason,TARGET,TARGET,,EXACT,MATCH,Exact match
GS PID,20.0,2,data/pengujian_final/log_160_trial/gs_pid/SP20/GS_PID_SP20_trial02.txt,FinalMass_g,20.93,20.93,0.0,0.01,MATCH,Within tolerance
GS PID,20.0,2,data/pengujian_final/log_160_trial/gs_pid/SP20/GS_PID_SP20_trial02.txt,FinalError_g,0.9299999999999997,0.93,3.3306690738754696e-16,0.01,MATCH,Within tolerance
GS PID,20.0,2,data/pengujian_final/log_160_trial/gs_pid/SP20/GS_PID_SP20_trial02.txt,AbsError_pct,4.649999999999999,4.65,1.7763568394002505e-15,0.01,MATCH,Within tolerance
GS PID,20.0,2,data/pengujian_final/log_160_trial/gs_pid/SP20/GS_PID_SP20_trial02.txt,MaxOvershoot_pct,0.0,4.65,4.65,0.01,MISMATCH,Outside tolerance
GS PID,20.0,2,data/pengujian_final/log_160_trial/gs_pid/SP20/GS_PID_SP20_trial02.txt,Duration_s,9.167,9.17,0.0030000000000001137,0.01,MATCH,Within tolerance
GS PID,20.0,2,data/pengujian_final/log_160_trial/gs_pid/SP20/GS_PID_SP20_trial02.txt,RiseTime_10_90_s,6.712,6.712,0.0,0.01,MATCH,Within tolerance
GS PID,20.0,2,data/pengujian_final/log_160_trial/gs_pid/SP20/GS_PID_SP20_trial02.txt,SettlingTime_s,,7.705,,0.01,MISMATCH,One is NaN
GS PID,20.0,2,data/pengujian_final/log_160_trial/gs_pid/SP20/GS_PID_SP20_trial02.txt,BridgingCount,1,1,,EXACT,MATCH,Exact match
GS PID,20.0,2,data/pengujian_final/log_160_trial/gs_pid/SP20/GS_PID_SP20_trial02.txt,WithinTolerance,True,1,,EXACT,MATCH,Exact match
GS PID,20.0,2,data/pengujian_final/log_160_trial/gs_pid/SP20/GS_PID_SP20_trial02.txt,StopReason,TARGET,TARGET,,EXACT,MATCH,Exact match
GS PID,20.0,3,data/pengujian_final/log_160_trial/gs_pid/SP20/GS_PID_SP20_trial03.txt,FinalMass_g,22.1,22.1,0.0,0.01,MATCH,Within tolerance
GS PID,20.0,3,data/pengujian_final/log_160_trial/gs_pid/SP20/GS_PID_SP20_trial03.txt,FinalError_g,2.1000000000000014,2.1,1.3322676295501878e-15,0.01,MATCH,Within tolerance
GS PID,20.0,3,data/pengujian_final/log_160_trial/gs_pid/SP20/GS_PID_SP20_trial03.txt,AbsError_pct,10.500000000000007,10.49,0.010000000000006892,0.01,MISMATCH,Outside tolerance
GS PID,20.0,3,data/pengujian_final/log_160_trial/gs_pid/SP20/GS_PID_SP20_trial03.txt,MaxOvershoot_pct,0.0,10.49,10.49,0.01,MISMATCH,Outside tolerance
GS PID,20.0,3,data/pengujian_final/log_160_trial/gs_pid/SP20/GS_PID_SP20_trial03.txt,Duration_s,21.301,21.3,0.0009999999999976694,0.01,MATCH,Within tolerance
GS PID,20.0,3,data/pengujian_final/log_160_trial/gs_pid/SP20/GS_PID_SP20_trial03.txt,RiseTime_10_90_s,,19.105,,0.01,MISMATCH,One is NaN
GS PID,20.0,3,data/pengujian_final/log_160_trial/gs_pid/SP20/GS_PID_SP20_trial03.txt,SettlingTime_s,,,0.0,0.01,MATCH,Both NaN
GS PID,20.0,3,data/pengujian_final/log_160_trial/gs_pid/SP20/GS_PID_SP20_trial03.txt,BridgingCount,1,1,,EXACT,MATCH,Exact match
GS PID,20.0,3,data/pengujian_final/log_160_trial/gs_pid/SP20/GS_PID_SP20_trial03.txt,WithinTolerance,False,0,,EXACT,MATCH,Exact match
GS PID,20.0,3,data/pengujian_final/log_160_trial/gs_pid/SP20/GS_PID_SP20_trial03.txt,StopReason,TARGET,TARGET,,EXACT,MATCH,Exact match
GS PID,20.0,4,data/pengujian_final/log_160_trial/gs_pid/SP20/GS_PID_SP20_trial04.txt,FinalMass_g,20.44,20.44,0.0,0.01,MATCH,Within tolerance
GS PID,20.0,4,data/pengujian_final/log_160_trial/gs_pid/SP20/GS_PID_SP20_trial04.txt,FinalError_g,0.4400000000000013,0.44,1.27675647831893e-15,0.01,MATCH,Within tolerance
GS PID,20.0,4,data/pengujian_final/log_160_trial/gs_pid/SP20/GS_PID_SP20_trial04.txt,AbsError_pct,2.2000000000000064,2.18,0.020000000000006235,0.01,MISMATCH,Outside tolerance
GS PID,20.0,4,data/pengujian_final/log_160_trial/gs_pid/SP20/GS_PID_SP20_trial04.txt,MaxOvershoot_pct,0.0,2.18,2.18,0.01,MISMATCH,Outside tolerance
GS PID,20.0,4,data/pengujian_final/log_160_trial/gs_pid/SP20/GS_PID_SP20_trial04.txt,Duration_s,20.525,20.52,0.004999999999999005,0.01,MATCH,Within tolerance
GS PID,20.0,4,data/pengujian_final/log_160_trial/gs_pid/SP20/GS_PID_SP20_trial04.txt,RiseTime_10_90_s,16.522,16.522,0.0,0.01,MATCH,Within tolerance
GS PID,20.0,4,data/pengujian_final/log_160_trial/gs_pid/SP20/GS_PID_SP20_trial04.txt,SettlingTime_s,18.547,18.547,0.0,0.01,MATCH,Within tolerance
GS PID,20.0,4,data/pengujian_final/log_160_trial/gs_pid/SP20/GS_PID_SP20_trial04.txt,BridgingCount,1,1,,EXACT,MATCH,Exact match
GS PID,20.0,4,data/pengujian_final/log_160_trial/gs_pid/SP20/GS_PID_SP20_trial04.txt,WithinTolerance,True,1,,EXACT,MATCH,Exact match
GS PID,20.0,4,data/pengujian_final/log_160_trial/gs_pid/SP20/GS_PID_SP20_trial04.txt,StopReason,TARGET,TARGET,,EXACT,MATCH,Exact match
GS PID,20.0,5,data/pengujian_final/log_160_trial/gs_pid/SP20/GS_PID_SP20_trial05.txt,FinalMass_g,21.22,21.22,0.0,0.01,MATCH,Within tolerance
GS PID,20.0,5,data/pengujian_final/log_160_trial/gs_pid/SP20/GS_PID_SP20_trial05.txt,FinalError_g,1.2199999999999989,1.22,1.1102230246251565e-15,0.01,MATCH,Within tolerance
GS PID,20.0,5,data/pengujian_final/log_160_trial/gs_pid/SP20/GS_PID_SP20_trial05.txt,AbsError_pct,6.099999999999994,6.09,0.009999999999994458,0.01,MATCH,Within tolerance
GS PID,20.0,5,data/pengujian_final/log_160_trial/gs_pid/SP20/GS_PID_SP20_trial05.txt,MaxOvershoot_pct,0.0,6.09,6.09,0.01,MISMATCH,Outside tolerance
GS PID,20.0,5,data/pengujian_final/log_160_trial/gs_pid/SP20/GS_PID_SP20_trial05.txt,Duration_s,20.789,20.79,0.0009999999999976694,0.01,MATCH,Within tolerance
GS PID,20.0,5,data/pengujian_final/log_160_trial/gs_pid/SP20/GS_PID_SP20_trial05.txt,RiseTime_10_90_s,17.043,17.043,0.0,0.01,MATCH,Within tolerance
GS PID,20.0,5,data/pengujian_final/log_160_trial/gs_pid/SP20/GS_PID_SP20_trial05.txt,SettlingTime_s,,,0.0,0.01,MATCH,Both NaN
GS PID,20.0,5,data/pengujian_final/log_160_trial/gs_pid/SP20/GS_PID_SP20_trial05.txt,BridgingCount,1,1,,EXACT,MATCH,Exact match
GS PID,20.0,5,data/pengujian_final/log_160_trial/gs_pid/SP20/GS_PID_SP20_trial05.txt,WithinTolerance,False,0,,EXACT,MATCH,Exact match
GS PID,20.0,5,data/pengujian_final/log_160_trial/gs_pid/SP20/GS_PID_SP20_trial05.txt,StopReason,TARGET,TARGET,,EXACT,MATCH,Exact match
GS PID,20.0,6,data/pengujian_final/log_160_trial/gs_pid/SP20/GS_PID_SP20_trial06.txt,FinalMass_g,19.59,19.59,0.0,0.01,MATCH,Within tolerance
GS PID,20.0,6,data/pengujian_final/log_160_trial/gs_pid/SP20/GS_PID_SP20_trial06.txt,FinalError_g,-0.41000000000000014,-0.41,1.6653345369377348e-16,0.01,MATCH,Within tolerance
GS PID,20.0,6,data/pengujian_final/log_160_trial/gs_pid/SP20/GS_PID_SP20_trial06.txt,AbsError_pct,2.0500000000000007,2.05,8.881784197001252e-16,0.01,MATCH,Within tolerance
GS PID,20.0,6,data/pengujian_final/log_160_trial/gs_pid/SP20/GS_PID_SP20_trial06.txt,MaxOvershoot_pct,0.0,0.0,0.0,0.01,MATCH,Within tolerance
GS PID,20.0,6,data/pengujian_final/log_160_trial/gs_pid/SP20/GS_PID_SP20_trial06.txt,Duration_s,18.983,18.98,0.0030000000000001137,0.01,MATCH,Within tolerance
GS PID,20.0,6,data/pengujian_final/log_160_trial/gs_pid/SP20/GS_PID_SP20_trial06.txt,RiseTime_10_90_s,16.27,16.27,0.0,0.01,MATCH,Within tolerance
GS PID,20.0,6,data/pengujian_final/log_160_trial/gs_pid/SP20/GS_PID_SP20_trial06.txt,SettlingTime_s,17.262,17.262,0.0,0.01,MATCH,Within tolerance
GS PID,20.0,6,data/pengujian_final/log_160_trial/gs_pid/SP20/GS_PID_SP20_trial06.txt,BridgingCount,1,1,,EXACT,MATCH,Exact match
GS PID,20.0,6,data/pengujian_final/log_160_trial/gs_pid/SP20/GS_PID_SP20_trial06.txt,WithinTolerance,True,1,,EXACT,MATCH,Exact match
GS PID,20.0,6,data/pengujian_final/log_160_trial/gs_pid/SP20/GS_PID_SP20_trial06.txt,StopReason,TARGET,TARGET,,EXACT,MATCH,Exact match
GS PID,20.0,7,data/pengujian_final/log_160_trial/gs_pid/SP20/GS_PID_SP20_trial07.txt,FinalMass_g,19.87,19.87,0.0,0.01,MATCH,Within tolerance
GS PID,20.0,7,data/pengujian_final/log_160_trial/gs_pid/SP20/GS_PID_SP20_trial07.txt,FinalError_g,-0.129999999999999,-0.13,9.992007221626409e-16,0.01,MATCH,Within tolerance
GS PID,20.0,7,data/pengujian_final/log_160_trial/gs_pid/SP20/GS_PID_SP20_trial07.txt,AbsError_pct,0.649999999999995,0.67,0.020000000000005014,0.01,MISMATCH,Outside tolerance
GS PID,20.0,7,data/pengujian_final/log_160_trial/gs_pid/SP20/GS_PID_SP20_trial07.txt,MaxOvershoot_pct,0.0,0.0,0.0,0.01,MATCH,Within tolerance
GS PID,20.0,7,data/pengujian_final/log_160_trial/gs_pid/SP20/GS_PID_SP20_trial07.txt,Duration_s,20.791,20.79,0.0010000000000012221,0.01,MATCH,Within tolerance
GS PID,20.0,7,data/pengujian_final/log_160_trial/gs_pid/SP20/GS_PID_SP20_trial07.txt,RiseTime_10_90_s,8.264,8.264,0.0,0.01,MATCH,Within tolerance
GS PID,20.0,7,data/pengujian_final/log_160_trial/gs_pid/SP20/GS_PID_SP20_trial07.txt,SettlingTime_s,17.004,17.004,0.0,0.01,MATCH,Within tolerance
GS PID,20.0,7,data/pengujian_final/log_160_trial/gs_pid/SP20/GS_PID_SP20_trial07.txt,BridgingCount,0,0,,EXACT,MATCH,Exact match
GS PID,20.0,7,data/pengujian_final/log_160_trial/gs_pid/SP20/GS_PID_SP20_trial07.txt,WithinTolerance,True,1,,EXACT,MATCH,Exact match
GS PID,20.0,7,data/pengujian_final/log_160_trial/gs_pid/SP20/GS_PID_SP20_trial07.txt,StopReason,TARGET,TARGET,,EXACT,MATCH,Exact match
GS PID,20.0,8,data/pengujian_final/log_160_trial/gs_pid/SP20/GS_PID_SP20_trial08.txt,FinalMass_g,20.92,20.92,0.0,0.01,MATCH,Within tolerance
GS PID,20.0,8,data/pengujian_final/log_160_trial/gs_pid/SP20/GS_PID_SP20_trial08.txt,FinalError_g,0.9200000000000017,0.92,1.6653345369377348e-15,0.01,MATCH,Within tolerance
GS PID,20.0,8,data/pengujian_final/log_160_trial/gs_pid/SP20/GS_PID_SP20_trial08.txt,AbsError_pct,4.6000000000000085,4.58,0.020000000000008455,0.01,MISMATCH,Outside tolerance
GS PID,20.0,8,data/pengujian_final/log_160_trial/gs_pid/SP20/GS_PID_SP20_trial08.txt,MaxOvershoot_pct,0.0,4.58,4.58,0.01,MISMATCH,Outside tolerance
GS PID,20.0,8,data/pengujian_final/log_160_trial/gs_pid/SP20/GS_PID_SP20_trial08.txt,Duration_s,12.009,12.01,0.0009999999999994458,0.01,MATCH,Within tolerance
GS PID,20.0,8,data/pengujian_final/log_160_trial/gs_pid/SP20/GS_PID_SP20_trial08.txt,RiseTime_10_90_s,,9.813,,0.01,MISMATCH,One is NaN
GS PID,20.0,8,data/pengujian_final/log_160_trial/gs_pid/SP20/GS_PID_SP20_trial08.txt,SettlingTime_s,,10.547,,0.01,MISMATCH,One is NaN
GS PID,20.0,8,data/pengujian_final/log_160_trial/gs_pid/SP20/GS_PID_SP20_trial08.txt,BridgingCount,1,1,,EXACT,MATCH,Exact match
GS PID,20.0,8,data/pengujian_final/log_160_trial/gs_pid/SP20/GS_PID_SP20_trial08.txt,WithinTolerance,True,1,,EXACT,MATCH,Exact match
GS PID,20.0,8,data/pengujian_final/log_160_trial/gs_pid/SP20/GS_PID_SP20_trial08.txt,StopReason,TARGET,TARGET,,EXACT,MATCH,Exact match
GS PID,20.0,9,data/pengujian_final/log_160_trial/gs_pid/SP20/GS_PID_SP20_trial09.txt,FinalMass_g,19.46,19.46,0.0,0.01,MATCH,Within tolerance
GS PID,20.0,9,data/pengujian_final/log_160_trial/gs_pid/SP20/GS_PID_SP20_trial09.txt,FinalError_g,-0.5399999999999991,-0.54,8.881784197001252e-16,0.01,MATCH,Within tolerance
GS PID,20.0,9,data/pengujian_final/log_160_trial/gs_pid/SP20/GS_PID_SP20_trial09.txt,AbsError_pct,2.6999999999999957,2.7,4.440892098500626e-15,0.01,MATCH,Within tolerance
GS PID,20.0,9,data/pengujian_final/log_160_trial/gs_pid/SP20/GS_PID_SP20_trial09.txt,MaxOvershoot_pct,0.0,0.0,0.0,0.01,MATCH,Within tolerance
GS PID,20.0,9,data/pengujian_final/log_160_trial/gs_pid/SP20/GS_PID_SP20_trial09.txt,Duration_s,14.593,14.59,0.0030000000000001137,0.01,MATCH,Within tolerance
GS PID,20.0,9,data/pengujian_final/log_160_trial/gs_pid/SP20/GS_PID_SP20_trial09.txt,RiseTime_10_90_s,11.621,11.621,0.0,0.01,MATCH,Within tolerance
GS PID,20.0,9,data/pengujian_final/log_160_trial/gs_pid/SP20/GS_PID_SP20_trial09.txt,SettlingTime_s,12.872,12.872,0.0,0.01,MATCH,Within tolerance
GS PID,20.0,9,data/pengujian_final/log_160_trial/gs_pid/SP20/GS_PID_SP20_trial09.txt,BridgingCount,0,0,,EXACT,MATCH,Exact match
GS PID,20.0,9,data/pengujian_final/log_160_trial/gs_pid/SP20/GS_PID_SP20_trial09.txt,WithinTolerance,True,1,,EXACT,MATCH,Exact match
GS PID,20.0,9,data/pengujian_final/log_160_trial/gs_pid/SP20/GS_PID_SP20_trial09.txt,StopReason,TARGET,TARGET,,EXACT,MATCH,Exact match
GS PID,20.0,10,data/pengujian_final/log_160_trial/gs_pid/SP20/GS_PID_SP20_trial10.txt,FinalMass_g,19.78,19.78,0.0,0.01,MATCH,Within tolerance
GS PID,20.0,10,data/pengujian_final/log_160_trial/gs_pid/SP20/GS_PID_SP20_trial10.txt,FinalError_g,-0.21999999999999886,-0.22,1.1379786002407855e-15,0.01,MATCH,Within tolerance
GS PID,20.0,10,data/pengujian_final/log_160_trial/gs_pid/SP20/GS_PID_SP20_trial10.txt,AbsError_pct,1.0999999999999943,1.11,0.010000000000005782,0.01,MISMATCH,Outside tolerance
GS PID,20.0,10,data/pengujian_final/log_160_trial/gs_pid/SP20/GS_PID_SP20_trial10.txt,MaxOvershoot_pct,0.0,0.0,0.0,0.01,MATCH,Within tolerance
GS PID,20.0,10,data/pengujian_final/log_160_trial/gs_pid/SP20/GS_PID_SP20_trial10.txt,Duration_s,25.182,25.18,0.0019999999999988916,0.01,MATCH,Within tolerance
GS PID,20.0,10,data/pengujian_final/log_160_trial/gs_pid/SP20/GS_PID_SP20_trial10.txt,RiseTime_10_90_s,18.337,18.337,0.0,0.01,MATCH,Within tolerance
GS PID,20.0,10,data/pengujian_final/log_160_trial/gs_pid/SP20/GS_PID_SP20_trial10.txt,SettlingTime_s,23.461,23.461,0.0,0.01,MATCH,Within tolerance
GS PID,20.0,10,data/pengujian_final/log_160_trial/gs_pid/SP20/GS_PID_SP20_trial10.txt,BridgingCount,1,1,,EXACT,MATCH,Exact match
GS PID,20.0,10,data/pengujian_final/log_160_trial/gs_pid/SP20/GS_PID_SP20_trial10.txt,WithinTolerance,True,1,,EXACT,MATCH,Exact match
GS PID,20.0,10,data/pengujian_final/log_160_trial/gs_pid/SP20/GS_PID_SP20_trial10.txt,StopReason,TARGET,TARGET,,EXACT,MATCH,Exact match
GS PID,25.0,1,data/pengujian_final/log_160_trial/gs_pid/SP25/GS_PID_SP25_trial01.txt,FinalMass_g,25.84,25.84,0.0,0.01,MATCH,Within tolerance
GS PID,25.0,1,data/pengujian_final/log_160_trial/gs_pid/SP25/GS_PID_SP25_trial01.txt,FinalError_g,0.8399999999999999,0.84,1.1102230246251565e-16,0.01,MATCH,Within tolerance
GS PID,25.0,1,data/pengujian_final/log_160_trial/gs_pid/SP25/GS_PID_SP25_trial01.txt,AbsError_pct,3.359999999999999,3.36,8.881784197001252e-16,0.01,MATCH,Within tolerance
GS PID,25.0,1,data/pengujian_final/log_160_trial/gs_pid/SP25/GS_PID_SP25_trial01.txt,MaxOvershoot_pct,0.0,3.36,3.36,0.01,MISMATCH,Outside tolerance
GS PID,25.0,1,data/pengujian_final/log_160_trial/gs_pid/SP25/GS_PID_SP25_trial01.txt,Duration_s,15.109,15.11,0.0009999999999994458,0.01,MATCH,Within tolerance
GS PID,25.0,1,data/pengujian_final/log_160_trial/gs_pid/SP25/GS_PID_SP25_trial01.txt,RiseTime_10_90_s,12.654,12.654,0.0,0.01,MATCH,Within tolerance
GS PID,25.0,1,data/pengujian_final/log_160_trial/gs_pid/SP25/GS_PID_SP25_trial01.txt,SettlingTime_s,,13.647,,0.01,MISMATCH,One is NaN
GS PID,25.0,1,data/pengujian_final/log_160_trial/gs_pid/SP25/GS_PID_SP25_trial01.txt,BridgingCount,1,1,,EXACT,MATCH,Exact match
GS PID,25.0,1,data/pengujian_final/log_160_trial/gs_pid/SP25/GS_PID_SP25_trial01.txt,WithinTolerance,True,1,,EXACT,MATCH,Exact match
GS PID,25.0,1,data/pengujian_final/log_160_trial/gs_pid/SP25/GS_PID_SP25_trial01.txt,StopReason,TARGET,TARGET,,EXACT,MATCH,Exact match
GS PID,25.0,2,data/pengujian_final/log_160_trial/gs_pid/SP25/GS_PID_SP25_trial02.txt,FinalMass_g,25.5,25.5,0.0,0.01,MATCH,Within tolerance
GS PID,25.0,2,data/pengujian_final/log_160_trial/gs_pid/SP25/GS_PID_SP25_trial02.txt,FinalError_g,0.5,0.5,0.0,0.01,MATCH,Within tolerance
GS PID,25.0,2,data/pengujian_final/log_160_trial/gs_pid/SP25/GS_PID_SP25_trial02.txt,AbsError_pct,2.0,2.01,0.009999999999999787,0.01,MATCH,Within tolerance
GS PID,25.0,2,data/pengujian_final/log_160_trial/gs_pid/SP25/GS_PID_SP25_trial02.txt,MaxOvershoot_pct,0.0,2.01,2.01,0.01,MISMATCH,Outside tolerance
GS PID,25.0,2,data/pengujian_final/log_160_trial/gs_pid/SP25/GS_PID_SP25_trial02.txt,Duration_s,18.467,18.47,0.0030000000000001137,0.01,MATCH,Within tolerance
GS PID,25.0,2,data/pengujian_final/log_160_trial/gs_pid/SP25/GS_PID_SP25_trial02.txt,RiseTime_10_90_s,11.622,11.622,0.0,0.01,MATCH,Within tolerance
GS PID,25.0,2,data/pengujian_final/log_160_trial/gs_pid/SP25/GS_PID_SP25_trial02.txt,SettlingTime_s,15.196,15.196,0.0,0.01,MATCH,Within tolerance
GS PID,25.0,2,data/pengujian_final/log_160_trial/gs_pid/SP25/GS_PID_SP25_trial02.txt,BridgingCount,1,1,,EXACT,MATCH,Exact match
GS PID,25.0,2,data/pengujian_final/log_160_trial/gs_pid/SP25/GS_PID_SP25_trial02.txt,WithinTolerance,True,1,,EXACT,MATCH,Exact match
GS PID,25.0,2,data/pengujian_final/log_160_trial/gs_pid/SP25/GS_PID_SP25_trial02.txt,StopReason,TARGET,TARGET,,EXACT,MATCH,Exact match
GS PID,25.0,3,data/pengujian_final/log_160_trial/gs_pid/SP25/GS_PID_SP25_trial03.txt,FinalMass_g,26.84,26.84,0.0,0.01,MATCH,Within tolerance
GS PID,25.0,3,data/pengujian_final/log_160_trial/gs_pid/SP25/GS_PID_SP25_trial03.txt,FinalError_g,1.8399999999999999,1.84,2.220446049250313e-16,0.01,MATCH,Within tolerance
GS PID,25.0,3,data/pengujian_final/log_160_trial/gs_pid/SP25/GS_PID_SP25_trial03.txt,AbsError_pct,7.359999999999999,7.37,0.010000000000000675,0.01,MISMATCH,Outside tolerance
GS PID,25.0,3,data/pengujian_final/log_160_trial/gs_pid/SP25/GS_PID_SP25_trial03.txt,MaxOvershoot_pct,0.0,7.37,7.37,0.01,MISMATCH,Outside tolerance
GS PID,25.0,3,data/pengujian_final/log_160_trial/gs_pid/SP25/GS_PID_SP25_trial03.txt,Duration_s,10.461,10.46,0.0009999999999994458,0.01,MATCH,Within tolerance
GS PID,25.0,3,data/pengujian_final/log_160_trial/gs_pid/SP25/GS_PID_SP25_trial03.txt,RiseTime_10_90_s,6.198,6.198,0.0,0.01,MATCH,Within tolerance
GS PID,25.0,3,data/pengujian_final/log_160_trial/gs_pid/SP25/GS_PID_SP25_trial03.txt,SettlingTime_s,8.74,,,0.01,MISMATCH,One is NaN
GS PID,25.0,3,data/pengujian_final/log_160_trial/gs_pid/SP25/GS_PID_SP25_trial03.txt,BridgingCount,0,0,,EXACT,MATCH,Exact match
GS PID,25.0,3,data/pengujian_final/log_160_trial/gs_pid/SP25/GS_PID_SP25_trial03.txt,WithinTolerance,False,0,,EXACT,MATCH,Exact match
GS PID,25.0,3,data/pengujian_final/log_160_trial/gs_pid/SP25/GS_PID_SP25_trial03.txt,StopReason,TARGET,TARGET,,EXACT,MATCH,Exact match
GS PID,25.0,4,data/pengujian_final/log_160_trial/gs_pid/SP25/GS_PID_SP25_trial04.txt,FinalMass_g,25.02,25.02,0.0,0.01,MATCH,Within tolerance
GS PID,25.0,4,data/pengujian_final/log_160_trial/gs_pid/SP25/GS_PID_SP25_trial04.txt,FinalError_g,0.019999999999999574,0.02,4.2674197509029455e-16,0.01,MATCH,Within tolerance
GS PID,25.0,4,data/pengujian_final/log_160_trial/gs_pid/SP25/GS_PID_SP25_trial04.txt,AbsError_pct,0.0799999999999983,0.08,1.7069679003611782e-15,0.01,MATCH,Within tolerance
GS PID,25.0,4,data/pengujian_final/log_160_trial/gs_pid/SP25/GS_PID_SP25_trial04.txt,MaxOvershoot_pct,0.0,0.08,0.08,0.01,MISMATCH,Outside tolerance
GS PID,25.0,4,data/pengujian_final/log_160_trial/gs_pid/SP25/GS_PID_SP25_trial04.txt,Duration_s,39.389,39.39,0.0009999999999976694,0.01,MATCH,Within tolerance
GS PID,25.0,4,data/pengujian_final/log_160_trial/gs_pid/SP25/GS_PID_SP25_trial04.txt,RiseTime_10_90_s,24.795,24.795,0.0,0.01,MATCH,Within tolerance
GS PID,25.0,4,data/pengujian_final/log_160_trial/gs_pid/SP25/GS_PID_SP25_trial04.txt,SettlingTime_s,31.727,31.727,0.0,0.01,MATCH,Within tolerance
GS PID,25.0,4,data/pengujian_final/log_160_trial/gs_pid/SP25/GS_PID_SP25_trial04.txt,BridgingCount,1,1,,EXACT,MATCH,Exact match
GS PID,25.0,4,data/pengujian_final/log_160_trial/gs_pid/SP25/GS_PID_SP25_trial04.txt,WithinTolerance,True,1,,EXACT,MATCH,Exact match
GS PID,25.0,4,data/pengujian_final/log_160_trial/gs_pid/SP25/GS_PID_SP25_trial04.txt,StopReason,TARGET,TARGET,,EXACT,MATCH,Exact match
GS PID,25.0,5,data/pengujian_final/log_160_trial/gs_pid/SP25/GS_PID_SP25_trial05.txt,FinalMass_g,24.14,24.14,0.0,0.01,MATCH,Within tolerance
GS PID,25.0,5,data/pengujian_final/log_160_trial/gs_pid/SP25/GS_PID_SP25_trial05.txt,FinalError_g,-0.8599999999999994,-0.86,5.551115123125783e-16,0.01,MATCH,Within tolerance
GS PID,25.0,5,data/pengujian_final/log_160_trial/gs_pid/SP25/GS_PID_SP25_trial05.txt,AbsError_pct,3.4399999999999977,3.44,2.220446049250313e-15,0.01,MATCH,Within tolerance
GS PID,25.0,5,data/pengujian_final/log_160_trial/gs_pid/SP25/GS_PID_SP25_trial05.txt,MaxOvershoot_pct,0.0,0.0,0.0,0.01,MATCH,Within tolerance
GS PID,25.0,5,data/pengujian_final/log_160_trial/gs_pid/SP25/GS_PID_SP25_trial05.txt,Duration_s,12.787,12.79,0.0029999999999983373,0.01,MATCH,Within tolerance
GS PID,25.0,5,data/pengujian_final/log_160_trial/gs_pid/SP25/GS_PID_SP25_trial05.txt,RiseTime_10_90_s,10.072,10.072,0.0,0.01,MATCH,Within tolerance
GS PID,25.0,5,data/pengujian_final/log_160_trial/gs_pid/SP25/GS_PID_SP25_trial05.txt,SettlingTime_s,11.066,11.066,0.0,0.01,MATCH,Within tolerance
GS PID,25.0,5,data/pengujian_final/log_160_trial/gs_pid/SP25/GS_PID_SP25_trial05.txt,BridgingCount,0,0,,EXACT,MATCH,Exact match
GS PID,25.0,5,data/pengujian_final/log_160_trial/gs_pid/SP25/GS_PID_SP25_trial05.txt,WithinTolerance,True,1,,EXACT,MATCH,Exact match
GS PID,25.0,5,data/pengujian_final/log_160_trial/gs_pid/SP25/GS_PID_SP25_trial05.txt,StopReason,TARGET,TARGET,,EXACT,MATCH,Exact match
GS PID,25.0,6,data/pengujian_final/log_160_trial/gs_pid/SP25/GS_PID_SP25_trial06.txt,FinalMass_g,24.58,24.58,0.0,0.01,MATCH,Within tolerance
GS PID,25.0,6,data/pengujian_final/log_160_trial/gs_pid/SP25/GS_PID_SP25_trial06.txt,FinalError_g,-0.4200000000000017,-0.42,1.7208456881689926e-15,0.01,MATCH,Within tolerance
GS PID,25.0,6,data/pengujian_final/log_160_trial/gs_pid/SP25/GS_PID_SP25_trial06.txt,AbsError_pct,1.6800000000000068,1.67,0.010000000000006892,0.01,MISMATCH,Outside tolerance
GS PID,25.0,6,data/pengujian_final/log_160_trial/gs_pid/SP25/GS_PID_SP25_trial06.txt,MaxOvershoot_pct,0.0,0.0,0.0,0.01,MATCH,Within tolerance
GS PID,25.0,6,data/pengujian_final/log_160_trial/gs_pid/SP25/GS_PID_SP25_trial06.txt,Duration_s,16.66,16.66,0.0,0.01,MATCH,Within tolerance
GS PID,25.0,6,data/pengujian_final/log_160_trial/gs_pid/SP25/GS_PID_SP25_trial06.txt,RiseTime_10_90_s,12.139,12.139,0.0,0.01,MATCH,Within tolerance
GS PID,25.0,6,data/pengujian_final/log_160_trial/gs_pid/SP25/GS_PID_SP25_trial06.txt,SettlingTime_s,14.94,14.94,0.0,0.01,MATCH,Within tolerance
GS PID,25.0,6,data/pengujian_final/log_160_trial/gs_pid/SP25/GS_PID_SP25_trial06.txt,BridgingCount,1,1,,EXACT,MATCH,Exact match
GS PID,25.0,6,data/pengujian_final/log_160_trial/gs_pid/SP25/GS_PID_SP25_trial06.txt,WithinTolerance,True,1,,EXACT,MATCH,Exact match
GS PID,25.0,6,data/pengujian_final/log_160_trial/gs_pid/SP25/GS_PID_SP25_trial06.txt,StopReason,TARGET,TARGET,,EXACT,MATCH,Exact match
GS PID,25.0,7,data/pengujian_final/log_160_trial/gs_pid/SP25/GS_PID_SP25_trial07.txt,FinalMass_g,25.88,25.88,0.0,0.01,MATCH,Within tolerance
GS PID,25.0,7,data/pengujian_final/log_160_trial/gs_pid/SP25/GS_PID_SP25_trial07.txt,FinalError_g,0.879999999999999,0.88,9.992007221626409e-16,0.01,MATCH,Within tolerance
GS PID,25.0,7,data/pengujian_final/log_160_trial/gs_pid/SP25/GS_PID_SP25_trial07.txt,AbsError_pct,3.519999999999996,3.52,3.9968028886505635e-15,0.01,MATCH,Within tolerance
GS PID,25.0,7,data/pengujian_final/log_160_trial/gs_pid/SP25/GS_PID_SP25_trial07.txt,MaxOvershoot_pct,0.0,3.52,3.52,0.01,MISMATCH,Outside tolerance
GS PID,25.0,7,data/pengujian_final/log_160_trial/gs_pid/SP25/GS_PID_SP25_trial07.txt,Duration_s,32.931,32.93,0.0009999999999976694,0.01,MATCH,Within tolerance
GS PID,25.0,7,data/pengujian_final/log_160_trial/gs_pid/SP25/GS_PID_SP25_trial07.txt,RiseTime_10_90_s,20.404,20.404,0.0,0.01,MATCH,Within tolerance
GS PID,25.0,7,data/pengujian_final/log_160_trial/gs_pid/SP25/GS_PID_SP25_trial07.txt,SettlingTime_s,29.403,29.403,0.0,0.01,MATCH,Within tolerance
GS PID,25.0,7,data/pengujian_final/log_160_trial/gs_pid/SP25/GS_PID_SP25_trial07.txt,BridgingCount,0,0,,EXACT,MATCH,Exact match
GS PID,25.0,7,data/pengujian_final/log_160_trial/gs_pid/SP25/GS_PID_SP25_trial07.txt,WithinTolerance,True,1,,EXACT,MATCH,Exact match
GS PID,25.0,7,data/pengujian_final/log_160_trial/gs_pid/SP25/GS_PID_SP25_trial07.txt,StopReason,TARGET,TARGET,,EXACT,MATCH,Exact match
GS PID,25.0,8,data/pengujian_final/log_160_trial/gs_pid/SP25/GS_PID_SP25_trial08.txt,FinalMass_g,25.45,25.45,0.0,0.01,MATCH,Within tolerance
GS PID,25.0,8,data/pengujian_final/log_160_trial/gs_pid/SP25/GS_PID_SP25_trial08.txt,FinalError_g,0.4499999999999993,0.45,7.216449660063518e-16,0.01,MATCH,Within tolerance
GS PID,25.0,8,data/pengujian_final/log_160_trial/gs_pid/SP25/GS_PID_SP25_trial08.txt,AbsError_pct,1.7999999999999972,1.79,0.009999999999997122,0.01,MATCH,Within tolerance
GS PID,25.0,8,data/pengujian_final/log_160_trial/gs_pid/SP25/GS_PID_SP25_trial08.txt,MaxOvershoot_pct,0.0,1.79,1.79,0.01,MISMATCH,Outside tolerance
GS PID,25.0,8,data/pengujian_final/log_160_trial/gs_pid/SP25/GS_PID_SP25_trial08.txt,Duration_s,26.734,26.73,0.004000000000001336,0.01,MATCH,Within tolerance
GS PID,25.0,8,data/pengujian_final/log_160_trial/gs_pid/SP25/GS_PID_SP25_trial08.txt,RiseTime_10_90_s,22.471,22.471,0.0,0.01,MATCH,Within tolerance
GS PID,25.0,8,data/pengujian_final/log_160_trial/gs_pid/SP25/GS_PID_SP25_trial08.txt,SettlingTime_s,23.721,23.721,0.0,0.01,MATCH,Within tolerance
GS PID,25.0,8,data/pengujian_final/log_160_trial/gs_pid/SP25/GS_PID_SP25_trial08.txt,BridgingCount,0,0,,EXACT,MATCH,Exact match
GS PID,25.0,8,data/pengujian_final/log_160_trial/gs_pid/SP25/GS_PID_SP25_trial08.txt,WithinTolerance,True,1,,EXACT,MATCH,Exact match
GS PID,25.0,8,data/pengujian_final/log_160_trial/gs_pid/SP25/GS_PID_SP25_trial08.txt,StopReason,TARGET,TARGET,,EXACT,MATCH,Exact match
GS PID,25.0,9,data/pengujian_final/log_160_trial/gs_pid/SP25/GS_PID_SP25_trial09.txt,FinalMass_g,24.54,24.54,0.0,0.01,MATCH,Within tolerance
GS PID,25.0,9,data/pengujian_final/log_160_trial/gs_pid/SP25/GS_PID_SP25_trial09.txt,FinalError_g,-0.46000000000000085,-0.46,8.326672684688674e-16,0.01,MATCH,Within tolerance
GS PID,25.0,9,data/pengujian_final/log_160_trial/gs_pid/SP25/GS_PID_SP25_trial09.txt,AbsError_pct,1.8400000000000034,1.86,0.019999999999996687,0.01,MISMATCH,Outside tolerance
GS PID,25.0,9,data/pengujian_final/log_160_trial/gs_pid/SP25/GS_PID_SP25_trial09.txt,MaxOvershoot_pct,0.0,0.0,0.0,0.01,MATCH,Within tolerance
GS PID,25.0,9,data/pengujian_final/log_160_trial/gs_pid/SP25/GS_PID_SP25_trial09.txt,Duration_s,54.889,54.89,0.0009999999999976694,0.01,MATCH,Within tolerance
GS PID,25.0,9,data/pengujian_final/log_160_trial/gs_pid/SP25/GS_PID_SP25_trial09.txt,RiseTime_10_90_s,16.53,16.53,0.0,0.01,MATCH,Within tolerance
GS PID,25.0,9,data/pengujian_final/log_160_trial/gs_pid/SP25/GS_PID_SP25_trial09.txt,SettlingTime_s,43.869,43.869,0.0,0.01,MATCH,Within tolerance
GS PID,25.0,9,data/pengujian_final/log_160_trial/gs_pid/SP25/GS_PID_SP25_trial09.txt,BridgingCount,0,0,,EXACT,MATCH,Exact match
GS PID,25.0,9,data/pengujian_final/log_160_trial/gs_pid/SP25/GS_PID_SP25_trial09.txt,WithinTolerance,True,1,,EXACT,MATCH,Exact match
GS PID,25.0,9,data/pengujian_final/log_160_trial/gs_pid/SP25/GS_PID_SP25_trial09.txt,StopReason,TARGET,TARGET,,EXACT,MATCH,Exact match
GS PID,25.0,10,data/pengujian_final/log_160_trial/gs_pid/SP25/GS_PID_SP25_trial10.txt,FinalMass_g,25.29,25.29,0.0,0.01,MATCH,Within tolerance
GS PID,25.0,10,data/pengujian_final/log_160_trial/gs_pid/SP25/GS_PID_SP25_trial10.txt,FinalError_g,0.28999999999999915,0.29,8.326672684688674e-16,0.01,MATCH,Within tolerance
GS PID,25.0,10,data/pengujian_final/log_160_trial/gs_pid/SP25/GS_PID_SP25_trial10.txt,AbsError_pct,1.1599999999999966,1.15,0.009999999999996678,0.01,MATCH,Within tolerance
GS PID,25.0,10,data/pengujian_final/log_160_trial/gs_pid/SP25/GS_PID_SP25_trial10.txt,MaxOvershoot_pct,0.0,1.15,1.15,0.01,MISMATCH,Outside tolerance
GS PID,25.0,10,data/pengujian_final/log_160_trial/gs_pid/SP25/GS_PID_SP25_trial10.txt,Duration_s,20.794,20.79,0.004000000000001336,0.01,MATCH,Within tolerance
GS PID,25.0,10,data/pengujian_final/log_160_trial/gs_pid/SP25/GS_PID_SP25_trial10.txt,RiseTime_10_90_s,13.431,13.431,0.0,0.01,MATCH,Within tolerance
GS PID,25.0,10,data/pengujian_final/log_160_trial/gs_pid/SP25/GS_PID_SP25_trial10.txt,SettlingTime_s,19.073,19.073,0.0,0.01,MATCH,Within tolerance
GS PID,25.0,10,data/pengujian_final/log_160_trial/gs_pid/SP25/GS_PID_SP25_trial10.txt,BridgingCount,0,0,,EXACT,MATCH,Exact match
GS PID,25.0,10,data/pengujian_final/log_160_trial/gs_pid/SP25/GS_PID_SP25_trial10.txt,WithinTolerance,True,1,,EXACT,MATCH,Exact match
GS PID,25.0,10,data/pengujian_final/log_160_trial/gs_pid/SP25/GS_PID_SP25_trial10.txt,StopReason,TARGET,TARGET,,EXACT,MATCH,Exact match
GS PID,30.0,1,data/pengujian_final/log_160_trial/gs_pid/SP30/GS_PID_SP30_trial01.txt,FinalMass_g,29.67,29.67,0.0,0.01,MATCH,Within tolerance
GS PID,30.0,1,data/pengujian_final/log_160_trial/gs_pid/SP30/GS_PID_SP30_trial01.txt,FinalError_g,-0.3299999999999983,-0.33,1.7208456881689926e-15,0.01,MATCH,Within tolerance
GS PID,30.0,1,data/pengujian_final/log_160_trial/gs_pid/SP30/GS_PID_SP30_trial01.txt,AbsError_pct,1.0999999999999943,1.11,0.010000000000005782,0.01,MISMATCH,Outside tolerance
GS PID,30.0,1,data/pengujian_final/log_160_trial/gs_pid/SP30/GS_PID_SP30_trial01.txt,MaxOvershoot_pct,0.0,0.0,0.0,0.01,MATCH,Within tolerance
GS PID,30.0,1,data/pengujian_final/log_160_trial/gs_pid/SP30/GS_PID_SP30_trial01.txt,Duration_s,31.108,31.11,0.0019999999999988916,0.01,MATCH,Within tolerance
GS PID,30.0,1,data/pengujian_final/log_160_trial/gs_pid/SP30/GS_PID_SP30_trial01.txt,RiseTime_10_90_s,14.715,14.715,0.0,0.01,MATCH,Within tolerance
GS PID,30.0,1,data/pengujian_final/log_160_trial/gs_pid/SP30/GS_PID_SP30_trial01.txt,SettlingTime_s,19.578,19.578,0.0,0.01,MATCH,Within tolerance
GS PID,30.0,1,data/pengujian_final/log_160_trial/gs_pid/SP30/GS_PID_SP30_trial01.txt,BridgingCount,0,0,,EXACT,MATCH,Exact match
GS PID,30.0,1,data/pengujian_final/log_160_trial/gs_pid/SP30/GS_PID_SP30_trial01.txt,WithinTolerance,True,1,,EXACT,MATCH,Exact match
GS PID,30.0,1,data/pengujian_final/log_160_trial/gs_pid/SP30/GS_PID_SP30_trial01.txt,StopReason,TARGET,TARGET,,EXACT,MATCH,Exact match
GS PID,30.0,2,data/pengujian_final/log_160_trial/gs_pid/SP30/GS_PID_SP30_trial02.txt,FinalMass_g,30.83,30.83,0.0,0.01,MATCH,Within tolerance
GS PID,30.0,2,data/pengujian_final/log_160_trial/gs_pid/SP30/GS_PID_SP30_trial02.txt,FinalError_g,0.8299999999999983,0.83,1.6653345369377348e-15,0.01,MATCH,Within tolerance
GS PID,30.0,2,data/pengujian_final/log_160_trial/gs_pid/SP30/GS_PID_SP30_trial02.txt,AbsError_pct,2.766666666666661,2.77,0.0033333333333391835,0.01,MATCH,Within tolerance
GS PID,30.0,2,data/pengujian_final/log_160_trial/gs_pid/SP30/GS_PID_SP30_trial02.txt,MaxOvershoot_pct,0.0,2.77,2.77,0.01,MISMATCH,Outside tolerance
GS PID,30.0,2,data/pengujian_final/log_160_trial/gs_pid/SP30/GS_PID_SP30_trial02.txt,Duration_s,27.492,27.49,0.0020000000000024443,0.01,MATCH,Within tolerance
GS PID,30.0,2,data/pengujian_final/log_160_trial/gs_pid/SP30/GS_PID_SP30_trial02.txt,RiseTime_10_90_s,25.039,25.039,0.0,0.01,MATCH,Within tolerance
GS PID,30.0,2,data/pengujian_final/log_160_trial/gs_pid/SP30/GS_PID_SP30_trial02.txt,SettlingTime_s,,26.03,,0.01,MISMATCH,One is NaN
GS PID,30.0,2,data/pengujian_final/log_160_trial/gs_pid/SP30/GS_PID_SP30_trial02.txt,BridgingCount,2,2,,EXACT,MATCH,Exact match
GS PID,30.0,2,data/pengujian_final/log_160_trial/gs_pid/SP30/GS_PID_SP30_trial02.txt,WithinTolerance,True,1,,EXACT,MATCH,Exact match
GS PID,30.0,2,data/pengujian_final/log_160_trial/gs_pid/SP30/GS_PID_SP30_trial02.txt,StopReason,TARGET,TARGET,,EXACT,MATCH,Exact match
GS PID,30.0,3,data/pengujian_final/log_160_trial/gs_pid/SP30/GS_PID_SP30_trial03.txt,FinalMass_g,29.88,29.88,0.0,0.01,MATCH,Within tolerance
GS PID,30.0,3,data/pengujian_final/log_160_trial/gs_pid/SP30/GS_PID_SP30_trial03.txt,FinalError_g,-0.120000000000001,-0.12,9.992007221626409e-16,0.01,MATCH,Within tolerance
GS PID,30.0,3,data/pengujian_final/log_160_trial/gs_pid/SP30/GS_PID_SP30_trial03.txt,AbsError_pct,0.4000000000000033,0.39,0.010000000000003284,0.01,MISMATCH,Outside tolerance
GS PID,30.0,3,data/pengujian_final/log_160_trial/gs_pid/SP30/GS_PID_SP30_trial03.txt,MaxOvershoot_pct,0.0,0.0,0.0,0.01,MATCH,Within tolerance
GS PID,30.0,3,data/pengujian_final/log_160_trial/gs_pid/SP30/GS_PID_SP30_trial03.txt,Duration_s,18.459,18.46,0.0010000000000012221,0.01,MATCH,Within tolerance
GS PID,30.0,3,data/pengujian_final/log_160_trial/gs_pid/SP30/GS_PID_SP30_trial03.txt,RiseTime_10_90_s,8.519,8.519,0.0,0.01,MATCH,Within tolerance
GS PID,30.0,3,data/pengujian_final/log_160_trial/gs_pid/SP30/GS_PID_SP30_trial03.txt,SettlingTime_s,14.932,14.932,0.0,0.01,MATCH,Within tolerance
GS PID,30.0,3,data/pengujian_final/log_160_trial/gs_pid/SP30/GS_PID_SP30_trial03.txt,BridgingCount,0,0,,EXACT,MATCH,Exact match
GS PID,30.0,3,data/pengujian_final/log_160_trial/gs_pid/SP30/GS_PID_SP30_trial03.txt,WithinTolerance,True,1,,EXACT,MATCH,Exact match
GS PID,30.0,3,data/pengujian_final/log_160_trial/gs_pid/SP30/GS_PID_SP30_trial03.txt,StopReason,TARGET,TARGET,,EXACT,MATCH,Exact match
GS PID,30.0,4,data/pengujian_final/log_160_trial/gs_pid/SP30/GS_PID_SP30_trial04.txt,FinalMass_g,29.56,29.56,0.0,0.01,MATCH,Within tolerance
GS PID,30.0,4,data/pengujian_final/log_160_trial/gs_pid/SP30/GS_PID_SP30_trial04.txt,FinalError_g,-0.4400000000000013,-0.44,1.27675647831893e-15,0.01,MATCH,Within tolerance
GS PID,30.0,4,data/pengujian_final/log_160_trial/gs_pid/SP30/GS_PID_SP30_trial04.txt,AbsError_pct,1.466666666666671,1.46,0.0066666666666710395,0.01,MATCH,Within tolerance
GS PID,30.0,4,data/pengujian_final/log_160_trial/gs_pid/SP30/GS_PID_SP30_trial04.txt,MaxOvershoot_pct,0.0,0.0,0.0,0.01,MATCH,Within tolerance
GS PID,30.0,4,data/pengujian_final/log_160_trial/gs_pid/SP30/GS_PID_SP30_trial04.txt,Duration_s,25.687,25.69,0.0030000000000001137,0.01,MATCH,Within tolerance
GS PID,30.0,4,data/pengujian_final/log_160_trial/gs_pid/SP30/GS_PID_SP30_trial04.txt,RiseTime_10_90_s,20.136,20.136,0.0,0.01,MATCH,Within tolerance
GS PID,30.0,4,data/pengujian_final/log_160_trial/gs_pid/SP30/GS_PID_SP30_trial04.txt,SettlingTime_s,22.934,22.934,0.0,0.01,MATCH,Within tolerance
GS PID,30.0,4,data/pengujian_final/log_160_trial/gs_pid/SP30/GS_PID_SP30_trial04.txt,BridgingCount,1,1,,EXACT,MATCH,Exact match
GS PID,30.0,4,data/pengujian_final/log_160_trial/gs_pid/SP30/GS_PID_SP30_trial04.txt,WithinTolerance,True,1,,EXACT,MATCH,Exact match
GS PID,30.0,4,data/pengujian_final/log_160_trial/gs_pid/SP30/GS_PID_SP30_trial04.txt,StopReason,TARGET,TARGET,,EXACT,MATCH,Exact match
GS PID,30.0,5,data/pengujian_final/log_160_trial/gs_pid/SP30/GS_PID_SP30_trial05.txt,FinalMass_g,29.73,29.73,0.0,0.01,MATCH,Within tolerance
GS PID,30.0,5,data/pengujian_final/log_160_trial/gs_pid/SP30/GS_PID_SP30_trial05.txt,FinalError_g,-0.2699999999999996,-0.27,4.440892098500626e-16,0.01,MATCH,Within tolerance
GS PID,30.0,5,data/pengujian_final/log_160_trial/gs_pid/SP30/GS_PID_SP30_trial05.txt,AbsError_pct,0.8999999999999986,0.91,0.010000000000001452,0.01,MISMATCH,Outside tolerance
GS PID,30.0,5,data/pengujian_final/log_160_trial/gs_pid/SP30/GS_PID_SP30_trial05.txt,MaxOvershoot_pct,0.0,0.0,0.0,0.01,MATCH,Within tolerance
GS PID,30.0,5,data/pengujian_final/log_160_trial/gs_pid/SP30/GS_PID_SP30_trial05.txt,Duration_s,35.497,35.5,0.0030000000000001137,0.01,MATCH,Within tolerance
GS PID,30.0,5,data/pengujian_final/log_160_trial/gs_pid/SP30/GS_PID_SP30_trial05.txt,RiseTime_10_90_s,12.649,12.649,0.0,0.01,MATCH,Within tolerance
GS PID,30.0,5,data/pengujian_final/log_160_trial/gs_pid/SP30/GS_PID_SP30_trial05.txt,SettlingTime_s,33.519,33.519,0.0,0.01,MATCH,Within tolerance
GS PID,30.0,5,data/pengujian_final/log_160_trial/gs_pid/SP30/GS_PID_SP30_trial05.txt,BridgingCount,1,1,,EXACT,MATCH,Exact match
GS PID,30.0,5,data/pengujian_final/log_160_trial/gs_pid/SP30/GS_PID_SP30_trial05.txt,WithinTolerance,True,1,,EXACT,MATCH,Exact match
GS PID,30.0,5,data/pengujian_final/log_160_trial/gs_pid/SP30/GS_PID_SP30_trial05.txt,StopReason,TARGET,TARGET,,EXACT,MATCH,Exact match
GS PID,30.0,6,data/pengujian_final/log_160_trial/gs_pid/SP30/GS_PID_SP30_trial06.txt,FinalMass_g,30.65,30.65,0.0,0.01,MATCH,Within tolerance
GS PID,30.0,6,data/pengujian_final/log_160_trial/gs_pid/SP30/GS_PID_SP30_trial06.txt,FinalError_g,0.6499999999999986,0.65,1.4432899320127035e-15,0.01,MATCH,Within tolerance
GS PID,30.0,6,data/pengujian_final/log_160_trial/gs_pid/SP30/GS_PID_SP30_trial06.txt,AbsError_pct,2.166666666666662,2.18,0.013333333333338082,0.01,MISMATCH,Outside tolerance
GS PID,30.0,6,data/pengujian_final/log_160_trial/gs_pid/SP30/GS_PID_SP30_trial06.txt,MaxOvershoot_pct,0.0,2.18,2.18,0.01,MISMATCH,Outside tolerance
GS PID,30.0,6,data/pengujian_final/log_160_trial/gs_pid/SP30/GS_PID_SP30_trial06.txt,Duration_s,34.98,34.98,0.0,0.01,MATCH,Within tolerance
GS PID,30.0,6,data/pengujian_final/log_160_trial/gs_pid/SP30/GS_PID_SP30_trial06.txt,RiseTime_10_90_s,18.586,18.586,0.0,0.01,MATCH,Within tolerance
GS PID,30.0,6,data/pengujian_final/log_160_trial/gs_pid/SP30/GS_PID_SP30_trial06.txt,SettlingTime_s,25.257,25.257,0.0,0.01,MATCH,Within tolerance
GS PID,30.0,6,data/pengujian_final/log_160_trial/gs_pid/SP30/GS_PID_SP30_trial06.txt,BridgingCount,2,2,,EXACT,MATCH,Exact match
GS PID,30.0,6,data/pengujian_final/log_160_trial/gs_pid/SP30/GS_PID_SP30_trial06.txt,WithinTolerance,True,1,,EXACT,MATCH,Exact match
GS PID,30.0,6,data/pengujian_final/log_160_trial/gs_pid/SP30/GS_PID_SP30_trial06.txt,StopReason,TARGET,TARGET,,EXACT,MATCH,Exact match
GS PID,30.0,7,data/pengujian_final/log_160_trial/gs_pid/SP30/GS_PID_SP30_trial07.txt,FinalMass_g,29.88,29.88,0.0,0.01,MATCH,Within tolerance
GS PID,30.0,7,data/pengujian_final/log_160_trial/gs_pid/SP30/GS_PID_SP30_trial07.txt,FinalError_g,-0.120000000000001,-0.12,9.992007221626409e-16,0.01,MATCH,Within tolerance
GS PID,30.0,7,data/pengujian_final/log_160_trial/gs_pid/SP30/GS_PID_SP30_trial07.txt,AbsError_pct,0.4000000000000033,0.4,3.2751579226442118e-15,0.01,MATCH,Within tolerance
GS PID,30.0,7,data/pengujian_final/log_160_trial/gs_pid/SP30/GS_PID_SP30_trial07.txt,MaxOvershoot_pct,0.0,0.0,0.0,0.01,MATCH,Within tolerance
GS PID,30.0,7,data/pengujian_final/log_160_trial/gs_pid/SP30/GS_PID_SP30_trial07.txt,Duration_s,20.523,20.52,0.0030000000000001137,0.01,MATCH,Within tolerance
GS PID,30.0,7,data/pengujian_final/log_160_trial/gs_pid/SP30/GS_PID_SP30_trial07.txt,RiseTime_10_90_s,12.907,12.907,0.0,0.01,MATCH,Within tolerance
GS PID,30.0,7,data/pengujian_final/log_160_trial/gs_pid/SP30/GS_PID_SP30_trial07.txt,SettlingTime_s,14.931,14.931,0.0,0.01,MATCH,Within tolerance
GS PID,30.0,7,data/pengujian_final/log_160_trial/gs_pid/SP30/GS_PID_SP30_trial07.txt,BridgingCount,0,0,,EXACT,MATCH,Exact match
GS PID,30.0,7,data/pengujian_final/log_160_trial/gs_pid/SP30/GS_PID_SP30_trial07.txt,WithinTolerance,True,1,,EXACT,MATCH,Exact match
GS PID,30.0,7,data/pengujian_final/log_160_trial/gs_pid/SP30/GS_PID_SP30_trial07.txt,StopReason,TARGET,TARGET,,EXACT,MATCH,Exact match
GS PID,30.0,8,data/pengujian_final/log_160_trial/gs_pid/SP30/GS_PID_SP30_trial08.txt,FinalMass_g,29.86,29.86,0.0,0.01,MATCH,Within tolerance
GS PID,30.0,8,data/pengujian_final/log_160_trial/gs_pid/SP30/GS_PID_SP30_trial08.txt,FinalError_g,-0.14000000000000057,-0.14,5.551115123125783e-16,0.01,MATCH,Within tolerance
GS PID,30.0,8,data/pengujian_final/log_160_trial/gs_pid/SP30/GS_PID_SP30_trial08.txt,AbsError_pct,0.4666666666666685,0.47,0.0033333333333314674,0.01,MATCH,Within tolerance
GS PID,30.0,8,data/pengujian_final/log_160_trial/gs_pid/SP30/GS_PID_SP30_trial08.txt,MaxOvershoot_pct,0.0,0.0,0.0,0.01,MATCH,Within tolerance
GS PID,30.0,8,data/pengujian_final/log_160_trial/gs_pid/SP30/GS_PID_SP30_trial08.txt,Duration_s,24.402,24.4,0.0020000000000024443,0.01,MATCH,Within tolerance
GS PID,30.0,8,data/pengujian_final/log_160_trial/gs_pid/SP30/GS_PID_SP30_trial08.txt,RiseTime_10_90_s,,22.206,,0.01,MISMATCH,One is NaN
GS PID,30.0,8,data/pengujian_final/log_160_trial/gs_pid/SP30/GS_PID_SP30_trial08.txt,SettlingTime_s,,22.94,,0.01,MISMATCH,One is NaN
GS PID,30.0,8,data/pengujian_final/log_160_trial/gs_pid/SP30/GS_PID_SP30_trial08.txt,BridgingCount,2,2,,EXACT,MATCH,Exact match
GS PID,30.0,8,data/pengujian_final/log_160_trial/gs_pid/SP30/GS_PID_SP30_trial08.txt,WithinTolerance,True,1,,EXACT,MATCH,Exact match
GS PID,30.0,8,data/pengujian_final/log_160_trial/gs_pid/SP30/GS_PID_SP30_trial08.txt,StopReason,TARGET,TARGET,,EXACT,MATCH,Exact match
GS PID,30.0,9,data/pengujian_final/log_160_trial/gs_pid/SP30/GS_PID_SP30_trial09.txt,FinalMass_g,29.66,29.66,0.0,0.01,MATCH,Within tolerance
GS PID,30.0,9,data/pengujian_final/log_160_trial/gs_pid/SP30/GS_PID_SP30_trial09.txt,FinalError_g,-0.33999999999999986,-0.34,1.6653345369377348e-16,0.01,MATCH,Within tolerance
GS PID,30.0,9,data/pengujian_final/log_160_trial/gs_pid/SP30/GS_PID_SP30_trial09.txt,AbsError_pct,1.1333333333333329,1.14,0.006666666666667043,0.01,MATCH,Within tolerance
GS PID,30.0,9,data/pengujian_final/log_160_trial/gs_pid/SP30/GS_PID_SP30_trial09.txt,MaxOvershoot_pct,0.0,0.0,0.0,0.01,MATCH,Within tolerance
GS PID,30.0,9,data/pengujian_final/log_160_trial/gs_pid/SP30/GS_PID_SP30_trial09.txt,Duration_s,26.978,26.98,0.0019999999999988916,0.01,MATCH,Within tolerance
GS PID,30.0,9,data/pengujian_final/log_160_trial/gs_pid/SP30/GS_PID_SP30_trial09.txt,RiseTime_10_90_s,20.651,20.651,0.0,0.01,MATCH,Within tolerance
GS PID,30.0,9,data/pengujian_final/log_160_trial/gs_pid/SP30/GS_PID_SP30_trial09.txt,SettlingTime_s,23.708,23.708,0.0,0.01,MATCH,Within tolerance
GS PID,30.0,9,data/pengujian_final/log_160_trial/gs_pid/SP30/GS_PID_SP30_trial09.txt,BridgingCount,1,1,,EXACT,MATCH,Exact match
GS PID,30.0,9,data/pengujian_final/log_160_trial/gs_pid/SP30/GS_PID_SP30_trial09.txt,WithinTolerance,True,1,,EXACT,MATCH,Exact match
GS PID,30.0,9,data/pengujian_final/log_160_trial/gs_pid/SP30/GS_PID_SP30_trial09.txt,StopReason,TARGET,TARGET,,EXACT,MATCH,Exact match
GS PID,30.0,10,data/pengujian_final/log_160_trial/gs_pid/SP30/GS_PID_SP30_trial10.txt,FinalMass_g,29.85,29.85,0.0,0.01,MATCH,Within tolerance
GS PID,30.0,10,data/pengujian_final/log_160_trial/gs_pid/SP30/GS_PID_SP30_trial10.txt,FinalError_g,-0.14999999999999858,-0.15,1.4155343563970746e-15,0.01,MATCH,Within tolerance
GS PID,30.0,10,data/pengujian_final/log_160_trial/gs_pid/SP30/GS_PID_SP30_trial10.txt,AbsError_pct,0.4999999999999952,0.51,0.010000000000004783,0.01,MISMATCH,Outside tolerance
GS PID,30.0,10,data/pengujian_final/log_160_trial/gs_pid/SP30/GS_PID_SP30_trial10.txt,MaxOvershoot_pct,0.0,0.0,0.0,0.01,MATCH,Within tolerance
GS PID,30.0,10,data/pengujian_final/log_160_trial/gs_pid/SP30/GS_PID_SP30_trial10.txt,Duration_s,25.172,25.17,0.0019999999999988916,0.01,MATCH,Within tolerance
GS PID,30.0,10,data/pengujian_final/log_160_trial/gs_pid/SP30/GS_PID_SP30_trial10.txt,RiseTime_10_90_s,14.714,14.714,0.0,0.01,MATCH,Within tolerance
GS PID,30.0,10,data/pengujian_final/log_160_trial/gs_pid/SP30/GS_PID_SP30_trial10.txt,SettlingTime_s,22.16,22.16,0.0,0.01,MATCH,Within tolerance
GS PID,30.0,10,data/pengujian_final/log_160_trial/gs_pid/SP30/GS_PID_SP30_trial10.txt,BridgingCount,0,0,,EXACT,MATCH,Exact match
GS PID,30.0,10,data/pengujian_final/log_160_trial/gs_pid/SP30/GS_PID_SP30_trial10.txt,WithinTolerance,True,1,,EXACT,MATCH,Exact match
GS PID,30.0,10,data/pengujian_final/log_160_trial/gs_pid/SP30/GS_PID_SP30_trial10.txt,StopReason,TARGET,TARGET,,EXACT,MATCH,Exact match
Manual Cepat,15.0,1,data/pengujian_final/log_160_trial/manual_cepat/SP15/ManualCepat_SP15_trial01.txt,FinalMass_g,15.33,15.33,0.0,0.01,MATCH,Within tolerance
Manual Cepat,15.0,1,data/pengujian_final/log_160_trial/manual_cepat/SP15/ManualCepat_SP15_trial01.txt,FinalError_g,0.33000000000000007,0.33,5.551115123125783e-17,0.01,MATCH,Within tolerance
Manual Cepat,15.0,1,data/pengujian_final/log_160_trial/manual_cepat/SP15/ManualCepat_SP15_trial01.txt,AbsError_pct,2.2000000000000006,2.19,0.010000000000000675,0.01,MISMATCH,Outside tolerance
Manual Cepat,15.0,1,data/pengujian_final/log_160_trial/manual_cepat/SP15/ManualCepat_SP15_trial01.txt,MaxOvershoot_pct,0.0,2.19,2.19,0.01,MISMATCH,Outside tolerance
Manual Cepat,15.0,1,data/pengujian_final/log_160_trial/manual_cepat/SP15/ManualCepat_SP15_trial01.txt,Duration_s,3.058,3.06,0.002000000000000224,0.01,MATCH,Within tolerance
Manual Cepat,15.0,1,data/pengujian_final/log_160_trial/manual_cepat/SP15/ManualCepat_SP15_trial01.txt,RiseTime_10_90_s,,2.324,,0.01,MISMATCH,One is NaN
Manual Cepat,15.0,1,data/pengujian_final/log_160_trial/manual_cepat/SP15/ManualCepat_SP15_trial01.txt,SettlingTime_s,,2.8,,0.01,MISMATCH,One is NaN
Manual Cepat,15.0,1,data/pengujian_final/log_160_trial/manual_cepat/SP15/ManualCepat_SP15_trial01.txt,BridgingCount,0,0,,EXACT,MATCH,Exact match
Manual Cepat,15.0,1,data/pengujian_final/log_160_trial/manual_cepat/SP15/ManualCepat_SP15_trial01.txt,WithinTolerance,True,1,,EXACT,MATCH,Exact match
Manual Cepat,15.0,1,data/pengujian_final/log_160_trial/manual_cepat/SP15/ManualCepat_SP15_trial01.txt,StopReason,TARGET,TARGET,,EXACT,MATCH,Exact match
Manual Cepat,15.0,2,data/pengujian_final/log_160_trial/manual_cepat/SP15/ManualCepat_SP15_trial02.txt,FinalMass_g,15.91,15.91,0.0,0.01,MATCH,Within tolerance
Manual Cepat,15.0,2,data/pengujian_final/log_160_trial/manual_cepat/SP15/ManualCepat_SP15_trial02.txt,FinalError_g,0.9100000000000001,0.91,1.1102230246251565e-16,0.01,MATCH,Within tolerance
Manual Cepat,15.0,2,data/pengujian_final/log_160_trial/manual_cepat/SP15/ManualCepat_SP15_trial02.txt,AbsError_pct,6.066666666666667,6.08,0.013333333333332753,0.01,MISMATCH,Outside tolerance
Manual Cepat,15.0,2,data/pengujian_final/log_160_trial/manual_cepat/SP15/ManualCepat_SP15_trial02.txt,MaxOvershoot_pct,0.0,6.08,6.08,0.01,MISMATCH,Outside tolerance
Manual Cepat,15.0,2,data/pengujian_final/log_160_trial/manual_cepat/SP15/ManualCepat_SP15_trial02.txt,Duration_s,5.123,5.12,0.0030000000000001137,0.01,MATCH,Within tolerance
Manual Cepat,15.0,2,data/pengujian_final/log_160_trial/manual_cepat/SP15/ManualCepat_SP15_trial02.txt,RiseTime_10_90_s,,4.132,,0.01,MISMATCH,One is NaN
Manual Cepat,15.0,2,data/pengujian_final/log_160_trial/manual_cepat/SP15/ManualCepat_SP15_trial02.txt,SettlingTime_s,,,0.0,0.01,MATCH,Both NaN
Manual Cepat,15.0,2,data/pengujian_final/log_160_trial/manual_cepat/SP15/ManualCepat_SP15_trial02.txt,BridgingCount,0,0,,EXACT,MATCH,Exact match
Manual Cepat,15.0,2,data/pengujian_final/log_160_trial/manual_cepat/SP15/ManualCepat_SP15_trial02.txt,WithinTolerance,False,0,,EXACT,MATCH,Exact match
Manual Cepat,15.0,2,data/pengujian_final/log_160_trial/manual_cepat/SP15/ManualCepat_SP15_trial02.txt,StopReason,TARGET,TARGET,,EXACT,MATCH,Exact match
Manual Cepat,15.0,3,data/pengujian_final/log_160_trial/manual_cepat/SP15/ManualCepat_SP15_trial03.txt,FinalMass_g,15.35,15.35,0.0,0.01,MATCH,Within tolerance
Manual Cepat,15.0,3,data/pengujian_final/log_160_trial/manual_cepat/SP15/ManualCepat_SP15_trial03.txt,FinalError_g,0.34999999999999964,0.35,3.3306690738754696e-16,0.01,MATCH,Within tolerance
Manual Cepat,15.0,3,data/pengujian_final/log_160_trial/manual_cepat/SP15/ManualCepat_SP15_trial03.txt,AbsError_pct,2.333333333333331,2.36,0.02666666666666906,0.01,MISMATCH,Outside tolerance
Manual Cepat,15.0,3,data/pengujian_final/log_160_trial/manual_cepat/SP15/ManualCepat_SP15_trial03.txt,MaxOvershoot_pct,0.0,2.36,2.36,0.01,MISMATCH,Outside tolerance
Manual Cepat,15.0,3,data/pengujian_final/log_160_trial/manual_cepat/SP15/ManualCepat_SP15_trial03.txt,Duration_s,4.865,4.87,0.004999999999999893,0.01,MATCH,Within tolerance
Manual Cepat,15.0,3,data/pengujian_final/log_160_trial/manual_cepat/SP15/ManualCepat_SP15_trial03.txt,RiseTime_10_90_s,,3.099,,0.01,MISMATCH,One is NaN
Manual Cepat,15.0,3,data/pengujian_final/log_160_trial/manual_cepat/SP15/ManualCepat_SP15_trial03.txt,SettlingTime_s,,4.607,,0.01,MISMATCH,One is NaN
Manual Cepat,15.0,3,data/pengujian_final/log_160_trial/manual_cepat/SP15/ManualCepat_SP15_trial03.txt,BridgingCount,0,0,,EXACT,MATCH,Exact match
Manual Cepat,15.0,3,data/pengujian_final/log_160_trial/manual_cepat/SP15/ManualCepat_SP15_trial03.txt,WithinTolerance,True,1,,EXACT,MATCH,Exact match
Manual Cepat,15.0,3,data/pengujian_final/log_160_trial/manual_cepat/SP15/ManualCepat_SP15_trial03.txt,StopReason,TARGET,TARGET,,EXACT,MATCH,Exact match
Manual Cepat,15.0,4,data/pengujian_final/log_160_trial/manual_cepat/SP15/ManualCepat_SP15_trial04.txt,FinalMass_g,20.48,20.48,0.0,0.01,MATCH,Within tolerance
Manual Cepat,15.0,4,data/pengujian_final/log_160_trial/manual_cepat/SP15/ManualCepat_SP15_trial04.txt,FinalError_g,5.48,5.48,0.0,0.01,MATCH,Within tolerance
Manual Cepat,15.0,4,data/pengujian_final/log_160_trial/manual_cepat/SP15/ManualCepat_SP15_trial04.txt,AbsError_pct,36.53333333333333,36.52,0.013333333333328312,0.01,MISMATCH,Outside tolerance
Manual Cepat,15.0,4,data/pengujian_final/log_160_trial/manual_cepat/SP15/ManualCepat_SP15_trial04.txt,MaxOvershoot_pct,0.0,36.52,36.52,0.01,MISMATCH,Outside tolerance
Manual Cepat,15.0,4,data/pengujian_final/log_160_trial/manual_cepat/SP15/ManualCepat_SP15_trial04.txt,Duration_s,5.123,5.12,0.0030000000000001137,0.01,MATCH,Within tolerance
Manual Cepat,15.0,4,data/pengujian_final/log_160_trial/manual_cepat/SP15/ManualCepat_SP15_trial04.txt,RiseTime_10_90_s,,4.389,,0.01,MISMATCH,One is NaN
Manual Cepat,15.0,4,data/pengujian_final/log_160_trial/manual_cepat/SP15/ManualCepat_SP15_trial04.txt,SettlingTime_s,,,0.0,0.01,MATCH,Both NaN
Manual Cepat,15.0,4,data/pengujian_final/log_160_trial/manual_cepat/SP15/ManualCepat_SP15_trial04.txt,BridgingCount,0,0,,EXACT,MATCH,Exact match
Manual Cepat,15.0,4,data/pengujian_final/log_160_trial/manual_cepat/SP15/ManualCepat_SP15_trial04.txt,WithinTolerance,False,0,,EXACT,MATCH,Exact match
Manual Cepat,15.0,4,data/pengujian_final/log_160_trial/manual_cepat/SP15/ManualCepat_SP15_trial04.txt,StopReason,TARGET,TARGET,,EXACT,MATCH,Exact match
Manual Cepat,15.0,5,data/pengujian_final/log_160_trial/manual_cepat/SP15/ManualCepat_SP15_trial05.txt,FinalMass_g,22.17,22.17,0.0,0.01,MATCH,Within tolerance
Manual Cepat,15.0,5,data/pengujian_final/log_160_trial/manual_cepat/SP15/ManualCepat_SP15_trial05.txt,FinalError_g,7.170000000000002,7.17,1.7763568394002505e-15,0.01,MATCH,Within tolerance
Manual Cepat,15.0,5,data/pengujian_final/log_160_trial/manual_cepat/SP15/ManualCepat_SP15_trial05.txt,AbsError_pct,47.80000000000001,47.83,0.029999999999986926,0.01,MISMATCH,Outside tolerance
Manual Cepat,15.0,5,data/pengujian_final/log_160_trial/manual_cepat/SP15/ManualCepat_SP15_trial05.txt,MaxOvershoot_pct,0.0,47.83,47.83,0.01,MISMATCH,Outside tolerance
Manual Cepat,15.0,5,data/pengujian_final/log_160_trial/manual_cepat/SP15/ManualCepat_SP15_trial05.txt,Duration_s,17.258,17.26,0.0020000000000024443,0.01,MATCH,Within tolerance
Manual Cepat,15.0,5,data/pengujian_final/log_160_trial/manual_cepat/SP15/ManualCepat_SP15_trial05.txt,RiseTime_10_90_s,,16.525,,0.01,MISMATCH,One is NaN
Manual Cepat,15.0,5,data/pengujian_final/log_160_trial/manual_cepat/SP15/ManualCepat_SP15_trial05.txt,SettlingTime_s,,,0.0,0.01,MATCH,Both NaN
Manual Cepat,15.0,5,data/pengujian_final/log_160_trial/manual_cepat/SP15/ManualCepat_SP15_trial05.txt,BridgingCount,2,2,,EXACT,MATCH,Exact match
Manual Cepat,15.0,5,data/pengujian_final/log_160_trial/manual_cepat/SP15/ManualCepat_SP15_trial05.txt,WithinTolerance,False,0,,EXACT,MATCH,Exact match
Manual Cepat,15.0,5,data/pengujian_final/log_160_trial/manual_cepat/SP15/ManualCepat_SP15_trial05.txt,StopReason,TARGET,TARGET,,EXACT,MATCH,Exact match
Manual Cepat,15.0,6,data/pengujian_final/log_160_trial/manual_cepat/SP15/ManualCepat_SP15_trial06.txt,FinalMass_g,16.1,16.1,0.0,0.01,MATCH,Within tolerance
Manual Cepat,15.0,6,data/pengujian_final/log_160_trial/manual_cepat/SP15/ManualCepat_SP15_trial06.txt,FinalError_g,1.1000000000000014,1.1,1.3322676295501878e-15,0.01,MATCH,Within tolerance
Manual Cepat,15.0,6,data/pengujian_final/log_160_trial/manual_cepat/SP15/ManualCepat_SP15_trial06.txt,AbsError_pct,7.333333333333343,7.33,0.003333333333342736,0.01,MATCH,Within tolerance
Manual Cepat,15.0,6,data/pengujian_final/log_160_trial/manual_cepat/SP15/ManualCepat_SP15_trial06.txt,MaxOvershoot_pct,0.0,7.33,7.33,0.01,MISMATCH,Outside tolerance
Manual Cepat,15.0,6,data/pengujian_final/log_160_trial/manual_cepat/SP15/ManualCepat_SP15_trial06.txt,Duration_s,1.25,1.25,0.0,0.01,MATCH,Within tolerance
Manual Cepat,15.0,6,data/pengujian_final/log_160_trial/manual_cepat/SP15/ManualCepat_SP15_trial06.txt,RiseTime_10_90_s,,0.517,,0.01,MISMATCH,One is NaN
Manual Cepat,15.0,6,data/pengujian_final/log_160_trial/manual_cepat/SP15/ManualCepat_SP15_trial06.txt,SettlingTime_s,,,0.0,0.01,MATCH,Both NaN
Manual Cepat,15.0,6,data/pengujian_final/log_160_trial/manual_cepat/SP15/ManualCepat_SP15_trial06.txt,BridgingCount,0,0,,EXACT,MATCH,Exact match
Manual Cepat,15.0,6,data/pengujian_final/log_160_trial/manual_cepat/SP15/ManualCepat_SP15_trial06.txt,WithinTolerance,False,0,,EXACT,MATCH,Exact match
Manual Cepat,15.0,6,data/pengujian_final/log_160_trial/manual_cepat/SP15/ManualCepat_SP15_trial06.txt,StopReason,TARGET,TARGET,,EXACT,MATCH,Exact match
Manual Cepat,15.0,7,data/pengujian_final/log_160_trial/manual_cepat/SP15/ManualCepat_SP15_trial07.txt,FinalMass_g,23.61,23.61,0.0,0.01,MATCH,Within tolerance
Manual Cepat,15.0,7,data/pengujian_final/log_160_trial/manual_cepat/SP15/ManualCepat_SP15_trial07.txt,FinalError_g,8.61,8.61,0.0,0.01,MATCH,Within tolerance
Manual Cepat,15.0,7,data/pengujian_final/log_160_trial/manual_cepat/SP15/ManualCepat_SP15_trial07.txt,AbsError_pct,57.4,57.4,0.0,0.01,MATCH,Within tolerance
Manual Cepat,15.0,7,data/pengujian_final/log_160_trial/manual_cepat/SP15/ManualCepat_SP15_trial07.txt,MaxOvershoot_pct,0.0,57.4,57.4,0.01,MISMATCH,Outside tolerance
Manual Cepat,15.0,7,data/pengujian_final/log_160_trial/manual_cepat/SP15/ManualCepat_SP15_trial07.txt,Duration_s,8.997,9.0,0.0030000000000001137,0.01,MATCH,Within tolerance
Manual Cepat,15.0,7,data/pengujian_final/log_160_trial/manual_cepat/SP15/ManualCepat_SP15_trial07.txt,RiseTime_10_90_s,,6.455,,0.01,MISMATCH,One is NaN
Manual Cepat,15.0,7,data/pengujian_final/log_160_trial/manual_cepat/SP15/ManualCepat_SP15_trial07.txt,SettlingTime_s,,,0.0,0.01,MATCH,Both NaN
Manual Cepat,15.0,7,data/pengujian_final/log_160_trial/manual_cepat/SP15/ManualCepat_SP15_trial07.txt,BridgingCount,0,0,,EXACT,MATCH,Exact match
Manual Cepat,15.0,7,data/pengujian_final/log_160_trial/manual_cepat/SP15/ManualCepat_SP15_trial07.txt,WithinTolerance,False,0,,EXACT,MATCH,Exact match
Manual Cepat,15.0,7,data/pengujian_final/log_160_trial/manual_cepat/SP15/ManualCepat_SP15_trial07.txt,StopReason,TARGET,TARGET,,EXACT,MATCH,Exact match
Manual Cepat,15.0,8,data/pengujian_final/log_160_trial/manual_cepat/SP15/ManualCepat_SP15_trial08.txt,FinalMass_g,14.92,14.92,0.0,0.01,MATCH,Within tolerance
Manual Cepat,15.0,8,data/pengujian_final/log_160_trial/manual_cepat/SP15/ManualCepat_SP15_trial08.txt,FinalError_g,-0.08000000000000007,-0.08,6.938893903907228e-17,0.01,MATCH,Within tolerance
Manual Cepat,15.0,8,data/pengujian_final/log_160_trial/manual_cepat/SP15/ManualCepat_SP15_trial08.txt,AbsError_pct,0.5333333333333339,0.52,0.013333333333333863,0.01,MISMATCH,Outside tolerance
Manual Cepat,15.0,8,data/pengujian_final/log_160_trial/manual_cepat/SP15/ManualCepat_SP15_trial08.txt,MaxOvershoot_pct,0.0,2.4,2.4,0.01,MISMATCH,Outside tolerance
Manual Cepat,15.0,8,data/pengujian_final/log_160_trial/manual_cepat/SP15/ManualCepat_SP15_trial08.txt,Duration_s,3.057,3.06,0.0030000000000001137,0.01,MATCH,Within tolerance
Manual Cepat,15.0,8,data/pengujian_final/log_160_trial/manual_cepat/SP15/ManualCepat_SP15_trial08.txt,RiseTime_10_90_s,,2.325,,0.01,MISMATCH,One is NaN
Manual Cepat,15.0,8,data/pengujian_final/log_160_trial/manual_cepat/SP15/ManualCepat_SP15_trial08.txt,SettlingTime_s,,2.8,,0.01,MISMATCH,One is NaN
Manual Cepat,15.0,8,data/pengujian_final/log_160_trial/manual_cepat/SP15/ManualCepat_SP15_trial08.txt,BridgingCount,0,0,,EXACT,MATCH,Exact match
Manual Cepat,15.0,8,data/pengujian_final/log_160_trial/manual_cepat/SP15/ManualCepat_SP15_trial08.txt,WithinTolerance,True,1,,EXACT,MATCH,Exact match
Manual Cepat,15.0,8,data/pengujian_final/log_160_trial/manual_cepat/SP15/ManualCepat_SP15_trial08.txt,StopReason,TARGET,TARGET,,EXACT,MATCH,Exact match
Manual Cepat,15.0,9,data/pengujian_final/log_160_trial/manual_cepat/SP15/ManualCepat_SP15_trial09.txt,FinalMass_g,18.01,18.01,0.0,0.01,MATCH,Within tolerance
Manual Cepat,15.0,9,data/pengujian_final/log_160_trial/manual_cepat/SP15/ManualCepat_SP15_trial09.txt,FinalError_g,3.0100000000000016,3.01,1.7763568394002505e-15,0.01,MATCH,Within tolerance
Manual Cepat,15.0,9,data/pengujian_final/log_160_trial/manual_cepat/SP15/ManualCepat_SP15_trial09.txt,AbsError_pct,20.066666666666677,20.05,0.016666666666676377,0.01,MISMATCH,Outside tolerance
Manual Cepat,15.0,9,data/pengujian_final/log_160_trial/manual_cepat/SP15/ManualCepat_SP15_trial09.txt,MaxOvershoot_pct,0.0,20.05,20.05,0.01,MISMATCH,Outside tolerance
Manual Cepat,15.0,9,data/pengujian_final/log_160_trial/manual_cepat/SP15/ManualCepat_SP15_trial09.txt,Duration_s,3.057,3.06,0.0030000000000001137,0.01,MATCH,Within tolerance
Manual Cepat,15.0,9,data/pengujian_final/log_160_trial/manual_cepat/SP15/ManualCepat_SP15_trial09.txt,RiseTime_10_90_s,,2.324,,0.01,MISMATCH,One is NaN
Manual Cepat,15.0,9,data/pengujian_final/log_160_trial/manual_cepat/SP15/ManualCepat_SP15_trial09.txt,SettlingTime_s,,,0.0,0.01,MATCH,Both NaN
Manual Cepat,15.0,9,data/pengujian_final/log_160_trial/manual_cepat/SP15/ManualCepat_SP15_trial09.txt,BridgingCount,0,0,,EXACT,MATCH,Exact match
Manual Cepat,15.0,9,data/pengujian_final/log_160_trial/manual_cepat/SP15/ManualCepat_SP15_trial09.txt,WithinTolerance,False,0,,EXACT,MATCH,Exact match
Manual Cepat,15.0,9,data/pengujian_final/log_160_trial/manual_cepat/SP15/ManualCepat_SP15_trial09.txt,StopReason,TARGET,TARGET,,EXACT,MATCH,Exact match
Manual Cepat,15.0,10,data/pengujian_final/log_160_trial/manual_cepat/SP15/ManualCepat_SP15_trial10.txt,FinalMass_g,21.43,21.43,0.0,0.01,MATCH,Within tolerance
Manual Cepat,15.0,10,data/pengujian_final/log_160_trial/manual_cepat/SP15/ManualCepat_SP15_trial10.txt,FinalError_g,6.43,6.43,0.0,0.01,MATCH,Within tolerance
Manual Cepat,15.0,10,data/pengujian_final/log_160_trial/manual_cepat/SP15/ManualCepat_SP15_trial10.txt,AbsError_pct,42.86666666666667,42.86,0.006666666666667709,0.01,MATCH,Within tolerance
Manual Cepat,15.0,10,data/pengujian_final/log_160_trial/manual_cepat/SP15/ManualCepat_SP15_trial10.txt,MaxOvershoot_pct,0.0,42.86,42.86,0.01,MISMATCH,Outside tolerance
Manual Cepat,15.0,10,data/pengujian_final/log_160_trial/manual_cepat/SP15/ManualCepat_SP15_trial10.txt,Duration_s,11.579,11.58,0.0009999999999994458,0.01,MATCH,Within tolerance
Manual Cepat,15.0,10,data/pengujian_final/log_160_trial/manual_cepat/SP15/ManualCepat_SP15_trial10.txt,RiseTime_10_90_s,,10.846,,0.01,MISMATCH,One is NaN
Manual Cepat,15.0,10,data/pengujian_final/log_160_trial/manual_cepat/SP15/ManualCepat_SP15_trial10.txt,SettlingTime_s,,,0.0,0.01,MATCH,Both NaN
Manual Cepat,15.0,10,data/pengujian_final/log_160_trial/manual_cepat/SP15/ManualCepat_SP15_trial10.txt,BridgingCount,1,1,,EXACT,MATCH,Exact match
Manual Cepat,15.0,10,data/pengujian_final/log_160_trial/manual_cepat/SP15/ManualCepat_SP15_trial10.txt,WithinTolerance,False,0,,EXACT,MATCH,Exact match
Manual Cepat,15.0,10,data/pengujian_final/log_160_trial/manual_cepat/SP15/ManualCepat_SP15_trial10.txt,StopReason,TARGET,TARGET,,EXACT,MATCH,Exact match
Manual Cepat,20.0,1,data/pengujian_final/log_160_trial/manual_cepat/SP20/ManualCepat_SP20_trial01.txt,FinalMass_g,22.92,22.92,0.0,0.01,MATCH,Within tolerance
Manual Cepat,20.0,1,data/pengujian_final/log_160_trial/manual_cepat/SP20/ManualCepat_SP20_trial01.txt,FinalError_g,2.9200000000000017,2.92,1.7763568394002505e-15,0.01,MATCH,Within tolerance
Manual Cepat,20.0,1,data/pengujian_final/log_160_trial/manual_cepat/SP20/ManualCepat_SP20_trial01.txt,AbsError_pct,14.600000000000007,14.6,7.105427357601002e-15,0.01,MATCH,Within tolerance
Manual Cepat,20.0,1,data/pengujian_final/log_160_trial/manual_cepat/SP20/ManualCepat_SP20_trial01.txt,MaxOvershoot_pct,0.0,14.6,14.6,0.01,MISMATCH,Outside tolerance
Manual Cepat,20.0,1,data/pengujian_final/log_160_trial/manual_cepat/SP20/ManualCepat_SP20_trial01.txt,Duration_s,11.062,11.06,0.0019999999999988916,0.01,MATCH,Within tolerance
Manual Cepat,20.0,1,data/pengujian_final/log_160_trial/manual_cepat/SP20/ManualCepat_SP20_trial01.txt,RiseTime_10_90_s,,8.521,,0.01,MISMATCH,One is NaN
Manual Cepat,20.0,1,data/pengujian_final/log_160_trial/manual_cepat/SP20/ManualCepat_SP20_trial01.txt,SettlingTime_s,,,0.0,0.01,MATCH,Both NaN
Manual Cepat,20.0,1,data/pengujian_final/log_160_trial/manual_cepat/SP20/ManualCepat_SP20_trial01.txt,BridgingCount,0,0,,EXACT,MATCH,Exact match
Manual Cepat,20.0,1,data/pengujian_final/log_160_trial/manual_cepat/SP20/ManualCepat_SP20_trial01.txt,WithinTolerance,False,0,,EXACT,MATCH,Exact match
Manual Cepat,20.0,1,data/pengujian_final/log_160_trial/manual_cepat/SP20/ManualCepat_SP20_trial01.txt,StopReason,TARGET,TARGET,,EXACT,MATCH,Exact match
Manual Cepat,20.0,2,data/pengujian_final/log_160_trial/manual_cepat/SP20/ManualCepat_SP20_trial02.txt,FinalMass_g,23.1,23.1,0.0,0.01,MATCH,Within tolerance
Manual Cepat,20.0,2,data/pengujian_final/log_160_trial/manual_cepat/SP20/ManualCepat_SP20_trial02.txt,FinalError_g,3.1000000000000014,3.1,1.3322676295501878e-15,0.01,MATCH,Within tolerance
Manual Cepat,20.0,2,data/pengujian_final/log_160_trial/manual_cepat/SP20/ManualCepat_SP20_trial02.txt,AbsError_pct,15.500000000000009,15.52,0.019999999999990692,0.01,MISMATCH,Outside tolerance
Manual Cepat,20.0,2,data/pengujian_final/log_160_trial/manual_cepat/SP20/ManualCepat_SP20_trial02.txt,MaxOvershoot_pct,0.0,15.52,15.52,0.01,MISMATCH,Outside tolerance
Manual Cepat,20.0,2,data/pengujian_final/log_160_trial/manual_cepat/SP20/ManualCepat_SP20_trial02.txt,Duration_s,4.865,4.87,0.004999999999999893,0.01,MATCH,Within tolerance
Manual Cepat,20.0,2,data/pengujian_final/log_160_trial/manual_cepat/SP20/ManualCepat_SP20_trial02.txt,RiseTime_10_90_s,,2.841,,0.01,MISMATCH,One is NaN
Manual Cepat,20.0,2,data/pengujian_final/log_160_trial/manual_cepat/SP20/ManualCepat_SP20_trial02.txt,SettlingTime_s,,,0.0,0.01,MATCH,Both NaN
Manual Cepat,20.0,2,data/pengujian_final/log_160_trial/manual_cepat/SP20/ManualCepat_SP20_trial02.txt,BridgingCount,0,0,,EXACT,MATCH,Exact match
Manual Cepat,20.0,2,data/pengujian_final/log_160_trial/manual_cepat/SP20/ManualCepat_SP20_trial02.txt,WithinTolerance,False,0,,EXACT,MATCH,Exact match
Manual Cepat,20.0,2,data/pengujian_final/log_160_trial/manual_cepat/SP20/ManualCepat_SP20_trial02.txt,StopReason,TARGET,TARGET,,EXACT,MATCH,Exact match
Manual Cepat,20.0,3,data/pengujian_final/log_160_trial/manual_cepat/SP20/ManualCepat_SP20_trial03.txt,FinalMass_g,19.81,19.81,0.0,0.01,MATCH,Within tolerance
Manual Cepat,20.0,3,data/pengujian_final/log_160_trial/manual_cepat/SP20/ManualCepat_SP20_trial03.txt,FinalError_g,-0.19000000000000128,-0.19,1.27675647831893e-15,0.01,MATCH,Within tolerance
Manual Cepat,20.0,3,data/pengujian_final/log_160_trial/manual_cepat/SP20/ManualCepat_SP20_trial03.txt,AbsError_pct,0.9500000000000064,0.93,0.020000000000006346,0.01,MISMATCH,Outside tolerance
Manual Cepat,20.0,3,data/pengujian_final/log_160_trial/manual_cepat/SP20/ManualCepat_SP20_trial03.txt,MaxOvershoot_pct,0.0,0.0,0.0,0.01,MATCH,Within tolerance
Manual Cepat,20.0,3,data/pengujian_final/log_160_trial/manual_cepat/SP20/ManualCepat_SP20_trial03.txt,Duration_s,11.582,11.58,0.002000000000000668,0.01,MATCH,Within tolerance
Manual Cepat,20.0,3,data/pengujian_final/log_160_trial/manual_cepat/SP20/ManualCepat_SP20_trial03.txt,RiseTime_10_90_s,,8.782,,0.01,MISMATCH,One is NaN
Manual Cepat,20.0,3,data/pengujian_final/log_160_trial/manual_cepat/SP20/ManualCepat_SP20_trial03.txt,SettlingTime_s,,11.324,,0.01,MISMATCH,One is NaN
Manual Cepat,20.0,3,data/pengujian_final/log_160_trial/manual_cepat/SP20/ManualCepat_SP20_trial03.txt,BridgingCount,0,0,,EXACT,MATCH,Exact match
Manual Cepat,20.0,3,data/pengujian_final/log_160_trial/manual_cepat/SP20/ManualCepat_SP20_trial03.txt,WithinTolerance,True,1,,EXACT,MATCH,Exact match
Manual Cepat,20.0,3,data/pengujian_final/log_160_trial/manual_cepat/SP20/ManualCepat_SP20_trial03.txt,StopReason,TARGET,TARGET,,EXACT,MATCH,Exact match
Manual Cepat,20.0,4,data/pengujian_final/log_160_trial/manual_cepat/SP20/ManualCepat_SP20_trial04.txt,FinalMass_g,20.59,20.59,0.0,0.01,MATCH,Within tolerance
Manual Cepat,20.0,4,data/pengujian_final/log_160_trial/manual_cepat/SP20/ManualCepat_SP20_trial04.txt,FinalError_g,0.5899999999999999,0.59,1.1102230246251565e-16,0.01,MATCH,Within tolerance
Manual Cepat,20.0,4,data/pengujian_final/log_160_trial/manual_cepat/SP20/ManualCepat_SP20_trial04.txt,AbsError_pct,2.9499999999999993,2.96,0.010000000000000675,0.01,MISMATCH,Outside tolerance
Manual Cepat,20.0,4,data/pengujian_final/log_160_trial/manual_cepat/SP20/ManualCepat_SP20_trial04.txt,MaxOvershoot_pct,0.0,2.96,2.96,0.01,MISMATCH,Outside tolerance
Manual Cepat,20.0,4,data/pengujian_final/log_160_trial/manual_cepat/SP20/ManualCepat_SP20_trial04.txt,Duration_s,17.78,17.78,0.0,0.01,MATCH,Within tolerance
Manual Cepat,20.0,4,data/pengujian_final/log_160_trial/manual_cepat/SP20/ManualCepat_SP20_trial04.txt,RiseTime_10_90_s,,16.788,,0.01,MISMATCH,One is NaN
Manual Cepat,20.0,4,data/pengujian_final/log_160_trial/manual_cepat/SP20/ManualCepat_SP20_trial04.txt,SettlingTime_s,,17.522,,0.01,MISMATCH,One is NaN
Manual Cepat,20.0,4,data/pengujian_final/log_160_trial/manual_cepat/SP20/ManualCepat_SP20_trial04.txt,BridgingCount,1,1,,EXACT,MATCH,Exact match
Manual Cepat,20.0,4,data/pengujian_final/log_160_trial/manual_cepat/SP20/ManualCepat_SP20_trial04.txt,WithinTolerance,True,1,,EXACT,MATCH,Exact match
Manual Cepat,20.0,4,data/pengujian_final/log_160_trial/manual_cepat/SP20/ManualCepat_SP20_trial04.txt,StopReason,TARGET,TARGET,,EXACT,MATCH,Exact match
Manual Cepat,20.0,5,data/pengujian_final/log_160_trial/manual_cepat/SP20/ManualCepat_SP20_trial05.txt,FinalMass_g,22.21,22.21,0.0,0.01,MATCH,Within tolerance
Manual Cepat,20.0,5,data/pengujian_final/log_160_trial/manual_cepat/SP20/ManualCepat_SP20_trial05.txt,FinalError_g,2.210000000000001,2.21,8.881784197001252e-16,0.01,MATCH,Within tolerance
Manual Cepat,20.0,5,data/pengujian_final/log_160_trial/manual_cepat/SP20/ManualCepat_SP20_trial05.txt,AbsError_pct,11.050000000000004,11.04,0.010000000000005116,0.01,MISMATCH,Outside tolerance
Manual Cepat,20.0,5,data/pengujian_final/log_160_trial/manual_cepat/SP20/ManualCepat_SP20_trial05.txt,MaxOvershoot_pct,0.0,11.04,11.04,0.01,MISMATCH,Outside tolerance
Manual Cepat,20.0,5,data/pengujian_final/log_160_trial/manual_cepat/SP20/ManualCepat_SP20_trial05.txt,Duration_s,13.131,13.13,0.0009999999999994458,0.01,MATCH,Within tolerance
Manual Cepat,20.0,5,data/pengujian_final/log_160_trial/manual_cepat/SP20/ManualCepat_SP20_trial05.txt,RiseTime_10_90_s,,10.589,,0.01,MISMATCH,One is NaN
Manual Cepat,20.0,5,data/pengujian_final/log_160_trial/manual_cepat/SP20/ManualCepat_SP20_trial05.txt,SettlingTime_s,,,0.0,0.01,MATCH,Both NaN
Manual Cepat,20.0,5,data/pengujian_final/log_160_trial/manual_cepat/SP20/ManualCepat_SP20_trial05.txt,BridgingCount,0,0,,EXACT,MATCH,Exact match
Manual Cepat,20.0,5,data/pengujian_final/log_160_trial/manual_cepat/SP20/ManualCepat_SP20_trial05.txt,WithinTolerance,False,0,,EXACT,MATCH,Exact match
Manual Cepat,20.0,5,data/pengujian_final/log_160_trial/manual_cepat/SP20/ManualCepat_SP20_trial05.txt,StopReason,TARGET,TARGET,,EXACT,MATCH,Exact match
Manual Cepat,20.0,6,data/pengujian_final/log_160_trial/manual_cepat/SP20/ManualCepat_SP20_trial06.txt,FinalMass_g,20.71,20.71,0.0,0.01,MATCH,Within tolerance
Manual Cepat,20.0,6,data/pengujian_final/log_160_trial/manual_cepat/SP20/ManualCepat_SP20_trial06.txt,FinalError_g,0.7100000000000009,0.71,8.881784197001252e-16,0.01,MATCH,Within tolerance
Manual Cepat,20.0,6,data/pengujian_final/log_160_trial/manual_cepat/SP20/ManualCepat_SP20_trial06.txt,AbsError_pct,3.5500000000000047,3.56,0.009999999999995346,0.01,MATCH,Within tolerance
Manual Cepat,20.0,6,data/pengujian_final/log_160_trial/manual_cepat/SP20/ManualCepat_SP20_trial06.txt,MaxOvershoot_pct,0.0,3.56,3.56,0.01,MISMATCH,Outside tolerance
Manual Cepat,20.0,6,data/pengujian_final/log_160_trial/manual_cepat/SP20/ManualCepat_SP20_trial06.txt,Duration_s,5.383,5.38,0.0030000000000001137,0.01,MATCH,Within tolerance
Manual Cepat,20.0,6,data/pengujian_final/log_160_trial/manual_cepat/SP20/ManualCepat_SP20_trial06.txt,RiseTime_10_90_s,,4.391,,0.01,MISMATCH,One is NaN
Manual Cepat,20.0,6,data/pengujian_final/log_160_trial/manual_cepat/SP20/ManualCepat_SP20_trial06.txt,SettlingTime_s,,5.125,,0.01,MISMATCH,One is NaN
Manual Cepat,20.0,6,data/pengujian_final/log_160_trial/manual_cepat/SP20/ManualCepat_SP20_trial06.txt,BridgingCount,0,0,,EXACT,MATCH,Exact match
Manual Cepat,20.0,6,data/pengujian_final/log_160_trial/manual_cepat/SP20/ManualCepat_SP20_trial06.txt,WithinTolerance,True,1,,EXACT,MATCH,Exact match
Manual Cepat,20.0,6,data/pengujian_final/log_160_trial/manual_cepat/SP20/ManualCepat_SP20_trial06.txt,StopReason,TARGET,TARGET,,EXACT,MATCH,Exact match
Manual Cepat,20.0,7,data/pengujian_final/log_160_trial/manual_cepat/SP20/ManualCepat_SP20_trial07.txt,FinalMass_g,20.74,20.74,0.0,0.01,MATCH,Within tolerance
Manual Cepat,20.0,7,data/pengujian_final/log_160_trial/manual_cepat/SP20/ManualCepat_SP20_trial07.txt,FinalError_g,0.7399999999999984,0.74,1.5543122344752192e-15,0.01,MATCH,Within tolerance
Manual Cepat,20.0,7,data/pengujian_final/log_160_trial/manual_cepat/SP20/ManualCepat_SP20_trial07.txt,AbsError_pct,3.699999999999992,3.69,0.009999999999992237,0.01,MATCH,Within tolerance
Manual Cepat,20.0,7,data/pengujian_final/log_160_trial/manual_cepat/SP20/ManualCepat_SP20_trial07.txt,MaxOvershoot_pct,0.0,3.69,3.69,0.01,MISMATCH,Outside tolerance
Manual Cepat,20.0,7,data/pengujian_final/log_160_trial/manual_cepat/SP20/ManualCepat_SP20_trial07.txt,Duration_s,4.866,4.87,0.004000000000000448,0.01,MATCH,Within tolerance
Manual Cepat,20.0,7,data/pengujian_final/log_160_trial/manual_cepat/SP20/ManualCepat_SP20_trial07.txt,RiseTime_10_90_s,,4.132,,0.01,MISMATCH,One is NaN
Manual Cepat,20.0,7,data/pengujian_final/log_160_trial/manual_cepat/SP20/ManualCepat_SP20_trial07.txt,SettlingTime_s,,4.608,,0.01,MISMATCH,One is NaN
Manual Cepat,20.0,7,data/pengujian_final/log_160_trial/manual_cepat/SP20/ManualCepat_SP20_trial07.txt,BridgingCount,0,0,,EXACT,MATCH,Exact match
Manual Cepat,20.0,7,data/pengujian_final/log_160_trial/manual_cepat/SP20/ManualCepat_SP20_trial07.txt,WithinTolerance,True,1,,EXACT,MATCH,Exact match
Manual Cepat,20.0,7,data/pengujian_final/log_160_trial/manual_cepat/SP20/ManualCepat_SP20_trial07.txt,StopReason,TARGET,TARGET,,EXACT,MATCH,Exact match
Manual Cepat,20.0,8,data/pengujian_final/log_160_trial/manual_cepat/SP20/ManualCepat_SP20_trial08.txt,FinalMass_g,23.26,23.26,0.0,0.01,MATCH,Within tolerance
Manual Cepat,20.0,8,data/pengujian_final/log_160_trial/manual_cepat/SP20/ManualCepat_SP20_trial08.txt,FinalError_g,3.2600000000000016,3.26,1.7763568394002505e-15,0.01,MATCH,Within tolerance
Manual Cepat,20.0,8,data/pengujian_final/log_160_trial/manual_cepat/SP20/ManualCepat_SP20_trial08.txt,AbsError_pct,16.300000000000008,16.29,0.010000000000008669,0.01,MISMATCH,Outside tolerance
Manual Cepat,20.0,8,data/pengujian_final/log_160_trial/manual_cepat/SP20/ManualCepat_SP20_trial08.txt,MaxOvershoot_pct,0.0,16.29,16.29,0.01,MISMATCH,Outside tolerance
Manual Cepat,20.0,8,data/pengujian_final/log_160_trial/manual_cepat/SP20/ManualCepat_SP20_trial08.txt,Duration_s,11.324,11.32,0.0039999999999995595,0.01,MATCH,Within tolerance
Manual Cepat,20.0,8,data/pengujian_final/log_160_trial/manual_cepat/SP20/ManualCepat_SP20_trial08.txt,RiseTime_10_90_s,,10.332,,0.01,MISMATCH,One is NaN
Manual Cepat,20.0,8,data/pengujian_final/log_160_trial/manual_cepat/SP20/ManualCepat_SP20_trial08.txt,SettlingTime_s,,,0.0,0.01,MATCH,Both NaN
Manual Cepat,20.0,8,data/pengujian_final/log_160_trial/manual_cepat/SP20/ManualCepat_SP20_trial08.txt,BridgingCount,0,0,,EXACT,MATCH,Exact match
Manual Cepat,20.0,8,data/pengujian_final/log_160_trial/manual_cepat/SP20/ManualCepat_SP20_trial08.txt,WithinTolerance,False,0,,EXACT,MATCH,Exact match
Manual Cepat,20.0,8,data/pengujian_final/log_160_trial/manual_cepat/SP20/ManualCepat_SP20_trial08.txt,StopReason,TARGET,TARGET,,EXACT,MATCH,Exact match
Manual Cepat,20.0,9,data/pengujian_final/log_160_trial/manual_cepat/SP20/ManualCepat_SP20_trial09.txt,FinalMass_g,21.52,21.52,0.0,0.01,MATCH,Within tolerance
Manual Cepat,20.0,9,data/pengujian_final/log_160_trial/manual_cepat/SP20/ManualCepat_SP20_trial09.txt,FinalError_g,1.5199999999999996,1.52,4.440892098500626e-16,0.01,MATCH,Within tolerance
Manual Cepat,20.0,9,data/pengujian_final/log_160_trial/manual_cepat/SP20/ManualCepat_SP20_trial09.txt,AbsError_pct,7.599999999999999,7.6,8.881784197001252e-16,0.01,MATCH,Within tolerance
Manual Cepat,20.0,9,data/pengujian_final/log_160_trial/manual_cepat/SP20/ManualCepat_SP20_trial09.txt,MaxOvershoot_pct,0.0,7.6,7.6,0.01,MISMATCH,Outside tolerance
Manual Cepat,20.0,9,data/pengujian_final/log_160_trial/manual_cepat/SP20/ManualCepat_SP20_trial09.txt,Duration_s,13.39,13.39,0.0,0.01,MATCH,Within tolerance
Manual Cepat,20.0,9,data/pengujian_final/log_160_trial/manual_cepat/SP20/ManualCepat_SP20_trial09.txt,RiseTime_10_90_s,,12.397,,0.01,MISMATCH,One is NaN
Manual Cepat,20.0,9,data/pengujian_final/log_160_trial/manual_cepat/SP20/ManualCepat_SP20_trial09.txt,SettlingTime_s,,,0.0,0.01,MATCH,Both NaN
Manual Cepat,20.0,9,data/pengujian_final/log_160_trial/manual_cepat/SP20/ManualCepat_SP20_trial09.txt,BridgingCount,1,1,,EXACT,MATCH,Exact match
Manual Cepat,20.0,9,data/pengujian_final/log_160_trial/manual_cepat/SP20/ManualCepat_SP20_trial09.txt,WithinTolerance,False,0,,EXACT,MATCH,Exact match
Manual Cepat,20.0,9,data/pengujian_final/log_160_trial/manual_cepat/SP20/ManualCepat_SP20_trial09.txt,StopReason,TARGET,TARGET,,EXACT,MATCH,Exact match
Manual Cepat,20.0,10,data/pengujian_final/log_160_trial/manual_cepat/SP20/ManualCepat_SP20_trial10.txt,FinalMass_g,23.26,23.26,0.0,0.01,MATCH,Within tolerance
Manual Cepat,20.0,10,data/pengujian_final/log_160_trial/manual_cepat/SP20/ManualCepat_SP20_trial10.txt,FinalError_g,3.2600000000000016,3.26,1.7763568394002505e-15,0.01,MATCH,Within tolerance
Manual Cepat,20.0,10,data/pengujian_final/log_160_trial/manual_cepat/SP20/ManualCepat_SP20_trial10.txt,AbsError_pct,16.300000000000008,16.28,0.02000000000000668,0.01,MISMATCH,Outside tolerance
Manual Cepat,20.0,10,data/pengujian_final/log_160_trial/manual_cepat/SP20/ManualCepat_SP20_trial10.txt,MaxOvershoot_pct,0.0,16.28,16.28,0.01,MISMATCH,Outside tolerance
Manual Cepat,20.0,10,data/pengujian_final/log_160_trial/manual_cepat/SP20/ManualCepat_SP20_trial10.txt,Duration_s,4.867,4.87,0.0030000000000001137,0.01,MATCH,Within tolerance
Manual Cepat,20.0,10,data/pengujian_final/log_160_trial/manual_cepat/SP20/ManualCepat_SP20_trial10.txt,RiseTime_10_90_s,,4.133,,0.01,MISMATCH,One is NaN
Manual Cepat,20.0,10,data/pengujian_final/log_160_trial/manual_cepat/SP20/ManualCepat_SP20_trial10.txt,SettlingTime_s,,,0.0,0.01,MATCH,Both NaN
Manual Cepat,20.0,10,data/pengujian_final/log_160_trial/manual_cepat/SP20/ManualCepat_SP20_trial10.txt,BridgingCount,0,0,,EXACT,MATCH,Exact match
Manual Cepat,20.0,10,data/pengujian_final/log_160_trial/manual_cepat/SP20/ManualCepat_SP20_trial10.txt,WithinTolerance,False,0,,EXACT,MATCH,Exact match
Manual Cepat,20.0,10,data/pengujian_final/log_160_trial/manual_cepat/SP20/ManualCepat_SP20_trial10.txt,StopReason,TARGET,TARGET,,EXACT,MATCH,Exact match
Manual Cepat,25.0,1,data/pengujian_final/log_160_trial/manual_cepat/SP25/ManualCepat_SP25_trial01.txt,FinalMass_g,28.24,28.24,0.0,0.01,MATCH,Within tolerance
Manual Cepat,25.0,1,data/pengujian_final/log_160_trial/manual_cepat/SP25/ManualCepat_SP25_trial01.txt,FinalError_g,3.2399999999999984,3.24,1.7763568394002505e-15,0.01,MATCH,Within tolerance
Manual Cepat,25.0,1,data/pengujian_final/log_160_trial/manual_cepat/SP25/ManualCepat_SP25_trial01.txt,AbsError_pct,12.959999999999994,12.94,0.019999999999994245,0.01,MISMATCH,Outside tolerance
Manual Cepat,25.0,1,data/pengujian_final/log_160_trial/manual_cepat/SP25/ManualCepat_SP25_trial01.txt,MaxOvershoot_pct,0.0,12.94,12.94,0.01,MISMATCH,Outside tolerance
Manual Cepat,25.0,1,data/pengujian_final/log_160_trial/manual_cepat/SP25/ManualCepat_SP25_trial01.txt,Duration_s,5.64,5.64,0.0,0.01,MATCH,Within tolerance
Manual Cepat,25.0,1,data/pengujian_final/log_160_trial/manual_cepat/SP25/ManualCepat_SP25_trial01.txt,RiseTime_10_90_s,,4.907,,0.01,MISMATCH,One is NaN
Manual Cepat,25.0,1,data/pengujian_final/log_160_trial/manual_cepat/SP25/ManualCepat_SP25_trial01.txt,SettlingTime_s,,,0.0,0.01,MATCH,Both NaN
Manual Cepat,25.0,1,data/pengujian_final/log_160_trial/manual_cepat/SP25/ManualCepat_SP25_trial01.txt,BridgingCount,0,0,,EXACT,MATCH,Exact match
Manual Cepat,25.0,1,data/pengujian_final/log_160_trial/manual_cepat/SP25/ManualCepat_SP25_trial01.txt,WithinTolerance,False,0,,EXACT,MATCH,Exact match
Manual Cepat,25.0,1,data/pengujian_final/log_160_trial/manual_cepat/SP25/ManualCepat_SP25_trial01.txt,StopReason,TARGET,TARGET,,EXACT,MATCH,Exact match
Manual Cepat,25.0,2,data/pengujian_final/log_160_trial/manual_cepat/SP25/ManualCepat_SP25_trial02.txt,FinalMass_g,31.57,31.57,0.0,0.01,MATCH,Within tolerance
Manual Cepat,25.0,2,data/pengujian_final/log_160_trial/manual_cepat/SP25/ManualCepat_SP25_trial02.txt,FinalError_g,6.57,6.57,0.0,0.01,MATCH,Within tolerance
Manual Cepat,25.0,2,data/pengujian_final/log_160_trial/manual_cepat/SP25/ManualCepat_SP25_trial02.txt,AbsError_pct,26.280000000000005,26.26,0.020000000000003126,0.01,MISMATCH,Outside tolerance
Manual Cepat,25.0,2,data/pengujian_final/log_160_trial/manual_cepat/SP25/ManualCepat_SP25_trial02.txt,MaxOvershoot_pct,0.0,26.26,26.26,0.01,MISMATCH,Outside tolerance
Manual Cepat,25.0,2,data/pengujian_final/log_160_trial/manual_cepat/SP25/ManualCepat_SP25_trial02.txt,Duration_s,9.256,9.26,0.0039999999999995595,0.01,MATCH,Within tolerance
Manual Cepat,25.0,2,data/pengujian_final/log_160_trial/manual_cepat/SP25/ManualCepat_SP25_trial02.txt,RiseTime_10_90_s,,8.265,,0.01,MISMATCH,One is NaN
Manual Cepat,25.0,2,data/pengujian_final/log_160_trial/manual_cepat/SP25/ManualCepat_SP25_trial02.txt,SettlingTime_s,,,0.0,0.01,MATCH,Both NaN
Manual Cepat,25.0,2,data/pengujian_final/log_160_trial/manual_cepat/SP25/ManualCepat_SP25_trial02.txt,BridgingCount,0,0,,EXACT,MATCH,Exact match
Manual Cepat,25.0,2,data/pengujian_final/log_160_trial/manual_cepat/SP25/ManualCepat_SP25_trial02.txt,WithinTolerance,False,0,,EXACT,MATCH,Exact match
Manual Cepat,25.0,2,data/pengujian_final/log_160_trial/manual_cepat/SP25/ManualCepat_SP25_trial02.txt,StopReason,TARGET,TARGET,,EXACT,MATCH,Exact match
Manual Cepat,25.0,3,data/pengujian_final/log_160_trial/manual_cepat/SP25/ManualCepat_SP25_trial03.txt,FinalMass_g,24.7,24.7,0.0,0.01,MATCH,Within tolerance
Manual Cepat,25.0,3,data/pengujian_final/log_160_trial/manual_cepat/SP25/ManualCepat_SP25_trial03.txt,FinalError_g,-0.3000000000000007,-0.3,7.216449660063518e-16,0.01,MATCH,Within tolerance
Manual Cepat,25.0,3,data/pengujian_final/log_160_trial/manual_cepat/SP25/ManualCepat_SP25_trial03.txt,AbsError_pct,1.2000000000000028,1.2,2.886579864025407e-15,0.01,MATCH,Within tolerance
Manual Cepat,25.0,3,data/pengujian_final/log_160_trial/manual_cepat/SP25/ManualCepat_SP25_trial03.txt,MaxOvershoot_pct,0.0,0.0,0.0,0.01,MATCH,Within tolerance
Manual Cepat,25.0,3,data/pengujian_final/log_160_trial/manual_cepat/SP25/ManualCepat_SP25_trial03.txt,Duration_s,9.774,9.77,0.0039999999999995595,0.01,MATCH,Within tolerance
Manual Cepat,25.0,3,data/pengujian_final/log_160_trial/manual_cepat/SP25/ManualCepat_SP25_trial03.txt,RiseTime_10_90_s,,8.781,,0.01,MISMATCH,One is NaN
Manual Cepat,25.0,3,data/pengujian_final/log_160_trial/manual_cepat/SP25/ManualCepat_SP25_trial03.txt,SettlingTime_s,,9.516,,0.01,MISMATCH,One is NaN
Manual Cepat,25.0,3,data/pengujian_final/log_160_trial/manual_cepat/SP25/ManualCepat_SP25_trial03.txt,BridgingCount,0,0,,EXACT,MATCH,Exact match
Manual Cepat,25.0,3,data/pengujian_final/log_160_trial/manual_cepat/SP25/ManualCepat_SP25_trial03.txt,WithinTolerance,True,1,,EXACT,MATCH,Exact match
Manual Cepat,25.0,3,data/pengujian_final/log_160_trial/manual_cepat/SP25/ManualCepat_SP25_trial03.txt,StopReason,TARGET,TARGET,,EXACT,MATCH,Exact match
Manual Cepat,25.0,4,data/pengujian_final/log_160_trial/manual_cepat/SP25/ManualCepat_SP25_trial04.txt,FinalMass_g,26.85,26.85,0.0,0.01,MATCH,Within tolerance
Manual Cepat,25.0,4,data/pengujian_final/log_160_trial/manual_cepat/SP25/ManualCepat_SP25_trial04.txt,FinalError_g,1.8500000000000014,1.85,1.3322676295501878e-15,0.01,MATCH,Within tolerance
Manual Cepat,25.0,4,data/pengujian_final/log_160_trial/manual_cepat/SP25/ManualCepat_SP25_trial04.txt,AbsError_pct,7.400000000000005,7.4,4.440892098500626e-15,0.01,MATCH,Within tolerance
Manual Cepat,25.0,4,data/pengujian_final/log_160_trial/manual_cepat/SP25/ManualCepat_SP25_trial04.txt,MaxOvershoot_pct,0.0,7.4,7.4,0.01,MISMATCH,Outside tolerance
Manual Cepat,25.0,4,data/pengujian_final/log_160_trial/manual_cepat/SP25/ManualCepat_SP25_trial04.txt,Duration_s,13.131,13.13,0.0009999999999994458,0.01,MATCH,Within tolerance
Manual Cepat,25.0,4,data/pengujian_final/log_160_trial/manual_cepat/SP25/ManualCepat_SP25_trial04.txt,RiseTime_10_90_s,,12.397,,0.01,MISMATCH,One is NaN
Manual Cepat,25.0,4,data/pengujian_final/log_160_trial/manual_cepat/SP25/ManualCepat_SP25_trial04.txt,SettlingTime_s,,,0.0,0.01,MATCH,Both NaN
Manual Cepat,25.0,4,data/pengujian_final/log_160_trial/manual_cepat/SP25/ManualCepat_SP25_trial04.txt,BridgingCount,0,0,,EXACT,MATCH,Exact match
Manual Cepat,25.0,4,data/pengujian_final/log_160_trial/manual_cepat/SP25/ManualCepat_SP25_trial04.txt,WithinTolerance,False,0,,EXACT,MATCH,Exact match
Manual Cepat,25.0,4,data/pengujian_final/log_160_trial/manual_cepat/SP25/ManualCepat_SP25_trial04.txt,StopReason,TARGET,TARGET,,EXACT,MATCH,Exact match
Manual Cepat,25.0,5,data/pengujian_final/log_160_trial/manual_cepat/SP25/ManualCepat_SP25_trial05.txt,FinalMass_g,28.44,28.44,0.0,0.01,MATCH,Within tolerance
Manual Cepat,25.0,5,data/pengujian_final/log_160_trial/manual_cepat/SP25/ManualCepat_SP25_trial05.txt,FinalError_g,3.4400000000000013,3.44,1.3322676295501878e-15,0.01,MATCH,Within tolerance
Manual Cepat,25.0,5,data/pengujian_final/log_160_trial/manual_cepat/SP25/ManualCepat_SP25_trial05.txt,AbsError_pct,13.760000000000005,13.74,0.020000000000004903,0.01,MISMATCH,Outside tolerance
Manual Cepat,25.0,5,data/pengujian_final/log_160_trial/manual_cepat/SP25/ManualCepat_SP25_trial05.txt,MaxOvershoot_pct,0.0,13.74,13.74,0.01,MISMATCH,Outside tolerance
Manual Cepat,25.0,5,data/pengujian_final/log_160_trial/manual_cepat/SP25/ManualCepat_SP25_trial05.txt,Duration_s,15.197,15.2,0.0030000000000001137,0.01,MATCH,Within tolerance
Manual Cepat,25.0,5,data/pengujian_final/log_160_trial/manual_cepat/SP25/ManualCepat_SP25_trial05.txt,RiseTime_10_90_s,,12.915,,0.01,MISMATCH,One is NaN
Manual Cepat,25.0,5,data/pengujian_final/log_160_trial/manual_cepat/SP25/ManualCepat_SP25_trial05.txt,SettlingTime_s,,,0.0,0.01,MATCH,Both NaN
Manual Cepat,25.0,5,data/pengujian_final/log_160_trial/manual_cepat/SP25/ManualCepat_SP25_trial05.txt,BridgingCount,0,0,,EXACT,MATCH,Exact match
Manual Cepat,25.0,5,data/pengujian_final/log_160_trial/manual_cepat/SP25/ManualCepat_SP25_trial05.txt,WithinTolerance,False,0,,EXACT,MATCH,Exact match
Manual Cepat,25.0,5,data/pengujian_final/log_160_trial/manual_cepat/SP25/ManualCepat_SP25_trial05.txt,StopReason,TARGET,TARGET,,EXACT,MATCH,Exact match
Manual Cepat,25.0,6,data/pengujian_final/log_160_trial/manual_cepat/SP25/ManualCepat_SP25_trial06.txt,FinalMass_g,26.58,26.58,0.0,0.01,MATCH,Within tolerance
Manual Cepat,25.0,6,data/pengujian_final/log_160_trial/manual_cepat/SP25/ManualCepat_SP25_trial06.txt,FinalError_g,1.5799999999999983,1.58,1.7763568394002505e-15,0.01,MATCH,Within tolerance
Manual Cepat,25.0,6,data/pengujian_final/log_160_trial/manual_cepat/SP25/ManualCepat_SP25_trial06.txt,AbsError_pct,6.319999999999994,6.33,0.010000000000006004,0.01,MISMATCH,Outside tolerance
Manual Cepat,25.0,6,data/pengujian_final/log_160_trial/manual_cepat/SP25/ManualCepat_SP25_trial06.txt,MaxOvershoot_pct,0.0,6.33,6.33,0.01,MISMATCH,Outside tolerance
Manual Cepat,25.0,6,data/pengujian_final/log_160_trial/manual_cepat/SP25/ManualCepat_SP25_trial06.txt,Duration_s,7.191,7.19,0.0009999999999994458,0.01,MATCH,Within tolerance
Manual Cepat,25.0,6,data/pengujian_final/log_160_trial/manual_cepat/SP25/ManualCepat_SP25_trial06.txt,RiseTime_10_90_s,,6.199,,0.01,MISMATCH,One is NaN
Manual Cepat,25.0,6,data/pengujian_final/log_160_trial/manual_cepat/SP25/ManualCepat_SP25_trial06.txt,SettlingTime_s,,,0.0,0.01,MATCH,Both NaN
Manual Cepat,25.0,6,data/pengujian_final/log_160_trial/manual_cepat/SP25/ManualCepat_SP25_trial06.txt,BridgingCount,0,0,,EXACT,MATCH,Exact match
Manual Cepat,25.0,6,data/pengujian_final/log_160_trial/manual_cepat/SP25/ManualCepat_SP25_trial06.txt,WithinTolerance,False,0,,EXACT,MATCH,Exact match
Manual Cepat,25.0,6,data/pengujian_final/log_160_trial/manual_cepat/SP25/ManualCepat_SP25_trial06.txt,StopReason,TARGET,TARGET,,EXACT,MATCH,Exact match
Manual Cepat,25.0,7,data/pengujian_final/log_160_trial/manual_cepat/SP25/ManualCepat_SP25_trial07.txt,FinalMass_g,26.65,26.65,0.0,0.01,MATCH,Within tolerance
Manual Cepat,25.0,7,data/pengujian_final/log_160_trial/manual_cepat/SP25/ManualCepat_SP25_trial07.txt,FinalError_g,1.6499999999999986,1.65,1.3322676295501878e-15,0.01,MATCH,Within tolerance
Manual Cepat,25.0,7,data/pengujian_final/log_160_trial/manual_cepat/SP25/ManualCepat_SP25_trial07.txt,AbsError_pct,6.599999999999994,6.6,5.329070518200751e-15,0.01,MATCH,Within tolerance
Manual Cepat,25.0,7,data/pengujian_final/log_160_trial/manual_cepat/SP25/ManualCepat_SP25_trial07.txt,MaxOvershoot_pct,0.0,6.6,6.6,0.01,MISMATCH,Outside tolerance
Manual Cepat,25.0,7,data/pengujian_final/log_160_trial/manual_cepat/SP25/ManualCepat_SP25_trial07.txt,Duration_s,9.258,9.26,0.002000000000000668,0.01,MATCH,Within tolerance
Manual Cepat,25.0,7,data/pengujian_final/log_160_trial/manual_cepat/SP25/ManualCepat_SP25_trial07.txt,RiseTime_10_90_s,,8.524,,0.01,MISMATCH,One is NaN
Manual Cepat,25.0,7,data/pengujian_final/log_160_trial/manual_cepat/SP25/ManualCepat_SP25_trial07.txt,SettlingTime_s,,,0.0,0.01,MATCH,Both NaN
Manual Cepat,25.0,7,data/pengujian_final/log_160_trial/manual_cepat/SP25/ManualCepat_SP25_trial07.txt,BridgingCount,0,0,,EXACT,MATCH,Exact match
Manual Cepat,25.0,7,data/pengujian_final/log_160_trial/manual_cepat/SP25/ManualCepat_SP25_trial07.txt,WithinTolerance,False,0,,EXACT,MATCH,Exact match
Manual Cepat,25.0,7,data/pengujian_final/log_160_trial/manual_cepat/SP25/ManualCepat_SP25_trial07.txt,StopReason,TARGET,TARGET,,EXACT,MATCH,Exact match
Manual Cepat,25.0,8,data/pengujian_final/log_160_trial/manual_cepat/SP25/ManualCepat_SP25_trial08.txt,FinalMass_g,25.52,25.52,0.0,0.01,MATCH,Within tolerance
Manual Cepat,25.0,8,data/pengujian_final/log_160_trial/manual_cepat/SP25/ManualCepat_SP25_trial08.txt,FinalError_g,0.5199999999999996,0.52,4.440892098500626e-16,0.01,MATCH,Within tolerance
Manual Cepat,25.0,8,data/pengujian_final/log_160_trial/manual_cepat/SP25/ManualCepat_SP25_trial08.txt,AbsError_pct,2.0799999999999983,2.07,0.009999999999998455,0.01,MATCH,Within tolerance
Manual Cepat,25.0,8,data/pengujian_final/log_160_trial/manual_cepat/SP25/ManualCepat_SP25_trial08.txt,MaxOvershoot_pct,0.0,2.07,2.07,0.01,MISMATCH,Outside tolerance
Manual Cepat,25.0,8,data/pengujian_final/log_160_trial/manual_cepat/SP25/ManualCepat_SP25_trial08.txt,Duration_s,7.966,7.97,0.0039999999999995595,0.01,MATCH,Within tolerance
Manual Cepat,25.0,8,data/pengujian_final/log_160_trial/manual_cepat/SP25/ManualCepat_SP25_trial08.txt,RiseTime_10_90_s,,4.908,,0.01,MISMATCH,One is NaN
Manual Cepat,25.0,8,data/pengujian_final/log_160_trial/manual_cepat/SP25/ManualCepat_SP25_trial08.txt,SettlingTime_s,,7.708,,0.01,MISMATCH,One is NaN
Manual Cepat,25.0,8,data/pengujian_final/log_160_trial/manual_cepat/SP25/ManualCepat_SP25_trial08.txt,BridgingCount,0,0,,EXACT,MATCH,Exact match
Manual Cepat,25.0,8,data/pengujian_final/log_160_trial/manual_cepat/SP25/ManualCepat_SP25_trial08.txt,WithinTolerance,True,1,,EXACT,MATCH,Exact match
Manual Cepat,25.0,8,data/pengujian_final/log_160_trial/manual_cepat/SP25/ManualCepat_SP25_trial08.txt,StopReason,TARGET,TARGET,,EXACT,MATCH,Exact match
Manual Cepat,25.0,9,data/pengujian_final/log_160_trial/manual_cepat/SP25/ManualCepat_SP25_trial09.txt,FinalMass_g,25.08,25.08,0.0,0.01,MATCH,Within tolerance
Manual Cepat,25.0,9,data/pengujian_final/log_160_trial/manual_cepat/SP25/ManualCepat_SP25_trial09.txt,FinalError_g,0.0799999999999983,0.08,1.7069679003611782e-15,0.01,MATCH,Within tolerance
Manual Cepat,25.0,9,data/pengujian_final/log_160_trial/manual_cepat/SP25/ManualCepat_SP25_trial09.txt,AbsError_pct,0.3199999999999932,0.32,6.827871601444713e-15,0.01,MATCH,Within tolerance
Manual Cepat,25.0,9,data/pengujian_final/log_160_trial/manual_cepat/SP25/ManualCepat_SP25_trial09.txt,MaxOvershoot_pct,0.0,0.69,0.69,0.01,MISMATCH,Outside tolerance
Manual Cepat,25.0,9,data/pengujian_final/log_160_trial/manual_cepat/SP25/ManualCepat_SP25_trial09.txt,Duration_s,11.581,11.58,0.0009999999999994458,0.01,MATCH,Within tolerance
Manual Cepat,25.0,9,data/pengujian_final/log_160_trial/manual_cepat/SP25/ManualCepat_SP25_trial09.txt,RiseTime_10_90_s,,8.524,,0.01,MISMATCH,One is NaN
Manual Cepat,25.0,9,data/pengujian_final/log_160_trial/manual_cepat/SP25/ManualCepat_SP25_trial09.txt,SettlingTime_s,,10.807,,0.01,MISMATCH,One is NaN
Manual Cepat,25.0,9,data/pengujian_final/log_160_trial/manual_cepat/SP25/ManualCepat_SP25_trial09.txt,BridgingCount,0,0,,EXACT,MATCH,Exact match
Manual Cepat,25.0,9,data/pengujian_final/log_160_trial/manual_cepat/SP25/ManualCepat_SP25_trial09.txt,WithinTolerance,True,1,,EXACT,MATCH,Exact match
Manual Cepat,25.0,9,data/pengujian_final/log_160_trial/manual_cepat/SP25/ManualCepat_SP25_trial09.txt,StopReason,TARGET,TARGET,,EXACT,MATCH,Exact match
Manual Cepat,25.0,10,data/pengujian_final/log_160_trial/manual_cepat/SP25/ManualCepat_SP25_trial10.txt,FinalMass_g,32.63,32.63,0.0,0.01,MATCH,Within tolerance
Manual Cepat,25.0,10,data/pengujian_final/log_160_trial/manual_cepat/SP25/ManualCepat_SP25_trial10.txt,FinalError_g,7.630000000000003,7.63,2.6645352591003757e-15,0.01,MATCH,Within tolerance
Manual Cepat,25.0,10,data/pengujian_final/log_160_trial/manual_cepat/SP25/ManualCepat_SP25_trial10.txt,AbsError_pct,30.520000000000007,30.52,7.105427357601002e-15,0.01,MATCH,Within tolerance
Manual Cepat,25.0,10,data/pengujian_final/log_160_trial/manual_cepat/SP25/ManualCepat_SP25_trial10.txt,MaxOvershoot_pct,0.0,30.52,30.52,0.01,MISMATCH,Outside tolerance
Manual Cepat,25.0,10,data/pengujian_final/log_160_trial/manual_cepat/SP25/ManualCepat_SP25_trial10.txt,Duration_s,11.065,11.07,0.005000000000000782,0.01,MATCH,Within tolerance
Manual Cepat,25.0,10,data/pengujian_final/log_160_trial/manual_cepat/SP25/ManualCepat_SP25_trial10.txt,RiseTime_10_90_s,,10.331,,0.01,MISMATCH,One is NaN
Manual Cepat,25.0,10,data/pengujian_final/log_160_trial/manual_cepat/SP25/ManualCepat_SP25_trial10.txt,SettlingTime_s,,,0.0,0.01,MATCH,Both NaN
Manual Cepat,25.0,10,data/pengujian_final/log_160_trial/manual_cepat/SP25/ManualCepat_SP25_trial10.txt,BridgingCount,0,0,,EXACT,MATCH,Exact match
Manual Cepat,25.0,10,data/pengujian_final/log_160_trial/manual_cepat/SP25/ManualCepat_SP25_trial10.txt,WithinTolerance,False,0,,EXACT,MATCH,Exact match
Manual Cepat,25.0,10,data/pengujian_final/log_160_trial/manual_cepat/SP25/ManualCepat_SP25_trial10.txt,StopReason,TARGET,TARGET,,EXACT,MATCH,Exact match
Manual Cepat,30.0,1,data/pengujian_final/log_160_trial/manual_cepat/SP30/ManualCepat_SP30_trial01.txt,FinalMass_g,33.19,33.19,0.0,0.01,MATCH,Within tolerance
Manual Cepat,30.0,1,data/pengujian_final/log_160_trial/manual_cepat/SP30/ManualCepat_SP30_trial01.txt,FinalError_g,3.1899999999999977,3.19,2.220446049250313e-15,0.01,MATCH,Within tolerance
Manual Cepat,30.0,1,data/pengujian_final/log_160_trial/manual_cepat/SP30/ManualCepat_SP30_trial01.txt,AbsError_pct,10.633333333333326,10.64,0.006666666666674814,0.01,MATCH,Within tolerance
Manual Cepat,30.0,1,data/pengujian_final/log_160_trial/manual_cepat/SP30/ManualCepat_SP30_trial01.txt,MaxOvershoot_pct,0.0,10.64,10.64,0.01,MISMATCH,Outside tolerance
Manual Cepat,30.0,1,data/pengujian_final/log_160_trial/manual_cepat/SP30/ManualCepat_SP30_trial01.txt,Duration_s,9.776,9.78,0.0039999999999995595,0.01,MATCH,Within tolerance
Manual Cepat,30.0,1,data/pengujian_final/log_160_trial/manual_cepat/SP30/ManualCepat_SP30_trial01.txt,RiseTime_10_90_s,,9.042,,0.01,MISMATCH,One is NaN
Manual Cepat,30.0,1,data/pengujian_final/log_160_trial/manual_cepat/SP30/ManualCepat_SP30_trial01.txt,SettlingTime_s,,,0.0,0.01,MATCH,Both NaN
Manual Cepat,30.0,1,data/pengujian_final/log_160_trial/manual_cepat/SP30/ManualCepat_SP30_trial01.txt,BridgingCount,0,0,,EXACT,MATCH,Exact match
Manual Cepat,30.0,1,data/pengujian_final/log_160_trial/manual_cepat/SP30/ManualCepat_SP30_trial01.txt,WithinTolerance,False,0,,EXACT,MATCH,Exact match
Manual Cepat,30.0,1,data/pengujian_final/log_160_trial/manual_cepat/SP30/ManualCepat_SP30_trial01.txt,StopReason,TARGET,TARGET,,EXACT,MATCH,Exact match
Manual Cepat,30.0,2,data/pengujian_final/log_160_trial/manual_cepat/SP30/ManualCepat_SP30_trial02.txt,FinalMass_g,30.92,30.92,0.0,0.01,MATCH,Within tolerance
Manual Cepat,30.0,2,data/pengujian_final/log_160_trial/manual_cepat/SP30/ManualCepat_SP30_trial02.txt,FinalError_g,0.9200000000000017,0.92,1.6653345369377348e-15,0.01,MATCH,Within tolerance
Manual Cepat,30.0,2,data/pengujian_final/log_160_trial/manual_cepat/SP30/ManualCepat_SP30_trial02.txt,AbsError_pct,3.066666666666672,3.05,0.01666666666667238,0.01,MISMATCH,Outside tolerance
Manual Cepat,30.0,2,data/pengujian_final/log_160_trial/manual_cepat/SP30/ManualCepat_SP30_trial02.txt,MaxOvershoot_pct,0.0,3.05,3.05,0.01,MISMATCH,Outside tolerance
Manual Cepat,30.0,2,data/pengujian_final/log_160_trial/manual_cepat/SP30/ManualCepat_SP30_trial02.txt,Duration_s,21.917,21.92,0.0030000000000001137,0.01,MATCH,Within tolerance
Manual Cepat,30.0,2,data/pengujian_final/log_160_trial/manual_cepat/SP30/ManualCepat_SP30_trial02.txt,RiseTime_10_90_s,,21.183,,0.01,MISMATCH,One is NaN
Manual Cepat,30.0,2,data/pengujian_final/log_160_trial/manual_cepat/SP30/ManualCepat_SP30_trial02.txt,SettlingTime_s,,21.659,,0.01,MISMATCH,One is NaN
Manual Cepat,30.0,2,data/pengujian_final/log_160_trial/manual_cepat/SP30/ManualCepat_SP30_trial02.txt,BridgingCount,2,2,,EXACT,MATCH,Exact match
Manual Cepat,30.0,2,data/pengujian_final/log_160_trial/manual_cepat/SP30/ManualCepat_SP30_trial02.txt,WithinTolerance,True,1,,EXACT,MATCH,Exact match
Manual Cepat,30.0,2,data/pengujian_final/log_160_trial/manual_cepat/SP30/ManualCepat_SP30_trial02.txt,StopReason,TARGET,TARGET,,EXACT,MATCH,Exact match
Manual Cepat,30.0,3,data/pengujian_final/log_160_trial/manual_cepat/SP30/ManualCepat_SP30_trial03.txt,FinalMass_g,32.5,32.5,0.0,0.01,MATCH,Within tolerance
Manual Cepat,30.0,3,data/pengujian_final/log_160_trial/manual_cepat/SP30/ManualCepat_SP30_trial03.txt,FinalError_g,2.5,2.5,0.0,0.01,MATCH,Within tolerance
Manual Cepat,30.0,3,data/pengujian_final/log_160_trial/manual_cepat/SP30/ManualCepat_SP30_trial03.txt,AbsError_pct,8.333333333333332,8.32,0.013333333333331865,0.01,MISMATCH,Outside tolerance
Manual Cepat,30.0,3,data/pengujian_final/log_160_trial/manual_cepat/SP30/ManualCepat_SP30_trial03.txt,MaxOvershoot_pct,0.0,8.32,8.32,0.01,MISMATCH,Outside tolerance
Manual Cepat,30.0,3,data/pengujian_final/log_160_trial/manual_cepat/SP30/ManualCepat_SP30_trial03.txt,Duration_s,29.926,29.93,0.004000000000001336,0.01,MATCH,Within tolerance
Manual Cepat,30.0,3,data/pengujian_final/log_160_trial/manual_cepat/SP30/ManualCepat_SP30_trial03.txt,RiseTime_10_90_s,,25.835,,0.01,MISMATCH,One is NaN
Manual Cepat,30.0,3,data/pengujian_final/log_160_trial/manual_cepat/SP30/ManualCepat_SP30_trial03.txt,SettlingTime_s,,,0.0,0.01,MATCH,Both NaN
Manual Cepat,30.0,3,data/pengujian_final/log_160_trial/manual_cepat/SP30/ManualCepat_SP30_trial03.txt,BridgingCount,2,2,,EXACT,MATCH,Exact match
Manual Cepat,30.0,3,data/pengujian_final/log_160_trial/manual_cepat/SP30/ManualCepat_SP30_trial03.txt,WithinTolerance,False,0,,EXACT,MATCH,Exact match
Manual Cepat,30.0,3,data/pengujian_final/log_160_trial/manual_cepat/SP30/ManualCepat_SP30_trial03.txt,StopReason,TARGET,TARGET,,EXACT,MATCH,Exact match
Manual Cepat,30.0,4,data/pengujian_final/log_160_trial/manual_cepat/SP30/ManualCepat_SP30_trial04.txt,FinalMass_g,30.41,30.41,0.0,0.01,MATCH,Within tolerance
Manual Cepat,30.0,4,data/pengujian_final/log_160_trial/manual_cepat/SP30/ManualCepat_SP30_trial04.txt,FinalError_g,0.41000000000000014,0.41,1.6653345369377348e-16,0.01,MATCH,Within tolerance
Manual Cepat,30.0,4,data/pengujian_final/log_160_trial/manual_cepat/SP30/ManualCepat_SP30_trial04.txt,AbsError_pct,1.3666666666666671,1.37,0.0033333333333329662,0.01,MATCH,Within tolerance
Manual Cepat,30.0,4,data/pengujian_final/log_160_trial/manual_cepat/SP30/ManualCepat_SP30_trial04.txt,MaxOvershoot_pct,0.0,1.37,1.37,0.01,MISMATCH,Outside tolerance
Manual Cepat,30.0,4,data/pengujian_final/log_160_trial/manual_cepat/SP30/ManualCepat_SP30_trial04.txt,Duration_s,7.71,7.71,0.0,0.01,MATCH,Within tolerance
Manual Cepat,30.0,4,data/pengujian_final/log_160_trial/manual_cepat/SP30/ManualCepat_SP30_trial04.txt,RiseTime_10_90_s,,4.65,,0.01,MISMATCH,One is NaN
Manual Cepat,30.0,4,data/pengujian_final/log_160_trial/manual_cepat/SP30/ManualCepat_SP30_trial04.txt,SettlingTime_s,,7.452,,0.01,MISMATCH,One is NaN
Manual Cepat,30.0,4,data/pengujian_final/log_160_trial/manual_cepat/SP30/ManualCepat_SP30_trial04.txt,BridgingCount,0,0,,EXACT,MATCH,Exact match
Manual Cepat,30.0,4,data/pengujian_final/log_160_trial/manual_cepat/SP30/ManualCepat_SP30_trial04.txt,WithinTolerance,True,1,,EXACT,MATCH,Exact match
Manual Cepat,30.0,4,data/pengujian_final/log_160_trial/manual_cepat/SP30/ManualCepat_SP30_trial04.txt,StopReason,TARGET,TARGET,,EXACT,MATCH,Exact match
Manual Cepat,30.0,5,data/pengujian_final/log_160_trial/manual_cepat/SP30/ManualCepat_SP30_trial05.txt,FinalMass_g,32.18,32.18,0.0,0.01,MATCH,Within tolerance
Manual Cepat,30.0,5,data/pengujian_final/log_160_trial/manual_cepat/SP30/ManualCepat_SP30_trial05.txt,FinalError_g,2.1799999999999997,2.18,4.440892098500626e-16,0.01,MATCH,Within tolerance
Manual Cepat,30.0,5,data/pengujian_final/log_160_trial/manual_cepat/SP30/ManualCepat_SP30_trial05.txt,AbsError_pct,7.266666666666666,7.27,0.0033333333333338544,0.01,MATCH,Within tolerance
Manual Cepat,30.0,5,data/pengujian_final/log_160_trial/manual_cepat/SP30/ManualCepat_SP30_trial05.txt,MaxOvershoot_pct,0.0,7.27,7.27,0.01,MISMATCH,Outside tolerance
Manual Cepat,30.0,5,data/pengujian_final/log_160_trial/manual_cepat/SP30/ManualCepat_SP30_trial05.txt,Duration_s,21.403,21.4,0.0030000000000001137,0.01,MATCH,Within tolerance
Manual Cepat,30.0,5,data/pengujian_final/log_160_trial/manual_cepat/SP30/ManualCepat_SP30_trial05.txt,RiseTime_10_90_s,,20.669,,0.01,MISMATCH,One is NaN
Manual Cepat,30.0,5,data/pengujian_final/log_160_trial/manual_cepat/SP30/ManualCepat_SP30_trial05.txt,SettlingTime_s,,,0.0,0.01,MATCH,Both NaN
Manual Cepat,30.0,5,data/pengujian_final/log_160_trial/manual_cepat/SP30/ManualCepat_SP30_trial05.txt,BridgingCount,0,0,,EXACT,MATCH,Exact match
Manual Cepat,30.0,5,data/pengujian_final/log_160_trial/manual_cepat/SP30/ManualCepat_SP30_trial05.txt,WithinTolerance,False,0,,EXACT,MATCH,Exact match
Manual Cepat,30.0,5,data/pengujian_final/log_160_trial/manual_cepat/SP30/ManualCepat_SP30_trial05.txt,StopReason,TARGET,TARGET,,EXACT,MATCH,Exact match
Manual Cepat,30.0,6,data/pengujian_final/log_160_trial/manual_cepat/SP30/ManualCepat_SP30_trial06.txt,FinalMass_g,30.79,30.79,0.0,0.01,MATCH,Within tolerance
Manual Cepat,30.0,6,data/pengujian_final/log_160_trial/manual_cepat/SP30/ManualCepat_SP30_trial06.txt,FinalError_g,0.7899999999999991,0.79,8.881784197001252e-16,0.01,MATCH,Within tolerance
Manual Cepat,30.0,6,data/pengujian_final/log_160_trial/manual_cepat/SP30/ManualCepat_SP30_trial06.txt,AbsError_pct,2.6333333333333306,2.64,0.006666666666669485,0.01,MATCH,Within tolerance
Manual Cepat,30.0,6,data/pengujian_final/log_160_trial/manual_cepat/SP30/ManualCepat_SP30_trial06.txt,MaxOvershoot_pct,0.0,2.64,2.64,0.01,MISMATCH,Outside tolerance
Manual Cepat,30.0,6,data/pengujian_final/log_160_trial/manual_cepat/SP30/ManualCepat_SP30_trial06.txt,Duration_s,22.177,22.18,0.0030000000000001137,0.01,MATCH,Within tolerance
Manual Cepat,30.0,6,data/pengujian_final/log_160_trial/manual_cepat/SP30/ManualCepat_SP30_trial06.txt,RiseTime_10_90_s,,20.926,,0.01,MISMATCH,One is NaN
Manual Cepat,30.0,6,data/pengujian_final/log_160_trial/manual_cepat/SP30/ManualCepat_SP30_trial06.txt,SettlingTime_s,,21.66,,0.01,MISMATCH,One is NaN
Manual Cepat,30.0,6,data/pengujian_final/log_160_trial/manual_cepat/SP30/ManualCepat_SP30_trial06.txt,BridgingCount,0,0,,EXACT,MATCH,Exact match
Manual Cepat,30.0,6,data/pengujian_final/log_160_trial/manual_cepat/SP30/ManualCepat_SP30_trial06.txt,WithinTolerance,True,1,,EXACT,MATCH,Exact match
Manual Cepat,30.0,6,data/pengujian_final/log_160_trial/manual_cepat/SP30/ManualCepat_SP30_trial06.txt,StopReason,TARGET,TARGET,,EXACT,MATCH,Exact match
Manual Cepat,30.0,7,data/pengujian_final/log_160_trial/manual_cepat/SP30/ManualCepat_SP30_trial07.txt,FinalMass_g,33.79,33.79,0.0,0.01,MATCH,Within tolerance
Manual Cepat,30.0,7,data/pengujian_final/log_160_trial/manual_cepat/SP30/ManualCepat_SP30_trial07.txt,FinalError_g,3.789999999999999,3.79,8.881784197001252e-16,0.01,MATCH,Within tolerance
Manual Cepat,30.0,7,data/pengujian_final/log_160_trial/manual_cepat/SP30/ManualCepat_SP30_trial07.txt,AbsError_pct,12.63333333333333,12.62,0.013333333333330089,0.01,MISMATCH,Outside tolerance
Manual Cepat,30.0,7,data/pengujian_final/log_160_trial/manual_cepat/SP30/ManualCepat_SP30_trial07.txt,MaxOvershoot_pct,0.0,12.62,12.62,0.01,MISMATCH,Outside tolerance
Manual Cepat,30.0,7,data/pengujian_final/log_160_trial/manual_cepat/SP30/ManualCepat_SP30_trial07.txt,Duration_s,17.269,17.27,0.0010000000000012221,0.01,MATCH,Within tolerance
Manual Cepat,30.0,7,data/pengujian_final/log_160_trial/manual_cepat/SP30/ManualCepat_SP30_trial07.txt,RiseTime_10_90_s,,10.593,,0.01,MISMATCH,One is NaN
Manual Cepat,30.0,7,data/pengujian_final/log_160_trial/manual_cepat/SP30/ManualCepat_SP30_trial07.txt,SettlingTime_s,,,0.0,0.01,MATCH,Both NaN
Manual Cepat,30.0,7,data/pengujian_final/log_160_trial/manual_cepat/SP30/ManualCepat_SP30_trial07.txt,BridgingCount,1,1,,EXACT,MATCH,Exact match
Manual Cepat,30.0,7,data/pengujian_final/log_160_trial/manual_cepat/SP30/ManualCepat_SP30_trial07.txt,WithinTolerance,False,0,,EXACT,MATCH,Exact match
Manual Cepat,30.0,7,data/pengujian_final/log_160_trial/manual_cepat/SP30/ManualCepat_SP30_trial07.txt,StopReason,TARGET,TARGET,,EXACT,MATCH,Exact match
Manual Cepat,30.0,8,data/pengujian_final/log_160_trial/manual_cepat/SP30/ManualCepat_SP30_trial08.txt,FinalMass_g,32.93,32.93,0.0,0.01,MATCH,Within tolerance
Manual Cepat,30.0,8,data/pengujian_final/log_160_trial/manual_cepat/SP30/ManualCepat_SP30_trial08.txt,FinalError_g,2.9299999999999997,2.93,4.440892098500626e-16,0.01,MATCH,Within tolerance
Manual Cepat,30.0,8,data/pengujian_final/log_160_trial/manual_cepat/SP30/ManualCepat_SP30_trial08.txt,AbsError_pct,9.766666666666666,9.77,0.0033333333333338544,0.01,MATCH,Within tolerance
Manual Cepat,30.0,8,data/pengujian_final/log_160_trial/manual_cepat/SP30/ManualCepat_SP30_trial08.txt,MaxOvershoot_pct,0.0,9.77,9.77,0.01,MISMATCH,Outside tolerance
Manual Cepat,30.0,8,data/pengujian_final/log_160_trial/manual_cepat/SP30/ManualCepat_SP30_trial08.txt,Duration_s,15.461,15.46,0.0009999999999994458,0.01,MATCH,Within tolerance
Manual Cepat,30.0,8,data/pengujian_final/log_160_trial/manual_cepat/SP30/ManualCepat_SP30_trial08.txt,RiseTime_10_90_s,,14.469,,0.01,MISMATCH,One is NaN
Manual Cepat,30.0,8,data/pengujian_final/log_160_trial/manual_cepat/SP30/ManualCepat_SP30_trial08.txt,SettlingTime_s,,,0.0,0.01,MATCH,Both NaN
Manual Cepat,30.0,8,data/pengujian_final/log_160_trial/manual_cepat/SP30/ManualCepat_SP30_trial08.txt,BridgingCount,0,0,,EXACT,MATCH,Exact match
Manual Cepat,30.0,8,data/pengujian_final/log_160_trial/manual_cepat/SP30/ManualCepat_SP30_trial08.txt,WithinTolerance,False,0,,EXACT,MATCH,Exact match
Manual Cepat,30.0,8,data/pengujian_final/log_160_trial/manual_cepat/SP30/ManualCepat_SP30_trial08.txt,StopReason,TARGET,TARGET,,EXACT,MATCH,Exact match
Manual Cepat,30.0,9,data/pengujian_final/log_160_trial/manual_cepat/SP30/ManualCepat_SP30_trial09.txt,FinalMass_g,30.31,30.31,0.0,0.01,MATCH,Within tolerance
Manual Cepat,30.0,9,data/pengujian_final/log_160_trial/manual_cepat/SP30/ManualCepat_SP30_trial09.txt,FinalError_g,0.3099999999999987,0.31,1.27675647831893e-15,0.01,MATCH,Within tolerance
Manual Cepat,30.0,9,data/pengujian_final/log_160_trial/manual_cepat/SP30/ManualCepat_SP30_trial09.txt,AbsError_pct,1.033333333333329,1.04,0.0066666666666710395,0.01,MATCH,Within tolerance
Manual Cepat,30.0,9,data/pengujian_final/log_160_trial/manual_cepat/SP30/ManualCepat_SP30_trial09.txt,MaxOvershoot_pct,0.0,1.04,1.04,0.01,MISMATCH,Outside tolerance
Manual Cepat,30.0,9,data/pengujian_final/log_160_trial/manual_cepat/SP30/ManualCepat_SP30_trial09.txt,Duration_s,29.927,29.93,0.0030000000000001137,0.01,MATCH,Within tolerance
Manual Cepat,30.0,9,data/pengujian_final/log_160_trial/manual_cepat/SP30/ManualCepat_SP30_trial09.txt,RiseTime_10_90_s,,25.835,,0.01,MISMATCH,One is NaN
Manual Cepat,30.0,9,data/pengujian_final/log_160_trial/manual_cepat/SP30/ManualCepat_SP30_trial09.txt,SettlingTime_s,,29.411,,0.01,MISMATCH,One is NaN
Manual Cepat,30.0,9,data/pengujian_final/log_160_trial/manual_cepat/SP30/ManualCepat_SP30_trial09.txt,BridgingCount,2,2,,EXACT,MATCH,Exact match
Manual Cepat,30.0,9,data/pengujian_final/log_160_trial/manual_cepat/SP30/ManualCepat_SP30_trial09.txt,WithinTolerance,True,1,,EXACT,MATCH,Exact match
Manual Cepat,30.0,9,data/pengujian_final/log_160_trial/manual_cepat/SP30/ManualCepat_SP30_trial09.txt,StopReason,TARGET,TARGET,,EXACT,MATCH,Exact match
Manual Cepat,30.0,10,data/pengujian_final/log_160_trial/manual_cepat/SP30/ManualCepat_SP30_trial10.txt,FinalMass_g,35.39,35.39,0.0,0.01,MATCH,Within tolerance
Manual Cepat,30.0,10,data/pengujian_final/log_160_trial/manual_cepat/SP30/ManualCepat_SP30_trial10.txt,FinalError_g,5.390000000000001,5.39,8.881784197001252e-16,0.01,MATCH,Within tolerance
Manual Cepat,30.0,10,data/pengujian_final/log_160_trial/manual_cepat/SP30/ManualCepat_SP30_trial10.txt,AbsError_pct,17.96666666666667,17.98,0.013333333333331865,0.01,MISMATCH,Outside tolerance
Manual Cepat,30.0,10,data/pengujian_final/log_160_trial/manual_cepat/SP30/ManualCepat_SP30_trial10.txt,MaxOvershoot_pct,0.0,17.98,17.98,0.01,MISMATCH,Outside tolerance
Manual Cepat,30.0,10,data/pengujian_final/log_160_trial/manual_cepat/SP30/ManualCepat_SP30_trial10.txt,Duration_s,19.336,19.34,0.004000000000001336,0.01,MATCH,Within tolerance
Manual Cepat,30.0,10,data/pengujian_final/log_160_trial/manual_cepat/SP30/ManualCepat_SP30_trial10.txt,RiseTime_10_90_s,,15.244,,0.01,MISMATCH,One is NaN
Manual Cepat,30.0,10,data/pengujian_final/log_160_trial/manual_cepat/SP30/ManualCepat_SP30_trial10.txt,SettlingTime_s,,,0.0,0.01,MATCH,Both NaN
Manual Cepat,30.0,10,data/pengujian_final/log_160_trial/manual_cepat/SP30/ManualCepat_SP30_trial10.txt,BridgingCount,0,0,,EXACT,MATCH,Exact match
Manual Cepat,30.0,10,data/pengujian_final/log_160_trial/manual_cepat/SP30/ManualCepat_SP30_trial10.txt,WithinTolerance,False,0,,EXACT,MATCH,Exact match
Manual Cepat,30.0,10,data/pengujian_final/log_160_trial/manual_cepat/SP30/ManualCepat_SP30_trial10.txt,StopReason,TARGET,TARGET,,EXACT,MATCH,Exact match
Manual Presisi,15.0,1,data/pengujian_final/log_160_trial/manual_presisi/SP15/ManualPresisi_SP15_trial01.txt,FinalMass_g,16.47,16.47,0.0,0.01,MATCH,Within tolerance
Manual Presisi,15.0,1,data/pengujian_final/log_160_trial/manual_presisi/SP15/ManualPresisi_SP15_trial01.txt,FinalError_g,1.4699999999999989,1.47,1.1102230246251565e-15,0.01,MATCH,Within tolerance
Manual Presisi,15.0,1,data/pengujian_final/log_160_trial/manual_presisi/SP15/ManualPresisi_SP15_trial01.txt,AbsError_pct,9.799999999999992,9.8,8.881784197001252e-15,0.01,MATCH,Within tolerance
Manual Presisi,15.0,1,data/pengujian_final/log_160_trial/manual_presisi/SP15/ManualPresisi_SP15_trial01.txt,MaxOvershoot_pct,0.0,9.8,9.8,0.01,MISMATCH,Outside tolerance
Manual Presisi,15.0,1,data/pengujian_final/log_160_trial/manual_presisi/SP15/ManualPresisi_SP15_trial01.txt,Duration_s,23.46,23.46,0.0,0.01,MATCH,Within tolerance
Manual Presisi,15.0,1,data/pengujian_final/log_160_trial/manual_presisi/SP15/ManualPresisi_SP15_trial01.txt,RiseTime_10_90_s,,14.204,,0.01,MISMATCH,One is NaN
Manual Presisi,15.0,1,data/pengujian_final/log_160_trial/manual_presisi/SP15/ManualPresisi_SP15_trial01.txt,SettlingTime_s,,,0.0,0.01,MATCH,Both NaN
Manual Presisi,15.0,1,data/pengujian_final/log_160_trial/manual_presisi/SP15/ManualPresisi_SP15_trial01.txt,BridgingCount,3,3,,EXACT,MATCH,Exact match
Manual Presisi,15.0,1,data/pengujian_final/log_160_trial/manual_presisi/SP15/ManualPresisi_SP15_trial01.txt,WithinTolerance,False,0,,EXACT,MATCH,Exact match
Manual Presisi,15.0,1,data/pengujian_final/log_160_trial/manual_presisi/SP15/ManualPresisi_SP15_trial01.txt,StopReason,TARGET,TARGET,,EXACT,MATCH,Exact match
Manual Presisi,15.0,2,data/pengujian_final/log_160_trial/manual_presisi/SP15/ManualPresisi_SP15_trial02.txt,FinalMass_g,15.43,15.43,0.0,0.01,MATCH,Within tolerance
Manual Presisi,15.0,2,data/pengujian_final/log_160_trial/manual_presisi/SP15/ManualPresisi_SP15_trial02.txt,FinalError_g,0.4299999999999997,0.43,2.7755575615628914e-16,0.01,MATCH,Within tolerance
Manual Presisi,15.0,2,data/pengujian_final/log_160_trial/manual_presisi/SP15/ManualPresisi_SP15_trial02.txt,AbsError_pct,2.866666666666665,2.87,0.0033333333333351867,0.01,MATCH,Within tolerance
Manual Presisi,15.0,2,data/pengujian_final/log_160_trial/manual_presisi/SP15/ManualPresisi_SP15_trial02.txt,MaxOvershoot_pct,0.0,2.87,2.87,0.01,MISMATCH,Outside tolerance
Manual Presisi,15.0,2,data/pengujian_final/log_160_trial/manual_presisi/SP15/ManualPresisi_SP15_trial02.txt,Duration_s,34.054,34.05,0.0040000000000048885,0.01,MATCH,Within tolerance
Manual Presisi,15.0,2,data/pengujian_final/log_160_trial/manual_presisi/SP15/ManualPresisi_SP15_trial02.txt,RiseTime_10_90_s,,26.088,,0.01,MISMATCH,One is NaN
Manual Presisi,15.0,2,data/pengujian_final/log_160_trial/manual_presisi/SP15/ManualPresisi_SP15_trial02.txt,SettlingTime_s,,33.796,,0.01,MISMATCH,One is NaN
Manual Presisi,15.0,2,data/pengujian_final/log_160_trial/manual_presisi/SP15/ManualPresisi_SP15_trial02.txt,BridgingCount,3,3,,EXACT,MATCH,Exact match
Manual Presisi,15.0,2,data/pengujian_final/log_160_trial/manual_presisi/SP15/ManualPresisi_SP15_trial02.txt,WithinTolerance,True,1,,EXACT,MATCH,Exact match
Manual Presisi,15.0,2,data/pengujian_final/log_160_trial/manual_presisi/SP15/ManualPresisi_SP15_trial02.txt,StopReason,TARGET,TARGET,,EXACT,MATCH,Exact match
Manual Presisi,15.0,3,data/pengujian_final/log_160_trial/manual_presisi/SP15/ManualPresisi_SP15_trial03.txt,FinalMass_g,15.16,15.16,0.0,0.01,MATCH,Within tolerance
Manual Presisi,15.0,3,data/pengujian_final/log_160_trial/manual_presisi/SP15/ManualPresisi_SP15_trial03.txt,FinalError_g,0.16000000000000014,0.16,1.3877787807814457e-16,0.01,MATCH,Within tolerance
Manual Presisi,15.0,3,data/pengujian_final/log_160_trial/manual_presisi/SP15/ManualPresisi_SP15_trial03.txt,AbsError_pct,1.0666666666666678,1.06,0.006666666666667709,0.01,MATCH,Within tolerance
Manual Presisi,15.0,3,data/pengujian_final/log_160_trial/manual_presisi/SP15/ManualPresisi_SP15_trial03.txt,MaxOvershoot_pct,0.0,2.13,2.13,0.01,MISMATCH,Outside tolerance
Manual Presisi,15.0,3,data/pengujian_final/log_160_trial/manual_presisi/SP15/ManualPresisi_SP15_trial03.txt,Duration_s,56.783,56.78,0.0030000000000001137,0.01,MATCH,Within tolerance
Manual Presisi,15.0,3,data/pengujian_final/log_160_trial/manual_presisi/SP15/ManualPresisi_SP15_trial03.txt,RiseTime_10_90_s,,51.917,,0.01,MISMATCH,One is NaN
Manual Presisi,15.0,3,data/pengujian_final/log_160_trial/manual_presisi/SP15/ManualPresisi_SP15_trial03.txt,SettlingTime_s,,56.267,,0.01,MISMATCH,One is NaN
Manual Presisi,15.0,3,data/pengujian_final/log_160_trial/manual_presisi/SP15/ManualPresisi_SP15_trial03.txt,BridgingCount,3,3,,EXACT,MATCH,Exact match
Manual Presisi,15.0,3,data/pengujian_final/log_160_trial/manual_presisi/SP15/ManualPresisi_SP15_trial03.txt,WithinTolerance,True,1,,EXACT,MATCH,Exact match
Manual Presisi,15.0,3,data/pengujian_final/log_160_trial/manual_presisi/SP15/ManualPresisi_SP15_trial03.txt,StopReason,TARGET,TARGET,,EXACT,MATCH,Exact match
Manual Presisi,15.0,4,data/pengujian_final/log_160_trial/manual_presisi/SP15/ManualPresisi_SP15_trial04.txt,FinalMass_g,14.35,14.35,0.0,0.01,MATCH,Within tolerance
Manual Presisi,15.0,4,data/pengujian_final/log_160_trial/manual_presisi/SP15/ManualPresisi_SP15_trial04.txt,FinalError_g,-0.6500000000000004,-0.65,3.3306690738754696e-16,0.01,MATCH,Within tolerance
Manual Presisi,15.0,4,data/pengujian_final/log_160_trial/manual_presisi/SP15/ManualPresisi_SP15_trial04.txt,AbsError_pct,4.333333333333336,4.32,0.013333333333335418,0.01,MISMATCH,Outside tolerance
Manual Presisi,15.0,4,data/pengujian_final/log_160_trial/manual_presisi/SP15/ManualPresisi_SP15_trial04.txt,MaxOvershoot_pct,0.0,0.0,0.0,0.01,MATCH,Within tolerance
Manual Presisi,15.0,4,data/pengujian_final/log_160_trial/manual_presisi/SP15/ManualPresisi_SP15_trial04.txt,Duration_s,62.986,62.99,0.0040000000000048885,0.01,MATCH,Within tolerance
Manual Presisi,15.0,4,data/pengujian_final/log_160_trial/manual_presisi/SP15/ManualPresisi_SP15_trial04.txt,RiseTime_10_90_s,,34.871,,0.01,MISMATCH,One is NaN
Manual Presisi,15.0,4,data/pengujian_final/log_160_trial/manual_presisi/SP15/ManualPresisi_SP15_trial04.txt,SettlingTime_s,,61.695,,0.01,MISMATCH,One is NaN
Manual Presisi,15.0,4,data/pengujian_final/log_160_trial/manual_presisi/SP15/ManualPresisi_SP15_trial04.txt,BridgingCount,3,3,,EXACT,MATCH,Exact match
Manual Presisi,15.0,4,data/pengujian_final/log_160_trial/manual_presisi/SP15/ManualPresisi_SP15_trial04.txt,WithinTolerance,True,1,,EXACT,MATCH,Exact match
Manual Presisi,15.0,4,data/pengujian_final/log_160_trial/manual_presisi/SP15/ManualPresisi_SP15_trial04.txt,StopReason,TARGET,TARGET,,EXACT,MATCH,Exact match
Manual Presisi,15.0,5,data/pengujian_final/log_160_trial/manual_presisi/SP15/ManualPresisi_SP15_trial05.txt,FinalMass_g,16.62,16.62,0.0,0.01,MATCH,Within tolerance
Manual Presisi,15.0,5,data/pengujian_final/log_160_trial/manual_presisi/SP15/ManualPresisi_SP15_trial05.txt,FinalError_g,1.620000000000001,1.62,8.881784197001252e-16,0.01,MATCH,Within tolerance
Manual Presisi,15.0,5,data/pengujian_final/log_160_trial/manual_presisi/SP15/ManualPresisi_SP15_trial05.txt,AbsError_pct,10.800000000000006,10.77,0.030000000000006466,0.01,MISMATCH,Outside tolerance
Manual Presisi,15.0,5,data/pengujian_final/log_160_trial/manual_presisi/SP15/ManualPresisi_SP15_trial05.txt,MaxOvershoot_pct,0.0,10.77,10.77,0.01,MISMATCH,Outside tolerance
Manual Presisi,15.0,5,data/pengujian_final/log_160_trial/manual_presisi/SP15/ManualPresisi_SP15_trial05.txt,Duration_s,29.66,29.66,0.0,0.01,MATCH,Within tolerance
Manual Presisi,15.0,5,data/pengujian_final/log_160_trial/manual_presisi/SP15/ManualPresisi_SP15_trial05.txt,RiseTime_10_90_s,,24.535,,0.01,MISMATCH,One is NaN
Manual Presisi,15.0,5,data/pengujian_final/log_160_trial/manual_presisi/SP15/ManualPresisi_SP15_trial05.txt,SettlingTime_s,,,0.0,0.01,MATCH,Both NaN
Manual Presisi,15.0,5,data/pengujian_final/log_160_trial/manual_presisi/SP15/ManualPresisi_SP15_trial05.txt,BridgingCount,6,6,,EXACT,MATCH,Exact match
Manual Presisi,15.0,5,data/pengujian_final/log_160_trial/manual_presisi/SP15/ManualPresisi_SP15_trial05.txt,WithinTolerance,False,0,,EXACT,MATCH,Exact match
Manual Presisi,15.0,5,data/pengujian_final/log_160_trial/manual_presisi/SP15/ManualPresisi_SP15_trial05.txt,StopReason,TARGET,TARGET,,EXACT,MATCH,Exact match
Manual Presisi,15.0,6,data/pengujian_final/log_160_trial/manual_presisi/SP15/ManualPresisi_SP15_trial06.txt,FinalMass_g,14.49,14.49,0.0,0.01,MATCH,Within tolerance
Manual Presisi,15.0,6,data/pengujian_final/log_160_trial/manual_presisi/SP15/ManualPresisi_SP15_trial06.txt,FinalError_g,-0.5099999999999998,-0.51,2.220446049250313e-16,0.01,MATCH,Within tolerance
Manual Presisi,15.0,6,data/pengujian_final/log_160_trial/manual_presisi/SP15/ManualPresisi_SP15_trial06.txt,AbsError_pct,3.399999999999999,3.37,0.029999999999998916,0.01,MISMATCH,Outside tolerance
Manual Presisi,15.0,6,data/pengujian_final/log_160_trial/manual_presisi/SP15/ManualPresisi_SP15_trial06.txt,MaxOvershoot_pct,0.0,0.0,0.0,0.01,MATCH,Within tolerance
Manual Presisi,15.0,6,data/pengujian_final/log_160_trial/manual_presisi/SP15/ManualPresisi_SP15_trial06.txt,Duration_s,34.053,34.05,0.0030000000000001137,0.01,MATCH,Within tolerance
Manual Presisi,15.0,6,data/pengujian_final/log_160_trial/manual_presisi/SP15/ManualPresisi_SP15_trial06.txt,RiseTime_10_90_s,,29.186,,0.01,MISMATCH,One is NaN
Manual Presisi,15.0,6,data/pengujian_final/log_160_trial/manual_presisi/SP15/ManualPresisi_SP15_trial06.txt,SettlingTime_s,,33.795,,0.01,MISMATCH,One is NaN
Manual Presisi,15.0,6,data/pengujian_final/log_160_trial/manual_presisi/SP15/ManualPresisi_SP15_trial06.txt,BridgingCount,4,4,,EXACT,MATCH,Exact match
Manual Presisi,15.0,6,data/pengujian_final/log_160_trial/manual_presisi/SP15/ManualPresisi_SP15_trial06.txt,WithinTolerance,True,1,,EXACT,MATCH,Exact match
Manual Presisi,15.0,6,data/pengujian_final/log_160_trial/manual_presisi/SP15/ManualPresisi_SP15_trial06.txt,StopReason,TARGET,TARGET,,EXACT,MATCH,Exact match
Manual Presisi,15.0,7,data/pengujian_final/log_160_trial/manual_presisi/SP15/ManualPresisi_SP15_trial07.txt,FinalMass_g,15.89,15.89,0.0,0.01,MATCH,Within tolerance
Manual Presisi,15.0,7,data/pengujian_final/log_160_trial/manual_presisi/SP15/ManualPresisi_SP15_trial07.txt,FinalError_g,0.8900000000000006,0.89,5.551115123125783e-16,0.01,MATCH,Within tolerance
Manual Presisi,15.0,7,data/pengujian_final/log_160_trial/manual_presisi/SP15/ManualPresisi_SP15_trial07.txt,AbsError_pct,5.933333333333337,5.91,0.02333333333333698,0.01,MISMATCH,Outside tolerance
Manual Presisi,15.0,7,data/pengujian_final/log_160_trial/manual_presisi/SP15/ManualPresisi_SP15_trial07.txt,MaxOvershoot_pct,0.0,5.91,5.91,0.01,MISMATCH,Outside tolerance
Manual Presisi,15.0,7,data/pengujian_final/log_160_trial/manual_presisi/SP15/ManualPresisi_SP15_trial07.txt,Duration_s,15.198,15.2,0.0019999999999988916,0.01,MATCH,Within tolerance
Manual Presisi,15.0,7,data/pengujian_final/log_160_trial/manual_presisi/SP15/ManualPresisi_SP15_trial07.txt,RiseTime_10_90_s,,5.683,,0.01,MISMATCH,One is NaN
Manual Presisi,15.0,7,data/pengujian_final/log_160_trial/manual_presisi/SP15/ManualPresisi_SP15_trial07.txt,SettlingTime_s,,,0.0,0.01,MATCH,Both NaN
Manual Presisi,15.0,7,data/pengujian_final/log_160_trial/manual_presisi/SP15/ManualPresisi_SP15_trial07.txt,BridgingCount,1,1,,EXACT,MATCH,Exact match
Manual Presisi,15.0,7,data/pengujian_final/log_160_trial/manual_presisi/SP15/ManualPresisi_SP15_trial07.txt,WithinTolerance,False,0,,EXACT,MATCH,Exact match
Manual Presisi,15.0,7,data/pengujian_final/log_160_trial/manual_presisi/SP15/ManualPresisi_SP15_trial07.txt,StopReason,TARGET,TARGET,,EXACT,MATCH,Exact match
Manual Presisi,15.0,8,data/pengujian_final/log_160_trial/manual_presisi/SP15/ManualPresisi_SP15_trial08.txt,FinalMass_g,14.66,14.66,0.0,0.01,MATCH,Within tolerance
Manual Presisi,15.0,8,data/pengujian_final/log_160_trial/manual_presisi/SP15/ManualPresisi_SP15_trial08.txt,FinalError_g,-0.33999999999999986,-0.34,1.6653345369377348e-16,0.01,MATCH,Within tolerance
Manual Presisi,15.0,8,data/pengujian_final/log_160_trial/manual_presisi/SP15/ManualPresisi_SP15_trial08.txt,AbsError_pct,2.2666666666666657,2.26,0.0066666666666659324,0.01,MATCH,Within tolerance
Manual Presisi,15.0,8,data/pengujian_final/log_160_trial/manual_presisi/SP15/ManualPresisi_SP15_trial08.txt,MaxOvershoot_pct,0.0,0.0,0.0,0.01,MATCH,Within tolerance
Manual Presisi,15.0,8,data/pengujian_final/log_160_trial/manual_presisi/SP15/ManualPresisi_SP15_trial08.txt,Duration_s,40.512,40.51,0.0020000000000024443,0.01,MATCH,Within tolerance
Manual Presisi,15.0,8,data/pengujian_final/log_160_trial/manual_presisi/SP15/ManualPresisi_SP15_trial08.txt,RiseTime_10_90_s,,18.597,,0.01,MISMATCH,One is NaN
Manual Presisi,15.0,8,data/pengujian_final/log_160_trial/manual_presisi/SP15/ManualPresisi_SP15_trial08.txt,SettlingTime_s,,33.538,,0.01,MISMATCH,One is NaN
Manual Presisi,15.0,8,data/pengujian_final/log_160_trial/manual_presisi/SP15/ManualPresisi_SP15_trial08.txt,BridgingCount,1,1,,EXACT,MATCH,Exact match
Manual Presisi,15.0,8,data/pengujian_final/log_160_trial/manual_presisi/SP15/ManualPresisi_SP15_trial08.txt,WithinTolerance,True,1,,EXACT,MATCH,Exact match
Manual Presisi,15.0,8,data/pengujian_final/log_160_trial/manual_presisi/SP15/ManualPresisi_SP15_trial08.txt,StopReason,TARGET,TARGET,,EXACT,MATCH,Exact match
Manual Presisi,15.0,9,data/pengujian_final/log_160_trial/manual_presisi/SP15/ManualPresisi_SP15_trial09.txt,FinalMass_g,15.4,15.4,0.0,0.01,MATCH,Within tolerance
Manual Presisi,15.0,9,data/pengujian_final/log_160_trial/manual_presisi/SP15/ManualPresisi_SP15_trial09.txt,FinalError_g,0.40000000000000036,0.4,3.3306690738754696e-16,0.01,MATCH,Within tolerance
Manual Presisi,15.0,9,data/pengujian_final/log_160_trial/manual_presisi/SP15/ManualPresisi_SP15_trial09.txt,AbsError_pct,2.6666666666666687,2.68,0.01333333333333142,0.01,MISMATCH,Outside tolerance
Manual Presisi,15.0,9,data/pengujian_final/log_160_trial/manual_presisi/SP15/ManualPresisi_SP15_trial09.txt,MaxOvershoot_pct,0.0,2.68,2.68,0.01,MISMATCH,Outside tolerance
Manual Presisi,15.0,9,data/pengujian_final/log_160_trial/manual_presisi/SP15/ManualPresisi_SP15_trial09.txt,Duration_s,33.796,33.8,0.003999999999997783,0.01,MATCH,Within tolerance
Manual Presisi,15.0,9,data/pengujian_final/log_160_trial/manual_presisi/SP15/ManualPresisi_SP15_trial09.txt,RiseTime_10_90_s,,28.154,,0.01,MISMATCH,One is NaN
Manual Presisi,15.0,9,data/pengujian_final/log_160_trial/manual_presisi/SP15/ManualPresisi_SP15_trial09.txt,SettlingTime_s,,33.28,,0.01,MISMATCH,One is NaN
Manual Presisi,15.0,9,data/pengujian_final/log_160_trial/manual_presisi/SP15/ManualPresisi_SP15_trial09.txt,BridgingCount,4,4,,EXACT,MATCH,Exact match
Manual Presisi,15.0,9,data/pengujian_final/log_160_trial/manual_presisi/SP15/ManualPresisi_SP15_trial09.txt,WithinTolerance,True,1,,EXACT,MATCH,Exact match
Manual Presisi,15.0,9,data/pengujian_final/log_160_trial/manual_presisi/SP15/ManualPresisi_SP15_trial09.txt,StopReason,TARGET,TARGET,,EXACT,MATCH,Exact match
Manual Presisi,15.0,10,data/pengujian_final/log_160_trial/manual_presisi/SP15/ManualPresisi_SP15_trial10.txt,FinalMass_g,21.01,21.01,0.0,0.01,MATCH,Within tolerance
Manual Presisi,15.0,10,data/pengujian_final/log_160_trial/manual_presisi/SP15/ManualPresisi_SP15_trial10.txt,FinalError_g,6.010000000000002,6.01,1.7763568394002505e-15,0.01,MATCH,Within tolerance
Manual Presisi,15.0,10,data/pengujian_final/log_160_trial/manual_presisi/SP15/ManualPresisi_SP15_trial10.txt,AbsError_pct,40.06666666666668,40.06,0.006666666666674814,0.01,MATCH,Within tolerance
Manual Presisi,15.0,10,data/pengujian_final/log_160_trial/manual_presisi/SP15/ManualPresisi_SP15_trial10.txt,MaxOvershoot_pct,0.0,40.06,40.06,0.01,MISMATCH,Outside tolerance
Manual Presisi,15.0,10,data/pengujian_final/log_160_trial/manual_presisi/SP15/ManualPresisi_SP15_trial10.txt,Duration_s,8.483,8.48,0.0030000000000001137,0.01,MATCH,Within tolerance
Manual Presisi,15.0,10,data/pengujian_final/log_160_trial/manual_presisi/SP15/ManualPresisi_SP15_trial10.txt,RiseTime_10_90_s,,1.033,,0.01,MISMATCH,One is NaN
Manual Presisi,15.0,10,data/pengujian_final/log_160_trial/manual_presisi/SP15/ManualPresisi_SP15_trial10.txt,SettlingTime_s,,,0.0,0.01,MATCH,Both NaN
Manual Presisi,15.0,10,data/pengujian_final/log_160_trial/manual_presisi/SP15/ManualPresisi_SP15_trial10.txt,BridgingCount,1,1,,EXACT,MATCH,Exact match
Manual Presisi,15.0,10,data/pengujian_final/log_160_trial/manual_presisi/SP15/ManualPresisi_SP15_trial10.txt,WithinTolerance,False,0,,EXACT,MATCH,Exact match
Manual Presisi,15.0,10,data/pengujian_final/log_160_trial/manual_presisi/SP15/ManualPresisi_SP15_trial10.txt,StopReason,TARGET,TARGET,,EXACT,MATCH,Exact match
Manual Presisi,20.0,1,data/pengujian_final/log_160_trial/manual_presisi/SP20/ManualPresisi_SP20_trial01.txt,FinalMass_g,23.33,23.33,0.0,0.01,MATCH,Within tolerance
Manual Presisi,20.0,1,data/pengujian_final/log_160_trial/manual_presisi/SP20/ManualPresisi_SP20_trial01.txt,FinalError_g,3.3299999999999983,3.33,1.7763568394002505e-15,0.01,MATCH,Within tolerance
Manual Presisi,20.0,1,data/pengujian_final/log_160_trial/manual_presisi/SP20/ManualPresisi_SP20_trial01.txt,AbsError_pct,16.64999999999999,16.67,0.020000000000010232,0.01,MISMATCH,Outside tolerance
Manual Presisi,20.0,1,data/pengujian_final/log_160_trial/manual_presisi/SP20/ManualPresisi_SP20_trial01.txt,MaxOvershoot_pct,0.0,16.67,16.67,0.01,MISMATCH,Outside tolerance
Manual Presisi,20.0,1,data/pengujian_final/log_160_trial/manual_presisi/SP20/ManualPresisi_SP20_trial01.txt,Duration_s,67.878,67.88,0.001999999999995339,0.01,MATCH,Within tolerance
Manual Presisi,20.0,1,data/pengujian_final/log_160_trial/manual_presisi/SP20/ManualPresisi_SP20_trial01.txt,RiseTime_10_90_s,,61.721,,0.01,MISMATCH,One is NaN
Manual Presisi,20.0,1,data/pengujian_final/log_160_trial/manual_presisi/SP20/ManualPresisi_SP20_trial01.txt,SettlingTime_s,,,0.0,0.01,MATCH,Both NaN
Manual Presisi,20.0,1,data/pengujian_final/log_160_trial/manual_presisi/SP20/ManualPresisi_SP20_trial01.txt,BridgingCount,14,14,,EXACT,MATCH,Exact match
Manual Presisi,20.0,1,data/pengujian_final/log_160_trial/manual_presisi/SP20/ManualPresisi_SP20_trial01.txt,WithinTolerance,False,0,,EXACT,MATCH,Exact match
Manual Presisi,20.0,1,data/pengujian_final/log_160_trial/manual_presisi/SP20/ManualPresisi_SP20_trial01.txt,StopReason,TARGET,TARGET,,EXACT,MATCH,Exact match
Manual Presisi,20.0,2,data/pengujian_final/log_160_trial/manual_presisi/SP20/ManualPresisi_SP20_trial02.txt,FinalMass_g,19.68,19.68,0.0,0.01,MATCH,Within tolerance
Manual Presisi,20.0,2,data/pengujian_final/log_160_trial/manual_presisi/SP20/ManualPresisi_SP20_trial02.txt,FinalError_g,-0.3200000000000003,-0.32,2.7755575615628914e-16,0.01,MATCH,Within tolerance
Manual Presisi,20.0,2,data/pengujian_final/log_160_trial/manual_presisi/SP20/ManualPresisi_SP20_trial02.txt,AbsError_pct,1.6000000000000014,1.62,0.019999999999998685,0.01,MISMATCH,Outside tolerance
Manual Presisi,20.0,2,data/pengujian_final/log_160_trial/manual_presisi/SP20/ManualPresisi_SP20_trial02.txt,MaxOvershoot_pct,0.0,0.0,0.0,0.01,MATCH,Within tolerance
Manual Presisi,20.0,2,data/pengujian_final/log_160_trial/manual_presisi/SP20/ManualPresisi_SP20_trial02.txt,Duration_s,44.124,44.12,0.0040000000000048885,0.01,MATCH,Within tolerance
Manual Presisi,20.0,2,data/pengujian_final/log_160_trial/manual_presisi/SP20/ManualPresisi_SP20_trial02.txt,RiseTime_10_90_s,,30.477,,0.01,MISMATCH,One is NaN
Manual Presisi,20.0,2,data/pengujian_final/log_160_trial/manual_presisi/SP20/ManualPresisi_SP20_trial02.txt,SettlingTime_s,,41.8,,0.01,MISMATCH,One is NaN
Manual Presisi,20.0,2,data/pengujian_final/log_160_trial/manual_presisi/SP20/ManualPresisi_SP20_trial02.txt,BridgingCount,3,3,,EXACT,MATCH,Exact match
Manual Presisi,20.0,2,data/pengujian_final/log_160_trial/manual_presisi/SP20/ManualPresisi_SP20_trial02.txt,WithinTolerance,True,1,,EXACT,MATCH,Exact match
Manual Presisi,20.0,2,data/pengujian_final/log_160_trial/manual_presisi/SP20/ManualPresisi_SP20_trial02.txt,StopReason,TARGET,TARGET,,EXACT,MATCH,Exact match
Manual Presisi,20.0,3,data/pengujian_final/log_160_trial/manual_presisi/SP20/ManualPresisi_SP20_trial03.txt,FinalMass_g,23.75,23.75,0.0,0.01,MATCH,Within tolerance
Manual Presisi,20.0,3,data/pengujian_final/log_160_trial/manual_presisi/SP20/ManualPresisi_SP20_trial03.txt,FinalError_g,3.75,3.75,0.0,0.01,MATCH,Within tolerance
Manual Presisi,20.0,3,data/pengujian_final/log_160_trial/manual_presisi/SP20/ManualPresisi_SP20_trial03.txt,AbsError_pct,18.75,18.77,0.019999999999999574,0.01,MISMATCH,Outside tolerance
Manual Presisi,20.0,3,data/pengujian_final/log_160_trial/manual_presisi/SP20/ManualPresisi_SP20_trial03.txt,MaxOvershoot_pct,0.0,18.77,18.77,0.01,MISMATCH,Outside tolerance
Manual Presisi,20.0,3,data/pengujian_final/log_160_trial/manual_presisi/SP20/ManualPresisi_SP20_trial03.txt,Duration_s,38.698,38.7,0.0020000000000024443,0.01,MATCH,Within tolerance
Manual Presisi,20.0,3,data/pengujian_final/log_160_trial/manual_presisi/SP20/ManualPresisi_SP20_trial03.txt,RiseTime_10_90_s,,33.573,,0.01,MISMATCH,One is NaN
Manual Presisi,20.0,3,data/pengujian_final/log_160_trial/manual_presisi/SP20/ManualPresisi_SP20_trial03.txt,SettlingTime_s,,,0.0,0.01,MATCH,Both NaN
Manual Presisi,20.0,3,data/pengujian_final/log_160_trial/manual_presisi/SP20/ManualPresisi_SP20_trial03.txt,BridgingCount,3,3,,EXACT,MATCH,Exact match
Manual Presisi,20.0,3,data/pengujian_final/log_160_trial/manual_presisi/SP20/ManualPresisi_SP20_trial03.txt,WithinTolerance,False,0,,EXACT,MATCH,Exact match
Manual Presisi,20.0,3,data/pengujian_final/log_160_trial/manual_presisi/SP20/ManualPresisi_SP20_trial03.txt,StopReason,TARGET,TARGET,,EXACT,MATCH,Exact match
Manual Presisi,20.0,4,data/pengujian_final/log_160_trial/manual_presisi/SP20/ManualPresisi_SP20_trial04.txt,FinalMass_g,20.34,20.34,0.0,0.01,MATCH,Within tolerance
Manual Presisi,20.0,4,data/pengujian_final/log_160_trial/manual_presisi/SP20/ManualPresisi_SP20_trial04.txt,FinalError_g,0.33999999999999986,0.34,1.6653345369377348e-16,0.01,MATCH,Within tolerance
Manual Presisi,20.0,4,data/pengujian_final/log_160_trial/manual_presisi/SP20/ManualPresisi_SP20_trial04.txt,AbsError_pct,1.6999999999999995,1.72,0.020000000000000462,0.01,MISMATCH,Outside tolerance
Manual Presisi,20.0,4,data/pengujian_final/log_160_trial/manual_presisi/SP20/ManualPresisi_SP20_trial04.txt,MaxOvershoot_pct,0.0,1.72,1.72,0.01,MISMATCH,Outside tolerance
Manual Presisi,20.0,4,data/pengujian_final/log_160_trial/manual_presisi/SP20/ManualPresisi_SP20_trial04.txt,Duration_s,44.38,44.38,0.0,0.01,MATCH,Within tolerance
Manual Presisi,20.0,4,data/pengujian_final/log_160_trial/manual_presisi/SP20/ManualPresisi_SP20_trial04.txt,RiseTime_10_90_s,,28.15,,0.01,MISMATCH,One is NaN
Manual Presisi,20.0,4,data/pengujian_final/log_160_trial/manual_presisi/SP20/ManualPresisi_SP20_trial04.txt,SettlingTime_s,,39.989,,0.01,MISMATCH,One is NaN
Manual Presisi,20.0,4,data/pengujian_final/log_160_trial/manual_presisi/SP20/ManualPresisi_SP20_trial04.txt,BridgingCount,4,4,,EXACT,MATCH,Exact match
Manual Presisi,20.0,4,data/pengujian_final/log_160_trial/manual_presisi/SP20/ManualPresisi_SP20_trial04.txt,WithinTolerance,True,1,,EXACT,MATCH,Exact match
Manual Presisi,20.0,4,data/pengujian_final/log_160_trial/manual_presisi/SP20/ManualPresisi_SP20_trial04.txt,StopReason,TARGET,TARGET,,EXACT,MATCH,Exact match
Manual Presisi,20.0,5,data/pengujian_final/log_160_trial/manual_presisi/SP20/ManualPresisi_SP20_trial05.txt,FinalMass_g,25.23,25.23,0.0,0.01,MATCH,Within tolerance
Manual Presisi,20.0,5,data/pengujian_final/log_160_trial/manual_presisi/SP20/ManualPresisi_SP20_trial05.txt,FinalError_g,5.23,5.23,0.0,0.01,MATCH,Within tolerance
Manual Presisi,20.0,5,data/pengujian_final/log_160_trial/manual_presisi/SP20/ManualPresisi_SP20_trial05.txt,AbsError_pct,26.150000000000002,26.17,0.019999999999999574,0.01,MISMATCH,Outside tolerance
Manual Presisi,20.0,5,data/pengujian_final/log_160_trial/manual_presisi/SP20/ManualPresisi_SP20_trial05.txt,MaxOvershoot_pct,0.0,26.17,26.17,0.01,MISMATCH,Outside tolerance
Manual Presisi,20.0,5,data/pengujian_final/log_160_trial/manual_presisi/SP20/ManualPresisi_SP20_trial05.txt,Duration_s,20.617,20.62,0.0030000000000001137,0.01,MATCH,Within tolerance
Manual Presisi,20.0,5,data/pengujian_final/log_160_trial/manual_presisi/SP20/ManualPresisi_SP20_trial05.txt,RiseTime_10_90_s,,13.169,,0.01,MISMATCH,One is NaN
Manual Presisi,20.0,5,data/pengujian_final/log_160_trial/manual_presisi/SP20/ManualPresisi_SP20_trial05.txt,SettlingTime_s,,,0.0,0.01,MATCH,Both NaN
Manual Presisi,20.0,5,data/pengujian_final/log_160_trial/manual_presisi/SP20/ManualPresisi_SP20_trial05.txt,BridgingCount,3,3,,EXACT,MATCH,Exact match
Manual Presisi,20.0,5,data/pengujian_final/log_160_trial/manual_presisi/SP20/ManualPresisi_SP20_trial05.txt,WithinTolerance,False,0,,EXACT,MATCH,Exact match
Manual Presisi,20.0,5,data/pengujian_final/log_160_trial/manual_presisi/SP20/ManualPresisi_SP20_trial05.txt,StopReason,TARGET,TARGET,,EXACT,MATCH,Exact match
Manual Presisi,20.0,6,data/pengujian_final/log_160_trial/manual_presisi/SP20/ManualPresisi_SP20_trial06.txt,FinalMass_g,19.97,19.97,0.0,0.01,MATCH,Within tolerance
Manual Presisi,20.0,6,data/pengujian_final/log_160_trial/manual_presisi/SP20/ManualPresisi_SP20_trial06.txt,FinalError_g,-0.030000000000001137,-0.03,1.1379786002407855e-15,0.01,MATCH,Within tolerance
Manual Presisi,20.0,6,data/pengujian_final/log_160_trial/manual_presisi/SP20/ManualPresisi_SP20_trial06.txt,AbsError_pct,0.15000000000000568,0.17,0.019999999999994328,0.01,MISMATCH,Outside tolerance
Manual Presisi,20.0,6,data/pengujian_final/log_160_trial/manual_presisi/SP20/ManualPresisi_SP20_trial06.txt,MaxOvershoot_pct,0.0,0.02,0.02,0.01,MISMATCH,Outside tolerance
Manual Presisi,20.0,6,data/pengujian_final/log_160_trial/manual_presisi/SP20/ManualPresisi_SP20_trial06.txt,Duration_s,42.312,42.31,0.001999999999995339,0.01,MATCH,Within tolerance
Manual Presisi,20.0,6,data/pengujian_final/log_160_trial/manual_presisi/SP20/ManualPresisi_SP20_trial06.txt,RiseTime_10_90_s,,38.339,,0.01,MISMATCH,One is NaN
Manual Presisi,20.0,6,data/pengujian_final/log_160_trial/manual_presisi/SP20/ManualPresisi_SP20_trial06.txt,SettlingTime_s,,41.796,,0.01,MISMATCH,One is NaN
Manual Presisi,20.0,6,data/pengujian_final/log_160_trial/manual_presisi/SP20/ManualPresisi_SP20_trial06.txt,BridgingCount,4,4,,EXACT,MATCH,Exact match
Manual Presisi,20.0,6,data/pengujian_final/log_160_trial/manual_presisi/SP20/ManualPresisi_SP20_trial06.txt,WithinTolerance,True,1,,EXACT,MATCH,Exact match
Manual Presisi,20.0,6,data/pengujian_final/log_160_trial/manual_presisi/SP20/ManualPresisi_SP20_trial06.txt,StopReason,TARGET,TARGET,,EXACT,MATCH,Exact match
Manual Presisi,20.0,7,data/pengujian_final/log_160_trial/manual_presisi/SP20/ManualPresisi_SP20_trial07.txt,FinalMass_g,19.95,19.95,0.0,0.01,MATCH,Within tolerance
Manual Presisi,20.0,7,data/pengujian_final/log_160_trial/manual_presisi/SP20/ManualPresisi_SP20_trial07.txt,FinalError_g,-0.05000000000000071,-0.05,7.077671781985373e-16,0.01,MATCH,Within tolerance
Manual Presisi,20.0,7,data/pengujian_final/log_160_trial/manual_presisi/SP20/ManualPresisi_SP20_trial07.txt,AbsError_pct,0.25000000000000355,0.26,0.009999999999996456,0.01,MATCH,Within tolerance
Manual Presisi,20.0,7,data/pengujian_final/log_160_trial/manual_presisi/SP20/ManualPresisi_SP20_trial07.txt,MaxOvershoot_pct,0.0,0.0,0.0,0.01,MATCH,Within tolerance
Manual Presisi,20.0,7,data/pengujian_final/log_160_trial/manual_presisi/SP20/ManualPresisi_SP20_trial07.txt,Duration_s,44.893,44.89,0.0030000000000001137,0.01,MATCH,Within tolerance
Manual Presisi,20.0,7,data/pengujian_final/log_160_trial/manual_presisi/SP20/ManualPresisi_SP20_trial07.txt,RiseTime_10_90_s,,40.027,,0.01,MISMATCH,One is NaN
Manual Presisi,20.0,7,data/pengujian_final/log_160_trial/manual_presisi/SP20/ManualPresisi_SP20_trial07.txt,SettlingTime_s,,44.635,,0.01,MISMATCH,One is NaN
Manual Presisi,20.0,7,data/pengujian_final/log_160_trial/manual_presisi/SP20/ManualPresisi_SP20_trial07.txt,BridgingCount,7,7,,EXACT,MATCH,Exact match
Manual Presisi,20.0,7,data/pengujian_final/log_160_trial/manual_presisi/SP20/ManualPresisi_SP20_trial07.txt,WithinTolerance,True,1,,EXACT,MATCH,Exact match
Manual Presisi,20.0,7,data/pengujian_final/log_160_trial/manual_presisi/SP20/ManualPresisi_SP20_trial07.txt,StopReason,TARGET,TARGET,,EXACT,MATCH,Exact match
Manual Presisi,20.0,8,data/pengujian_final/log_160_trial/manual_presisi/SP20/ManualPresisi_SP20_trial08.txt,FinalMass_g,21.06,21.06,0.0,0.01,MATCH,Within tolerance
Manual Presisi,20.0,8,data/pengujian_final/log_160_trial/manual_presisi/SP20/ManualPresisi_SP20_trial08.txt,FinalError_g,1.0599999999999987,1.06,1.3322676295501878e-15,0.01,MATCH,Within tolerance
Manual Presisi,20.0,8,data/pengujian_final/log_160_trial/manual_presisi/SP20/ManualPresisi_SP20_trial08.txt,AbsError_pct,5.299999999999994,5.29,0.00999999999999357,0.01,MATCH,Within tolerance
Manual Presisi,20.0,8,data/pengujian_final/log_160_trial/manual_presisi/SP20/ManualPresisi_SP20_trial08.txt,MaxOvershoot_pct,0.0,5.29,5.29,0.01,MISMATCH,Outside tolerance
Manual Presisi,20.0,8,data/pengujian_final/log_160_trial/manual_presisi/SP20/ManualPresisi_SP20_trial08.txt,Duration_s,65.041,65.04,0.000999999999990564,0.01,MATCH,Within tolerance
Manual Presisi,20.0,8,data/pengujian_final/log_160_trial/manual_presisi/SP20/ManualPresisi_SP20_trial08.txt,RiseTime_10_90_s,,57.334,,0.01,MISMATCH,One is NaN
Manual Presisi,20.0,8,data/pengujian_final/log_160_trial/manual_presisi/SP20/ManualPresisi_SP20_trial08.txt,SettlingTime_s,,,0.0,0.01,MATCH,Both NaN
Manual Presisi,20.0,8,data/pengujian_final/log_160_trial/manual_presisi/SP20/ManualPresisi_SP20_trial08.txt,BridgingCount,2,2,,EXACT,MATCH,Exact match
Manual Presisi,20.0,8,data/pengujian_final/log_160_trial/manual_presisi/SP20/ManualPresisi_SP20_trial08.txt,WithinTolerance,False,0,,EXACT,MATCH,Exact match
Manual Presisi,20.0,8,data/pengujian_final/log_160_trial/manual_presisi/SP20/ManualPresisi_SP20_trial08.txt,StopReason,TARGET,TARGET,,EXACT,MATCH,Exact match
Manual Presisi,20.0,9,data/pengujian_final/log_160_trial/manual_presisi/SP20/ManualPresisi_SP20_trial09.txt,FinalMass_g,19.38,19.38,0.0,0.01,MATCH,Within tolerance
Manual Presisi,20.0,9,data/pengujian_final/log_160_trial/manual_presisi/SP20/ManualPresisi_SP20_trial09.txt,FinalError_g,-0.620000000000001,-0.62,9.992007221626409e-16,0.01,MATCH,Within tolerance
Manual Presisi,20.0,9,data/pengujian_final/log_160_trial/manual_presisi/SP20/ManualPresisi_SP20_trial09.txt,AbsError_pct,3.100000000000005,3.09,0.010000000000005116,0.01,MISMATCH,Outside tolerance
Manual Presisi,20.0,9,data/pengujian_final/log_160_trial/manual_presisi/SP20/ManualPresisi_SP20_trial09.txt,MaxOvershoot_pct,0.0,0.0,0.0,0.01,MATCH,Within tolerance
Manual Presisi,20.0,9,data/pengujian_final/log_160_trial/manual_presisi/SP20/ManualPresisi_SP20_trial09.txt,Duration_s,28.881,28.88,0.0010000000000012221,0.01,MATCH,Within tolerance
Manual Presisi,20.0,9,data/pengujian_final/log_160_trial/manual_presisi/SP20/ManualPresisi_SP20_trial09.txt,RiseTime_10_90_s,,21.175,,0.01,MISMATCH,One is NaN
Manual Presisi,20.0,9,data/pengujian_final/log_160_trial/manual_presisi/SP20/ManualPresisi_SP20_trial09.txt,SettlingTime_s,,28.624,,0.01,MISMATCH,One is NaN
Manual Presisi,20.0,9,data/pengujian_final/log_160_trial/manual_presisi/SP20/ManualPresisi_SP20_trial09.txt,BridgingCount,3,3,,EXACT,MATCH,Exact match
Manual Presisi,20.0,9,data/pengujian_final/log_160_trial/manual_presisi/SP20/ManualPresisi_SP20_trial09.txt,WithinTolerance,True,1,,EXACT,MATCH,Exact match
Manual Presisi,20.0,9,data/pengujian_final/log_160_trial/manual_presisi/SP20/ManualPresisi_SP20_trial09.txt,StopReason,TARGET,TARGET,,EXACT,MATCH,Exact match
Manual Presisi,20.0,10,data/pengujian_final/log_160_trial/manual_presisi/SP20/ManualPresisi_SP20_trial10.txt,FinalMass_g,20.01,20.01,0.0,0.01,MATCH,Within tolerance
Manual Presisi,20.0,10,data/pengujian_final/log_160_trial/manual_presisi/SP20/ManualPresisi_SP20_trial10.txt,FinalError_g,0.010000000000001563,0.01,1.5629858518551032e-15,0.01,MATCH,Within tolerance
Manual Presisi,20.0,10,data/pengujian_final/log_160_trial/manual_presisi/SP20/ManualPresisi_SP20_trial10.txt,AbsError_pct,0.050000000000007816,0.04,0.010000000000007815,0.01,MISMATCH,Outside tolerance
Manual Presisi,20.0,10,data/pengujian_final/log_160_trial/manual_presisi/SP20/ManualPresisi_SP20_trial10.txt,MaxOvershoot_pct,0.0,0.04,0.04,0.01,MISMATCH,Outside tolerance
Manual Presisi,20.0,10,data/pengujian_final/log_160_trial/manual_presisi/SP20/ManualPresisi_SP20_trial10.txt,Duration_s,42.054,42.05,0.0040000000000048885,0.01,MATCH,Within tolerance
Manual Presisi,20.0,10,data/pengujian_final/log_160_trial/manual_presisi/SP20/ManualPresisi_SP20_trial10.txt,RiseTime_10_90_s,,13.171,,0.01,MISMATCH,One is NaN
Manual Presisi,20.0,10,data/pengujian_final/log_160_trial/manual_presisi/SP20/ManualPresisi_SP20_trial10.txt,SettlingTime_s,,37.664,,0.01,MISMATCH,One is NaN
Manual Presisi,20.0,10,data/pengujian_final/log_160_trial/manual_presisi/SP20/ManualPresisi_SP20_trial10.txt,BridgingCount,1,1,,EXACT,MATCH,Exact match
Manual Presisi,20.0,10,data/pengujian_final/log_160_trial/manual_presisi/SP20/ManualPresisi_SP20_trial10.txt,WithinTolerance,True,1,,EXACT,MATCH,Exact match
Manual Presisi,20.0,10,data/pengujian_final/log_160_trial/manual_presisi/SP20/ManualPresisi_SP20_trial10.txt,StopReason,TARGET,TARGET,,EXACT,MATCH,Exact match
Manual Presisi,25.0,1,data/pengujian_final/log_160_trial/manual_presisi/SP25/ManualPresisi_SP25_trial01.txt,FinalMass_g,24.78,24.78,0.0,0.01,MATCH,Within tolerance
Manual Presisi,25.0,1,data/pengujian_final/log_160_trial/manual_presisi/SP25/ManualPresisi_SP25_trial01.txt,FinalError_g,-0.21999999999999886,-0.22,1.1379786002407855e-15,0.01,MATCH,Within tolerance
Manual Presisi,25.0,1,data/pengujian_final/log_160_trial/manual_presisi/SP25/ManualPresisi_SP25_trial01.txt,AbsError_pct,0.8799999999999953,0.86,0.019999999999995355,0.01,MISMATCH,Outside tolerance
Manual Presisi,25.0,1,data/pengujian_final/log_160_trial/manual_presisi/SP25/ManualPresisi_SP25_trial01.txt,MaxOvershoot_pct,0.0,0.0,0.0,0.01,MATCH,Within tolerance
Manual Presisi,25.0,1,data/pengujian_final/log_160_trial/manual_presisi/SP25/ManualPresisi_SP25_trial01.txt,Duration_s,81.581,81.58,0.0010000000000047748,0.01,MATCH,Within tolerance
Manual Presisi,25.0,1,data/pengujian_final/log_160_trial/manual_presisi/SP25/ManualPresisi_SP25_trial01.txt,RiseTime_10_90_s,,37.71,,0.01,MISMATCH,One is NaN
Manual Presisi,25.0,1,data/pengujian_final/log_160_trial/manual_presisi/SP25/ManualPresisi_SP25_trial01.txt,SettlingTime_s,,81.323,,0.01,MISMATCH,One is NaN
Manual Presisi,25.0,1,data/pengujian_final/log_160_trial/manual_presisi/SP25/ManualPresisi_SP25_trial01.txt,BridgingCount,3,3,,EXACT,MATCH,Exact match
Manual Presisi,25.0,1,data/pengujian_final/log_160_trial/manual_presisi/SP25/ManualPresisi_SP25_trial01.txt,WithinTolerance,True,1,,EXACT,MATCH,Exact match
Manual Presisi,25.0,1,data/pengujian_final/log_160_trial/manual_presisi/SP25/ManualPresisi_SP25_trial01.txt,StopReason,TARGET,TARGET,,EXACT,MATCH,Exact match
Manual Presisi,25.0,2,data/pengujian_final/log_160_trial/manual_presisi/SP25/ManualPresisi_SP25_trial02.txt,FinalMass_g,27.38,27.38,0.0,0.01,MATCH,Within tolerance
Manual Presisi,25.0,2,data/pengujian_final/log_160_trial/manual_presisi/SP25/ManualPresisi_SP25_trial02.txt,FinalError_g,2.379999999999999,2.38,8.881784197001252e-16,0.01,MATCH,Within tolerance
Manual Presisi,25.0,2,data/pengujian_final/log_160_trial/manual_presisi/SP25/ManualPresisi_SP25_trial02.txt,AbsError_pct,9.519999999999996,9.53,0.01000000000000334,0.01,MISMATCH,Outside tolerance
Manual Presisi,25.0,2,data/pengujian_final/log_160_trial/manual_presisi/SP25/ManualPresisi_SP25_trial02.txt,MaxOvershoot_pct,0.0,9.53,9.53,0.01,MISMATCH,Outside tolerance
Manual Presisi,25.0,2,data/pengujian_final/log_160_trial/manual_presisi/SP25/ManualPresisi_SP25_trial02.txt,Duration_s,32.505,32.51,0.0049999999999954525,0.01,MATCH,Within tolerance
Manual Presisi,25.0,2,data/pengujian_final/log_160_trial/manual_presisi/SP25/ManualPresisi_SP25_trial02.txt,RiseTime_10_90_s,,24.798,,0.01,MISMATCH,One is NaN
Manual Presisi,25.0,2,data/pengujian_final/log_160_trial/manual_presisi/SP25/ManualPresisi_SP25_trial02.txt,SettlingTime_s,,,0.0,0.01,MATCH,Both NaN
Manual Presisi,25.0,2,data/pengujian_final/log_160_trial/manual_presisi/SP25/ManualPresisi_SP25_trial02.txt,BridgingCount,4,4,,EXACT,MATCH,Exact match
Manual Presisi,25.0,2,data/pengujian_final/log_160_trial/manual_presisi/SP25/ManualPresisi_SP25_trial02.txt,WithinTolerance,False,0,,EXACT,MATCH,Exact match
Manual Presisi,25.0,2,data/pengujian_final/log_160_trial/manual_presisi/SP25/ManualPresisi_SP25_trial02.txt,StopReason,TARGET,TARGET,,EXACT,MATCH,Exact match
Manual Presisi,25.0,3,data/pengujian_final/log_160_trial/manual_presisi/SP25/ManualPresisi_SP25_trial03.txt,FinalMass_g,32.6,32.6,0.0,0.01,MATCH,Within tolerance
Manual Presisi,25.0,3,data/pengujian_final/log_160_trial/manual_presisi/SP25/ManualPresisi_SP25_trial03.txt,FinalError_g,7.600000000000001,7.6,1.7763568394002505e-15,0.01,MATCH,Within tolerance
Manual Presisi,25.0,3,data/pengujian_final/log_160_trial/manual_presisi/SP25/ManualPresisi_SP25_trial03.txt,AbsError_pct,30.400000000000006,30.4,7.105427357601002e-15,0.01,MATCH,Within tolerance
Manual Presisi,25.0,3,data/pengujian_final/log_160_trial/manual_presisi/SP25/ManualPresisi_SP25_trial03.txt,MaxOvershoot_pct,0.0,30.4,30.4,0.01,MISMATCH,Outside tolerance
Manual Presisi,25.0,3,data/pengujian_final/log_160_trial/manual_presisi/SP25/ManualPresisi_SP25_trial03.txt,Duration_s,38.964,38.96,0.003999999999997783,0.01,MATCH,Within tolerance
Manual Presisi,25.0,3,data/pengujian_final/log_160_trial/manual_presisi/SP25/ManualPresisi_SP25_trial03.txt,RiseTime_10_90_s,,30.998,,0.01,MISMATCH,One is NaN
Manual Presisi,25.0,3,data/pengujian_final/log_160_trial/manual_presisi/SP25/ManualPresisi_SP25_trial03.txt,SettlingTime_s,,,0.0,0.01,MATCH,Both NaN
Manual Presisi,25.0,3,data/pengujian_final/log_160_trial/manual_presisi/SP25/ManualPresisi_SP25_trial03.txt,BridgingCount,6,6,,EXACT,MATCH,Exact match
Manual Presisi,25.0,3,data/pengujian_final/log_160_trial/manual_presisi/SP25/ManualPresisi_SP25_trial03.txt,WithinTolerance,False,0,,EXACT,MATCH,Exact match
Manual Presisi,25.0,3,data/pengujian_final/log_160_trial/manual_presisi/SP25/ManualPresisi_SP25_trial03.txt,StopReason,TARGET,TARGET,,EXACT,MATCH,Exact match
Manual Presisi,25.0,4,data/pengujian_final/log_160_trial/manual_presisi/SP25/ManualPresisi_SP25_trial04.txt,FinalMass_g,30.12,30.12,0.0,0.01,MATCH,Within tolerance
Manual Presisi,25.0,4,data/pengujian_final/log_160_trial/manual_presisi/SP25/ManualPresisi_SP25_trial04.txt,FinalError_g,5.120000000000001,5.12,8.881784197001252e-16,0.01,MATCH,Within tolerance
Manual Presisi,25.0,4,data/pengujian_final/log_160_trial/manual_presisi/SP25/ManualPresisi_SP25_trial04.txt,AbsError_pct,20.480000000000004,20.46,0.020000000000003126,0.01,MISMATCH,Outside tolerance
Manual Presisi,25.0,4,data/pengujian_final/log_160_trial/manual_presisi/SP25/ManualPresisi_SP25_trial04.txt,MaxOvershoot_pct,0.0,20.46,20.46,0.01,MISMATCH,Outside tolerance
Manual Presisi,25.0,4,data/pengujian_final/log_160_trial/manual_presisi/SP25/ManualPresisi_SP25_trial04.txt,Duration_s,20.366,20.37,0.004000000000001336,0.01,MATCH,Within tolerance
Manual Presisi,25.0,4,data/pengujian_final/log_160_trial/manual_presisi/SP25/ManualPresisi_SP25_trial04.txt,RiseTime_10_90_s,,12.658,,0.01,MISMATCH,One is NaN
Manual Presisi,25.0,4,data/pengujian_final/log_160_trial/manual_presisi/SP25/ManualPresisi_SP25_trial04.txt,SettlingTime_s,,,0.0,0.01,MATCH,Both NaN
Manual Presisi,25.0,4,data/pengujian_final/log_160_trial/manual_presisi/SP25/ManualPresisi_SP25_trial04.txt,BridgingCount,3,3,,EXACT,MATCH,Exact match
Manual Presisi,25.0,4,data/pengujian_final/log_160_trial/manual_presisi/SP25/ManualPresisi_SP25_trial04.txt,WithinTolerance,False,0,,EXACT,MATCH,Exact match
Manual Presisi,25.0,4,data/pengujian_final/log_160_trial/manual_presisi/SP25/ManualPresisi_SP25_trial04.txt,StopReason,TARGET,TARGET,,EXACT,MATCH,Exact match
Manual Presisi,25.0,5,data/pengujian_final/log_160_trial/manual_presisi/SP25/ManualPresisi_SP25_trial05.txt,FinalMass_g,24.9,24.9,0.0,0.01,MATCH,Within tolerance
Manual Presisi,25.0,5,data/pengujian_final/log_160_trial/manual_presisi/SP25/ManualPresisi_SP25_trial05.txt,FinalError_g,-0.10000000000000142,-0.1,1.4155343563970746e-15,0.01,MATCH,Within tolerance
Manual Presisi,25.0,5,data/pengujian_final/log_160_trial/manual_presisi/SP25/ManualPresisi_SP25_trial05.txt,AbsError_pct,0.40000000000000563,0.4,5.6066262743570405e-15,0.01,MATCH,Within tolerance
Manual Presisi,25.0,5,data/pengujian_final/log_160_trial/manual_presisi/SP25/ManualPresisi_SP25_trial05.txt,MaxOvershoot_pct,0.0,0.0,0.0,0.01,MATCH,Within tolerance
Manual Presisi,25.0,5,data/pengujian_final/log_160_trial/manual_presisi/SP25/ManualPresisi_SP25_trial05.txt,Duration_s,40.254,40.25,0.003999999999997783,0.01,MATCH,Within tolerance
Manual Presisi,25.0,5,data/pengujian_final/log_160_trial/manual_presisi/SP25/ManualPresisi_SP25_trial05.txt,RiseTime_10_90_s,,32.288,,0.01,MISMATCH,One is NaN
Manual Presisi,25.0,5,data/pengujian_final/log_160_trial/manual_presisi/SP25/ManualPresisi_SP25_trial05.txt,SettlingTime_s,,39.996,,0.01,MISMATCH,One is NaN
Manual Presisi,25.0,5,data/pengujian_final/log_160_trial/manual_presisi/SP25/ManualPresisi_SP25_trial05.txt,BridgingCount,6,6,,EXACT,MATCH,Exact match
Manual Presisi,25.0,5,data/pengujian_final/log_160_trial/manual_presisi/SP25/ManualPresisi_SP25_trial05.txt,WithinTolerance,True,1,,EXACT,MATCH,Exact match
Manual Presisi,25.0,5,data/pengujian_final/log_160_trial/manual_presisi/SP25/ManualPresisi_SP25_trial05.txt,StopReason,TARGET,TARGET,,EXACT,MATCH,Exact match
Manual Presisi,25.0,6,data/pengujian_final/log_160_trial/manual_presisi/SP25/ManualPresisi_SP25_trial06.txt,FinalMass_g,27.72,27.72,0.0,0.01,MATCH,Within tolerance
Manual Presisi,25.0,6,data/pengujian_final/log_160_trial/manual_presisi/SP25/ManualPresisi_SP25_trial06.txt,FinalError_g,2.719999999999999,2.72,1.3322676295501878e-15,0.01,MATCH,Within tolerance
Manual Presisi,25.0,6,data/pengujian_final/log_160_trial/manual_presisi/SP25/ManualPresisi_SP25_trial06.txt,AbsError_pct,10.879999999999995,10.87,0.009999999999996234,0.01,MATCH,Within tolerance
Manual Presisi,25.0,6,data/pengujian_final/log_160_trial/manual_presisi/SP25/ManualPresisi_SP25_trial06.txt,MaxOvershoot_pct,0.0,10.87,10.87,0.01,MISMATCH,Outside tolerance
Manual Presisi,25.0,6,data/pengujian_final/log_160_trial/manual_presisi/SP25/ManualPresisi_SP25_trial06.txt,Duration_s,45.162,45.16,0.0020000000000024443,0.01,MATCH,Within tolerance
Manual Presisi,25.0,6,data/pengujian_final/log_160_trial/manual_presisi/SP25/ManualPresisi_SP25_trial06.txt,RiseTime_10_90_s,,40.553,,0.01,MISMATCH,One is NaN
Manual Presisi,25.0,6,data/pengujian_final/log_160_trial/manual_presisi/SP25/ManualPresisi_SP25_trial06.txt,SettlingTime_s,,,0.0,0.01,MATCH,Both NaN
Manual Presisi,25.0,6,data/pengujian_final/log_160_trial/manual_presisi/SP25/ManualPresisi_SP25_trial06.txt,BridgingCount,8,8,,EXACT,MATCH,Exact match
Manual Presisi,25.0,6,data/pengujian_final/log_160_trial/manual_presisi/SP25/ManualPresisi_SP25_trial06.txt,WithinTolerance,False,0,,EXACT,MATCH,Exact match
Manual Presisi,25.0,6,data/pengujian_final/log_160_trial/manual_presisi/SP25/ManualPresisi_SP25_trial06.txt,StopReason,TARGET,TARGET,,EXACT,MATCH,Exact match
Manual Presisi,25.0,7,data/pengujian_final/log_160_trial/manual_presisi/SP25/ManualPresisi_SP25_trial07.txt,FinalMass_g,24.67,24.67,0.0,0.01,MATCH,Within tolerance
Manual Presisi,25.0,7,data/pengujian_final/log_160_trial/manual_presisi/SP25/ManualPresisi_SP25_trial07.txt,FinalError_g,-0.3299999999999983,-0.33,1.7208456881689926e-15,0.01,MATCH,Within tolerance
Manual Presisi,25.0,7,data/pengujian_final/log_160_trial/manual_presisi/SP25/ManualPresisi_SP25_trial07.txt,AbsError_pct,1.3199999999999932,1.34,0.0200000000000069,0.01,MISMATCH,Outside tolerance
Manual Presisi,25.0,7,data/pengujian_final/log_160_trial/manual_presisi/SP25/ManualPresisi_SP25_trial07.txt,MaxOvershoot_pct,0.0,0.0,0.0,0.01,MATCH,Within tolerance
Manual Presisi,25.0,7,data/pengujian_final/log_160_trial/manual_presisi/SP25/ManualPresisi_SP25_trial07.txt,Duration_s,51.875,51.88,0.005000000000002558,0.01,MATCH,Within tolerance
Manual Presisi,25.0,7,data/pengujian_final/log_160_trial/manual_presisi/SP25/ManualPresisi_SP25_trial07.txt,RiseTime_10_90_s,,40.293,,0.01,MISMATCH,One is NaN
Manual Presisi,25.0,7,data/pengujian_final/log_160_trial/manual_presisi/SP25/ManualPresisi_SP25_trial07.txt,SettlingTime_s,,48.0,,0.01,MISMATCH,One is NaN
Manual Presisi,25.0,7,data/pengujian_final/log_160_trial/manual_presisi/SP25/ManualPresisi_SP25_trial07.txt,BridgingCount,6,6,,EXACT,MATCH,Exact match
Manual Presisi,25.0,7,data/pengujian_final/log_160_trial/manual_presisi/SP25/ManualPresisi_SP25_trial07.txt,WithinTolerance,True,1,,EXACT,MATCH,Exact match
Manual Presisi,25.0,7,data/pengujian_final/log_160_trial/manual_presisi/SP25/ManualPresisi_SP25_trial07.txt,StopReason,TARGET,TARGET,,EXACT,MATCH,Exact match
Manual Presisi,25.0,8,data/pengujian_final/log_160_trial/manual_presisi/SP25/ManualPresisi_SP25_trial08.txt,FinalMass_g,24.88,24.88,0.0,0.01,MATCH,Within tolerance
Manual Presisi,25.0,8,data/pengujian_final/log_160_trial/manual_presisi/SP25/ManualPresisi_SP25_trial08.txt,FinalError_g,-0.120000000000001,-0.12,9.992007221626409e-16,0.01,MATCH,Within tolerance
Manual Presisi,25.0,8,data/pengujian_final/log_160_trial/manual_presisi/SP25/ManualPresisi_SP25_trial08.txt,AbsError_pct,0.4800000000000039,0.47,0.01000000000000395,0.01,MISMATCH,Outside tolerance
Manual Presisi,25.0,8,data/pengujian_final/log_160_trial/manual_presisi/SP25/ManualPresisi_SP25_trial08.txt,MaxOvershoot_pct,0.0,0.0,0.0,0.01,MATCH,Within tolerance
Manual Presisi,25.0,8,data/pengujian_final/log_160_trial/manual_presisi/SP25/ManualPresisi_SP25_trial08.txt,Duration_s,60.919,60.92,0.0010000000000047748,0.01,MATCH,Within tolerance
Manual Presisi,25.0,8,data/pengujian_final/log_160_trial/manual_presisi/SP25/ManualPresisi_SP25_trial08.txt,RiseTime_10_90_s,,37.196,,0.01,MISMATCH,One is NaN
Manual Presisi,25.0,8,data/pengujian_final/log_160_trial/manual_presisi/SP25/ManualPresisi_SP25_trial08.txt,SettlingTime_s,,54.203,,0.01,MISMATCH,One is NaN
Manual Presisi,25.0,8,data/pengujian_final/log_160_trial/manual_presisi/SP25/ManualPresisi_SP25_trial08.txt,BridgingCount,5,5,,EXACT,MATCH,Exact match
Manual Presisi,25.0,8,data/pengujian_final/log_160_trial/manual_presisi/SP25/ManualPresisi_SP25_trial08.txt,WithinTolerance,True,1,,EXACT,MATCH,Exact match
Manual Presisi,25.0,8,data/pengujian_final/log_160_trial/manual_presisi/SP25/ManualPresisi_SP25_trial08.txt,StopReason,TARGET,TARGET,,EXACT,MATCH,Exact match
Manual Presisi,25.0,9,data/pengujian_final/log_160_trial/manual_presisi/SP25/ManualPresisi_SP25_trial09.txt,FinalMass_g,24.84,24.84,0.0,0.01,MATCH,Within tolerance
Manual Presisi,25.0,9,data/pengujian_final/log_160_trial/manual_presisi/SP25/ManualPresisi_SP25_trial09.txt,FinalError_g,-0.16000000000000014,-0.16,1.3877787807814457e-16,0.01,MATCH,Within tolerance
Manual Presisi,25.0,9,data/pengujian_final/log_160_trial/manual_presisi/SP25/ManualPresisi_SP25_trial09.txt,AbsError_pct,0.6400000000000006,0.65,0.009999999999999454,0.01,MATCH,Within tolerance
Manual Presisi,25.0,9,data/pengujian_final/log_160_trial/manual_presisi/SP25/ManualPresisi_SP25_trial09.txt,MaxOvershoot_pct,0.0,0.0,0.0,0.01,MATCH,Within tolerance
Manual Presisi,25.0,9,data/pengujian_final/log_160_trial/manual_presisi/SP25/ManualPresisi_SP25_trial09.txt,Duration_s,69.187,69.19,0.0030000000000001137,0.01,MATCH,Within tolerance
Manual Presisi,25.0,9,data/pengujian_final/log_160_trial/manual_presisi/SP25/ManualPresisi_SP25_trial09.txt,RiseTime_10_90_s,,55.795,,0.01,MISMATCH,One is NaN
Manual Presisi,25.0,9,data/pengujian_final/log_160_trial/manual_presisi/SP25/ManualPresisi_SP25_trial09.txt,SettlingTime_s,,66.862,,0.01,MISMATCH,One is NaN
Manual Presisi,25.0,9,data/pengujian_final/log_160_trial/manual_presisi/SP25/ManualPresisi_SP25_trial09.txt,BridgingCount,10,10,,EXACT,MATCH,Exact match
Manual Presisi,25.0,9,data/pengujian_final/log_160_trial/manual_presisi/SP25/ManualPresisi_SP25_trial09.txt,WithinTolerance,True,1,,EXACT,MATCH,Exact match
Manual Presisi,25.0,9,data/pengujian_final/log_160_trial/manual_presisi/SP25/ManualPresisi_SP25_trial09.txt,StopReason,TARGET,TARGET,,EXACT,MATCH,Exact match
Manual Presisi,25.0,10,data/pengujian_final/log_160_trial/manual_presisi/SP25/ManualPresisi_SP25_trial10.txt,FinalMass_g,24.77,24.77,0.0,0.01,MATCH,Within tolerance
Manual Presisi,25.0,10,data/pengujian_final/log_160_trial/manual_presisi/SP25/ManualPresisi_SP25_trial10.txt,FinalError_g,-0.23000000000000043,-0.23,4.163336342344337e-16,0.01,MATCH,Within tolerance
Manual Presisi,25.0,10,data/pengujian_final/log_160_trial/manual_presisi/SP25/ManualPresisi_SP25_trial10.txt,AbsError_pct,0.9200000000000017,0.91,0.010000000000001674,0.01,MISMATCH,Outside tolerance
Manual Presisi,25.0,10,data/pengujian_final/log_160_trial/manual_presisi/SP25/ManualPresisi_SP25_trial10.txt,MaxOvershoot_pct,0.0,0.0,0.0,0.01,MATCH,Within tolerance
Manual Presisi,25.0,10,data/pengujian_final/log_160_trial/manual_presisi/SP25/ManualPresisi_SP25_trial10.txt,Duration_s,83.656,83.66,0.003999999999990678,0.01,MATCH,Within tolerance
Manual Presisi,25.0,10,data/pengujian_final/log_160_trial/manual_presisi/SP25/ManualPresisi_SP25_trial10.txt,RiseTime_10_90_s,,49.597,,0.01,MISMATCH,One is NaN
Manual Presisi,25.0,10,data/pengujian_final/log_160_trial/manual_presisi/SP25/ManualPresisi_SP25_trial10.txt,SettlingTime_s,,79.006,,0.01,MISMATCH,One is NaN
Manual Presisi,25.0,10,data/pengujian_final/log_160_trial/manual_presisi/SP25/ManualPresisi_SP25_trial10.txt,BridgingCount,10,10,,EXACT,MATCH,Exact match
Manual Presisi,25.0,10,data/pengujian_final/log_160_trial/manual_presisi/SP25/ManualPresisi_SP25_trial10.txt,WithinTolerance,True,1,,EXACT,MATCH,Exact match
Manual Presisi,25.0,10,data/pengujian_final/log_160_trial/manual_presisi/SP25/ManualPresisi_SP25_trial10.txt,StopReason,TARGET,TARGET,,EXACT,MATCH,Exact match
Manual Presisi,30.0,1,data/pengujian_final/log_160_trial/manual_presisi/SP30/ManualPresisi_SP30_trial01.txt,FinalMass_g,31.11,31.11,0.0,0.01,MATCH,Within tolerance
Manual Presisi,30.0,1,data/pengujian_final/log_160_trial/manual_presisi/SP30/ManualPresisi_SP30_trial01.txt,FinalError_g,1.1099999999999994,1.11,6.661338147750939e-16,0.01,MATCH,Within tolerance
Manual Presisi,30.0,1,data/pengujian_final/log_160_trial/manual_presisi/SP30/ManualPresisi_SP30_trial01.txt,AbsError_pct,3.6999999999999984,3.69,0.009999999999998455,0.01,MATCH,Within tolerance
Manual Presisi,30.0,1,data/pengujian_final/log_160_trial/manual_presisi/SP30/ManualPresisi_SP30_trial01.txt,MaxOvershoot_pct,0.0,3.69,3.69,0.01,MISMATCH,Outside tolerance
Manual Presisi,30.0,1,data/pengujian_final/log_160_trial/manual_presisi/SP30/ManualPresisi_SP30_trial01.txt,Duration_s,72.799,72.8,0.000999999999990564,0.01,MATCH,Within tolerance
Manual Presisi,30.0,1,data/pengujian_final/log_160_trial/manual_presisi/SP30/ManualPresisi_SP30_trial01.txt,RiseTime_10_90_s,,63.283,,0.01,MISMATCH,One is NaN
Manual Presisi,30.0,1,data/pengujian_final/log_160_trial/manual_presisi/SP30/ManualPresisi_SP30_trial01.txt,SettlingTime_s,,72.541,,0.01,MISMATCH,One is NaN
Manual Presisi,30.0,1,data/pengujian_final/log_160_trial/manual_presisi/SP30/ManualPresisi_SP30_trial01.txt,BridgingCount,11,11,,EXACT,MATCH,Exact match
Manual Presisi,30.0,1,data/pengujian_final/log_160_trial/manual_presisi/SP30/ManualPresisi_SP30_trial01.txt,WithinTolerance,True,1,,EXACT,MATCH,Exact match
Manual Presisi,30.0,1,data/pengujian_final/log_160_trial/manual_presisi/SP30/ManualPresisi_SP30_trial01.txt,StopReason,TARGET,TARGET,,EXACT,MATCH,Exact match
Manual Presisi,30.0,2,data/pengujian_final/log_160_trial/manual_presisi/SP30/ManualPresisi_SP30_trial02.txt,FinalMass_g,30.14,30.14,0.0,0.01,MATCH,Within tolerance
Manual Presisi,30.0,2,data/pengujian_final/log_160_trial/manual_presisi/SP30/ManualPresisi_SP30_trial02.txt,FinalError_g,0.14000000000000057,0.14,5.551115123125783e-16,0.01,MATCH,Within tolerance
Manual Presisi,30.0,2,data/pengujian_final/log_160_trial/manual_presisi/SP30/ManualPresisi_SP30_trial02.txt,AbsError_pct,0.4666666666666685,0.47,0.0033333333333314674,0.01,MATCH,Within tolerance
Manual Presisi,30.0,2,data/pengujian_final/log_160_trial/manual_presisi/SP30/ManualPresisi_SP30_trial02.txt,MaxOvershoot_pct,0.0,0.47,0.47,0.01,MISMATCH,Outside tolerance
Manual Presisi,30.0,2,data/pengujian_final/log_160_trial/manual_presisi/SP30/ManualPresisi_SP30_trial02.txt,Duration_s,52.395,52.4,0.0049999999999954525,0.01,MATCH,Within tolerance
Manual Presisi,30.0,2,data/pengujian_final/log_160_trial/manual_presisi/SP30/ManualPresisi_SP30_trial02.txt,RiseTime_10_90_s,,30.48,,0.01,MISMATCH,One is NaN
Manual Presisi,30.0,2,data/pengujian_final/log_160_trial/manual_presisi/SP30/ManualPresisi_SP30_trial02.txt,SettlingTime_s,,50.071,,0.01,MISMATCH,One is NaN
Manual Presisi,30.0,2,data/pengujian_final/log_160_trial/manual_presisi/SP30/ManualPresisi_SP30_trial02.txt,BridgingCount,4,4,,EXACT,MATCH,Exact match
Manual Presisi,30.0,2,data/pengujian_final/log_160_trial/manual_presisi/SP30/ManualPresisi_SP30_trial02.txt,WithinTolerance,True,1,,EXACT,MATCH,Exact match
Manual Presisi,30.0,2,data/pengujian_final/log_160_trial/manual_presisi/SP30/ManualPresisi_SP30_trial02.txt,StopReason,TARGET,TARGET,,EXACT,MATCH,Exact match
Manual Presisi,30.0,3,data/pengujian_final/log_160_trial/manual_presisi/SP30/ManualPresisi_SP30_trial03.txt,FinalMass_g,30.0,30.0,0.0,0.01,MATCH,Within tolerance
Manual Presisi,30.0,3,data/pengujian_final/log_160_trial/manual_presisi/SP30/ManualPresisi_SP30_trial03.txt,FinalError_g,0.0,0.0,0.0,0.01,MATCH,Within tolerance
Manual Presisi,30.0,3,data/pengujian_final/log_160_trial/manual_presisi/SP30/ManualPresisi_SP30_trial03.txt,AbsError_pct,0.0,0.01,0.01,0.01,MATCH,Within tolerance
Manual Presisi,30.0,3,data/pengujian_final/log_160_trial/manual_presisi/SP30/ManualPresisi_SP30_trial03.txt,MaxOvershoot_pct,0.0,0.01,0.01,0.01,MATCH,Within tolerance
Manual Presisi,30.0,3,data/pengujian_final/log_160_trial/manual_presisi/SP30/ManualPresisi_SP30_trial03.txt,Duration_s,51.88,51.88,0.0,0.01,MATCH,Within tolerance
Manual Presisi,30.0,3,data/pengujian_final/log_160_trial/manual_presisi/SP30/ManualPresisi_SP30_trial03.txt,RiseTime_10_90_s,,43.912,,0.01,MISMATCH,One is NaN
Manual Presisi,30.0,3,data/pengujian_final/log_160_trial/manual_presisi/SP30/ManualPresisi_SP30_trial03.txt,SettlingTime_s,,51.363,,0.01,MISMATCH,One is NaN
Manual Presisi,30.0,3,data/pengujian_final/log_160_trial/manual_presisi/SP30/ManualPresisi_SP30_trial03.txt,BridgingCount,6,6,,EXACT,MATCH,Exact match
Manual Presisi,30.0,3,data/pengujian_final/log_160_trial/manual_presisi/SP30/ManualPresisi_SP30_trial03.txt,WithinTolerance,True,1,,EXACT,MATCH,Exact match
Manual Presisi,30.0,3,data/pengujian_final/log_160_trial/manual_presisi/SP30/ManualPresisi_SP30_trial03.txt,StopReason,TARGET,TARGET,,EXACT,MATCH,Exact match
Manual Presisi,30.0,4,data/pengujian_final/log_160_trial/manual_presisi/SP30/ManualPresisi_SP30_trial04.txt,FinalMass_g,30.46,30.46,0.0,0.01,MATCH,Within tolerance
Manual Presisi,30.0,4,data/pengujian_final/log_160_trial/manual_presisi/SP30/ManualPresisi_SP30_trial04.txt,FinalError_g,0.46000000000000085,0.46,8.326672684688674e-16,0.01,MATCH,Within tolerance
Manual Presisi,30.0,4,data/pengujian_final/log_160_trial/manual_presisi/SP30/ManualPresisi_SP30_trial04.txt,AbsError_pct,1.533333333333336,1.53,0.003333333333336075,0.01,MATCH,Within tolerance
Manual Presisi,30.0,4,data/pengujian_final/log_160_trial/manual_presisi/SP30/ManualPresisi_SP30_trial04.txt,MaxOvershoot_pct,0.0,1.53,1.53,0.01,MISMATCH,Outside tolerance
Manual Presisi,30.0,4,data/pengujian_final/log_160_trial/manual_presisi/SP30/ManualPresisi_SP30_trial04.txt,Duration_s,44.129,44.13,0.0010000000000047748,0.01,MATCH,Within tolerance
Manual Presisi,30.0,4,data/pengujian_final/log_160_trial/manual_presisi/SP30/ManualPresisi_SP30_trial04.txt,RiseTime_10_90_s,,22.472,,0.01,MISMATCH,One is NaN
Manual Presisi,30.0,4,data/pengujian_final/log_160_trial/manual_presisi/SP30/ManualPresisi_SP30_trial04.txt,SettlingTime_s,,41.805,,0.01,MISMATCH,One is NaN
Manual Presisi,30.0,4,data/pengujian_final/log_160_trial/manual_presisi/SP30/ManualPresisi_SP30_trial04.txt,BridgingCount,4,4,,EXACT,MATCH,Exact match
Manual Presisi,30.0,4,data/pengujian_final/log_160_trial/manual_presisi/SP30/ManualPresisi_SP30_trial04.txt,WithinTolerance,True,1,,EXACT,MATCH,Exact match
Manual Presisi,30.0,4,data/pengujian_final/log_160_trial/manual_presisi/SP30/ManualPresisi_SP30_trial04.txt,StopReason,TARGET,TARGET,,EXACT,MATCH,Exact match
Manual Presisi,30.0,5,data/pengujian_final/log_160_trial/manual_presisi/SP30/ManualPresisi_SP30_trial05.txt,FinalMass_g,32.24,32.24,0.0,0.01,MATCH,Within tolerance
Manual Presisi,30.0,5,data/pengujian_final/log_160_trial/manual_presisi/SP30/ManualPresisi_SP30_trial05.txt,FinalError_g,2.240000000000002,2.24,1.7763568394002505e-15,0.01,MATCH,Within tolerance
Manual Presisi,30.0,5,data/pengujian_final/log_160_trial/manual_presisi/SP30/ManualPresisi_SP30_trial05.txt,AbsError_pct,7.466666666666673,7.46,0.006666666666673038,0.01,MATCH,Within tolerance
Manual Presisi,30.0,5,data/pengujian_final/log_160_trial/manual_presisi/SP30/ManualPresisi_SP30_trial05.txt,MaxOvershoot_pct,0.0,7.46,7.46,0.01,MISMATCH,Outside tolerance
Manual Presisi,30.0,5,data/pengujian_final/log_160_trial/manual_presisi/SP30/ManualPresisi_SP30_trial05.txt,Duration_s,81.581,81.58,0.0010000000000047748,0.01,MATCH,Within tolerance
Manual Presisi,30.0,5,data/pengujian_final/log_160_trial/manual_presisi/SP30/ManualPresisi_SP30_trial05.txt,RiseTime_10_90_s,,65.091,,0.01,MISMATCH,One is NaN
Manual Presisi,30.0,5,data/pengujian_final/log_160_trial/manual_presisi/SP30/ManualPresisi_SP30_trial05.txt,SettlingTime_s,,,0.0,0.01,MATCH,Both NaN
Manual Presisi,30.0,5,data/pengujian_final/log_160_trial/manual_presisi/SP30/ManualPresisi_SP30_trial05.txt,BridgingCount,16,16,,EXACT,MATCH,Exact match
Manual Presisi,30.0,5,data/pengujian_final/log_160_trial/manual_presisi/SP30/ManualPresisi_SP30_trial05.txt,WithinTolerance,False,0,,EXACT,MATCH,Exact match
Manual Presisi,30.0,5,data/pengujian_final/log_160_trial/manual_presisi/SP30/ManualPresisi_SP30_trial05.txt,StopReason,TARGET,TARGET,,EXACT,MATCH,Exact match
Manual Presisi,30.0,6,data/pengujian_final/log_160_trial/manual_presisi/SP30/ManualPresisi_SP30_trial06.txt,FinalMass_g,31.33,31.33,0.0,0.01,MATCH,Within tolerance
Manual Presisi,30.0,6,data/pengujian_final/log_160_trial/manual_presisi/SP30/ManualPresisi_SP30_trial06.txt,FinalError_g,1.3299999999999983,1.33,1.7763568394002505e-15,0.01,MATCH,Within tolerance
Manual Presisi,30.0,6,data/pengujian_final/log_160_trial/manual_presisi/SP30/ManualPresisi_SP30_trial06.txt,AbsError_pct,4.433333333333327,4.42,0.013333333333327424,0.01,MISMATCH,Outside tolerance
Manual Presisi,30.0,6,data/pengujian_final/log_160_trial/manual_presisi/SP30/ManualPresisi_SP30_trial06.txt,MaxOvershoot_pct,0.0,4.42,4.42,0.01,MISMATCH,Outside tolerance
Manual Presisi,30.0,6,data/pengujian_final/log_160_trial/manual_presisi/SP30/ManualPresisi_SP30_trial06.txt,Duration_s,62.721,62.72,0.0009999999999976694,0.01,MATCH,Within tolerance
Manual Presisi,30.0,6,data/pengujian_final/log_160_trial/manual_presisi/SP30/ManualPresisi_SP30_trial06.txt,RiseTime_10_90_s,,43.39,,0.01,MISMATCH,One is NaN
Manual Presisi,30.0,6,data/pengujian_final/log_160_trial/manual_presisi/SP30/ManualPresisi_SP30_trial06.txt,SettlingTime_s,,57.039,,0.01,MISMATCH,One is NaN
Manual Presisi,30.0,6,data/pengujian_final/log_160_trial/manual_presisi/SP30/ManualPresisi_SP30_trial06.txt,BridgingCount,7,7,,EXACT,MATCH,Exact match
Manual Presisi,30.0,6,data/pengujian_final/log_160_trial/manual_presisi/SP30/ManualPresisi_SP30_trial06.txt,WithinTolerance,True,1,,EXACT,MATCH,Exact match
Manual Presisi,30.0,6,data/pengujian_final/log_160_trial/manual_presisi/SP30/ManualPresisi_SP30_trial06.txt,StopReason,TARGET,TARGET,,EXACT,MATCH,Exact match
Manual Presisi,30.0,7,data/pengujian_final/log_160_trial/manual_presisi/SP30/ManualPresisi_SP30_trial07.txt,FinalMass_g,37.25,37.25,0.0,0.01,MATCH,Within tolerance
Manual Presisi,30.0,7,data/pengujian_final/log_160_trial/manual_presisi/SP30/ManualPresisi_SP30_trial07.txt,FinalError_g,7.25,7.25,0.0,0.01,MATCH,Within tolerance
Manual Presisi,30.0,7,data/pengujian_final/log_160_trial/manual_presisi/SP30/ManualPresisi_SP30_trial07.txt,AbsError_pct,24.166666666666668,24.18,0.013333333333331865,0.01,MISMATCH,Outside tolerance
Manual Presisi,30.0,7,data/pengujian_final/log_160_trial/manual_presisi/SP30/ManualPresisi_SP30_trial07.txt,MaxOvershoot_pct,0.0,24.18,24.18,0.01,MISMATCH,Outside tolerance
Manual Presisi,30.0,7,data/pengujian_final/log_160_trial/manual_presisi/SP30/ManualPresisi_SP30_trial07.txt,Duration_s,82.094,82.09,0.003999999999990678,0.01,MATCH,Within tolerance
Manual Presisi,30.0,7,data/pengujian_final/log_160_trial/manual_presisi/SP30/ManualPresisi_SP30_trial07.txt,RiseTime_10_90_s,,75.42,,0.01,MISMATCH,One is NaN
Manual Presisi,30.0,7,data/pengujian_final/log_160_trial/manual_presisi/SP30/ManualPresisi_SP30_trial07.txt,SettlingTime_s,,,0.0,0.01,MATCH,Both NaN
Manual Presisi,30.0,7,data/pengujian_final/log_160_trial/manual_presisi/SP30/ManualPresisi_SP30_trial07.txt,BridgingCount,13,13,,EXACT,MATCH,Exact match
Manual Presisi,30.0,7,data/pengujian_final/log_160_trial/manual_presisi/SP30/ManualPresisi_SP30_trial07.txt,WithinTolerance,False,0,,EXACT,MATCH,Exact match
Manual Presisi,30.0,7,data/pengujian_final/log_160_trial/manual_presisi/SP30/ManualPresisi_SP30_trial07.txt,StopReason,TARGET,TARGET,,EXACT,MATCH,Exact match
Manual Presisi,30.0,8,data/pengujian_final/log_160_trial/manual_presisi/SP30/ManualPresisi_SP30_trial08.txt,FinalMass_g,29.96,29.96,0.0,0.01,MATCH,Within tolerance
Manual Presisi,30.0,8,data/pengujian_final/log_160_trial/manual_presisi/SP30/ManualPresisi_SP30_trial08.txt,FinalError_g,-0.03999999999999915,-0.04,8.534839501805891e-16,0.01,MATCH,Within tolerance
Manual Presisi,30.0,8,data/pengujian_final/log_160_trial/manual_presisi/SP30/ManualPresisi_SP30_trial08.txt,AbsError_pct,0.1333333333333305,0.15,0.016666666666669494,0.01,MISMATCH,Outside tolerance
Manual Presisi,30.0,8,data/pengujian_final/log_160_trial/manual_presisi/SP30/ManualPresisi_SP30_trial08.txt,MaxOvershoot_pct,0.0,0.0,0.0,0.01,MATCH,Within tolerance
Manual Presisi,30.0,8,data/pengujian_final/log_160_trial/manual_presisi/SP30/ManualPresisi_SP30_trial08.txt,Duration_s,42.062,42.06,0.001999999999995339,0.01,MATCH,Within tolerance
Manual Presisi,30.0,8,data/pengujian_final/log_160_trial/manual_presisi/SP30/ManualPresisi_SP30_trial08.txt,RiseTime_10_90_s,,34.096,,0.01,MISMATCH,One is NaN
Manual Presisi,30.0,8,data/pengujian_final/log_160_trial/manual_presisi/SP30/ManualPresisi_SP30_trial08.txt,SettlingTime_s,,41.546,,0.01,MISMATCH,One is NaN
Manual Presisi,30.0,8,data/pengujian_final/log_160_trial/manual_presisi/SP30/ManualPresisi_SP30_trial08.txt,BridgingCount,5,5,,EXACT,MATCH,Exact match
Manual Presisi,30.0,8,data/pengujian_final/log_160_trial/manual_presisi/SP30/ManualPresisi_SP30_trial08.txt,WithinTolerance,True,1,,EXACT,MATCH,Exact match
Manual Presisi,30.0,8,data/pengujian_final/log_160_trial/manual_presisi/SP30/ManualPresisi_SP30_trial08.txt,StopReason,TARGET,TARGET,,EXACT,MATCH,Exact match
Manual Presisi,30.0,9,data/pengujian_final/log_160_trial/manual_presisi/SP30/ManualPresisi_SP30_trial09.txt,FinalMass_g,29.65,29.65,0.0,0.01,MATCH,Within tolerance
Manual Presisi,30.0,9,data/pengujian_final/log_160_trial/manual_presisi/SP30/ManualPresisi_SP30_trial09.txt,FinalError_g,-0.3500000000000014,-0.35,1.4432899320127035e-15,0.01,MATCH,Within tolerance
Manual Presisi,30.0,9,data/pengujian_final/log_160_trial/manual_presisi/SP30/ManualPresisi_SP30_trial09.txt,AbsError_pct,1.1666666666666714,1.16,0.0066666666666714836,0.01,MATCH,Within tolerance
Manual Presisi,30.0,9,data/pengujian_final/log_160_trial/manual_presisi/SP30/ManualPresisi_SP30_trial09.txt,MaxOvershoot_pct,0.0,0.0,0.0,0.01,MATCH,Within tolerance
Manual Presisi,30.0,9,data/pengujian_final/log_160_trial/manual_presisi/SP30/ManualPresisi_SP30_trial09.txt,Duration_s,56.007,56.01,0.0030000000000001137,0.01,MATCH,Within tolerance
Manual Presisi,30.0,9,data/pengujian_final/log_160_trial/manual_presisi/SP30/ManualPresisi_SP30_trial09.txt,RiseTime_10_90_s,,46.491,,0.01,MISMATCH,One is NaN
Manual Presisi,30.0,9,data/pengujian_final/log_160_trial/manual_presisi/SP30/ManualPresisi_SP30_trial09.txt,SettlingTime_s,,53.941,,0.01,MISMATCH,One is NaN
Manual Presisi,30.0,9,data/pengujian_final/log_160_trial/manual_presisi/SP30/ManualPresisi_SP30_trial09.txt,BridgingCount,8,8,,EXACT,MATCH,Exact match
Manual Presisi,30.0,9,data/pengujian_final/log_160_trial/manual_presisi/SP30/ManualPresisi_SP30_trial09.txt,WithinTolerance,True,1,,EXACT,MATCH,Exact match
Manual Presisi,30.0,9,data/pengujian_final/log_160_trial/manual_presisi/SP30/ManualPresisi_SP30_trial09.txt,StopReason,TARGET,TARGET,,EXACT,MATCH,Exact match
Manual Presisi,30.0,10,data/pengujian_final/log_160_trial/manual_presisi/SP30/ManualPresisi_SP30_trial10.txt,FinalMass_g,31.59,31.59,0.0,0.01,MATCH,Within tolerance
Manual Presisi,30.0,10,data/pengujian_final/log_160_trial/manual_presisi/SP30/ManualPresisi_SP30_trial10.txt,FinalError_g,1.5899999999999999,1.59,2.220446049250313e-16,0.01,MATCH,Within tolerance
Manual Presisi,30.0,10,data/pengujian_final/log_160_trial/manual_presisi/SP30/ManualPresisi_SP30_trial10.txt,AbsError_pct,5.3,5.29,0.009999999999999787,0.01,MATCH,Within tolerance
Manual Presisi,30.0,10,data/pengujian_final/log_160_trial/manual_presisi/SP30/ManualPresisi_SP30_trial10.txt,MaxOvershoot_pct,0.0,5.29,5.29,0.01,MISMATCH,Outside tolerance
Manual Presisi,30.0,10,data/pengujian_final/log_160_trial/manual_presisi/SP30/ManualPresisi_SP30_trial10.txt,Duration_s,72.798,72.8,0.001999999999995339,0.01,MATCH,Within tolerance
Manual Presisi,30.0,10,data/pengujian_final/log_160_trial/manual_presisi/SP30/ManualPresisi_SP30_trial10.txt,RiseTime_10_90_s,,55.79,,0.01,MISMATCH,One is NaN
Manual Presisi,30.0,10,data/pengujian_final/log_160_trial/manual_presisi/SP30/ManualPresisi_SP30_trial10.txt,SettlingTime_s,,,0.0,0.01,MATCH,Both NaN
Manual Presisi,30.0,10,data/pengujian_final/log_160_trial/manual_presisi/SP30/ManualPresisi_SP30_trial10.txt,BridgingCount,11,11,,EXACT,MATCH,Exact match
Manual Presisi,30.0,10,data/pengujian_final/log_160_trial/manual_presisi/SP30/ManualPresisi_SP30_trial10.txt,WithinTolerance,False,0,,EXACT,MATCH,Exact match
Manual Presisi,30.0,10,data/pengujian_final/log_160_trial/manual_presisi/SP30/ManualPresisi_SP30_trial10.txt,StopReason,TARGET,TARGET,,EXACT,MATCH,Exact match
